2026-06-20 00:00:51 [scheduling-1] INFO  c.p.b.m.aspect.LoggingAspect - [76248f86-8315-4e8e-b224-d02c30da9390] --> PendingSignupCleanupService.deleteExpiredPendingSignups()
2026-06-20 00:00:51 [scheduling-1] DEBUG org.hibernate.SQL - 
    /* SELECT
        p 
    FROM
        PendingSignup p 
    WHERE
        p.expiryTime < :time */ select
            ps1_0.id,
            ps1_0.email,
            ps1_0.expiry_time,
            ps1_0.otp,
            ps1_0.password,
            ps1_0.username 
        from
            pending_signup ps1_0 
        where
            ps1_0.expiry_time<?
2026-06-20 00:00:51 [scheduling-1] INFO  c.p.b.m.aspect.LoggingAspect - [76248f86-8315-4e8e-b224-d02c30da9390] <-- PendingSignupCleanupService.deleteExpiredPendingSignups() | timeMs=6
2026-06-20 00:01:51 [scheduling-1] INFO  c.p.b.m.aspect.LoggingAspect - [e4a35e2b-b882-4215-8f86-00bdf2750289] --> PendingSignupCleanupService.deleteExpiredPendingSignups()
2026-06-20 00:01:51 [scheduling-1] DEBUG org.hibernate.SQL - 
    /* SELECT
        p 
    FROM
        PendingSignup p 
    WHERE
        p.expiryTime < :time */ select
            ps1_0.id,
            ps1_0.email,
            ps1_0.expiry_time,
            ps1_0.otp,
            ps1_0.password,
            ps1_0.username 
        from
            pending_signup ps1_0 
        where
            ps1_0.expiry_time<?
2026-06-20 00:01:51 [scheduling-1] INFO  c.p.b.m.aspect.LoggingAspect - [e4a35e2b-b882-4215-8f86-00bdf2750289] <-- PendingSignupCleanupService.deleteExpiredPendingSignups() | timeMs=1
2026-06-20 00:02:51 [scheduling-1] INFO  c.p.b.m.aspect.LoggingAspect - [fe1ba3a0-1a62-49a6-87a5-beb733e34a1d] --> PendingSignupCleanupService.deleteExpiredPendingSignups()
2026-06-20 00:02:51 [scheduling-1] DEBUG org.hibernate.SQL - 
    /* SELECT
        p 
    FROM
        PendingSignup p 
    WHERE
        p.expiryTime < :time */ select
            ps1_0.id,
            ps1_0.email,
            ps1_0.expiry_time,
            ps1_0.otp,
            ps1_0.password,
            ps1_0.username 
        from
            pending_signup ps1_0 
        where
            ps1_0.expiry_time<?
2026-06-20 00:02:51 [scheduling-1] INFO  c.p.b.m.aspect.LoggingAspect - [fe1ba3a0-1a62-49a6-87a5-beb733e34a1d] <-- PendingSignupCleanupService.deleteExpiredPendingSignups() | timeMs=1
2026-06-20 00:03:51 [scheduling-1] INFO  c.p.b.m.aspect.LoggingAspect - [cba9c0d1-f387-4fbb-acec-123558c95504] --> PendingSignupCleanupService.deleteExpiredPendingSignups()
2026-06-20 00:03:51 [scheduling-1] DEBUG org.hibernate.SQL - 
    /* SELECT
        p 
    FROM
        PendingSignup p 
    WHERE
        p.expiryTime < :time */ select
            ps1_0.id,
            ps1_0.email,
            ps1_0.expiry_time,
            ps1_0.otp,
            ps1_0.password,
            ps1_0.username 
        from
            pending_signup ps1_0 
        where
            ps1_0.expiry_time<?
2026-06-20 00:03:51 [scheduling-1] INFO  c.p.b.m.aspect.LoggingAspect - [cba9c0d1-f387-4fbb-acec-123558c95504] <-- PendingSignupCleanupService.deleteExpiredPendingSignups() | timeMs=1
2026-06-20 00:04:51 [scheduling-1] INFO  c.p.b.m.aspect.LoggingAspect - [501aba7a-3a45-4687-9e64-9b770bd0371c] --> PendingSignupCleanupService.deleteExpiredPendingSignups()
2026-06-20 00:04:51 [scheduling-1] DEBUG org.hibernate.SQL - 
    /* SELECT
        p 
    FROM
        PendingSignup p 
    WHERE
        p.expiryTime < :time */ select
            ps1_0.id,
            ps1_0.email,
            ps1_0.expiry_time,
            ps1_0.otp,
            ps1_0.password,
            ps1_0.username 
        from
            pending_signup ps1_0 
        where
            ps1_0.expiry_time<?
2026-06-20 00:04:51 [scheduling-1] INFO  c.p.b.m.aspect.LoggingAspect - [501aba7a-3a45-4687-9e64-9b770bd0371c] <-- PendingSignupCleanupService.deleteExpiredPendingSignups() | timeMs=1
2026-06-20 00:05:51 [scheduling-1] INFO  c.p.b.m.aspect.LoggingAspect - [f0ba77e3-41b7-4d66-97cf-5d62a72dcbbb] --> PendingSignupCleanupService.deleteExpiredPendingSignups()
2026-06-20 00:05:51 [scheduling-1] DEBUG org.hibernate.SQL - 
    /* SELECT
        p 
    FROM
        PendingSignup p 
    WHERE
        p.expiryTime < :time */ select
            ps1_0.id,
            ps1_0.email,
            ps1_0.expiry_time,
            ps1_0.otp,
            ps1_0.password,
            ps1_0.username 
        from
            pending_signup ps1_0 
        where
            ps1_0.expiry_time<?
2026-06-20 00:05:51 [scheduling-1] INFO  c.p.b.m.aspect.LoggingAspect - [f0ba77e3-41b7-4d66-97cf-5d62a72dcbbb] <-- PendingSignupCleanupService.deleteExpiredPendingSignups() | timeMs=1
2026-06-20 00:06:51 [scheduling-1] INFO  c.p.b.m.aspect.LoggingAspect - [5bb98aab-10ec-4ef7-9862-4d712fffd9b6] --> PendingSignupCleanupService.deleteExpiredPendingSignups()
2026-06-20 00:06:51 [scheduling-1] DEBUG org.hibernate.SQL - 
    /* SELECT
        p 
    FROM
        PendingSignup p 
    WHERE
        p.expiryTime < :time */ select
            ps1_0.id,
            ps1_0.email,
            ps1_0.expiry_time,
            ps1_0.otp,
            ps1_0.password,
            ps1_0.username 
        from
            pending_signup ps1_0 
        where
            ps1_0.expiry_time<?
2026-06-20 00:06:51 [scheduling-1] INFO  c.p.b.m.aspect.LoggingAspect - [5bb98aab-10ec-4ef7-9862-4d712fffd9b6] <-- PendingSignupCleanupService.deleteExpiredPendingSignups() | timeMs=1
2026-06-20 00:07:51 [scheduling-1] INFO  c.p.b.m.aspect.LoggingAspect - [b1552dfd-8744-492b-9b9c-e5f6b8df032b] --> PendingSignupCleanupService.deleteExpiredPendingSignups()
2026-06-20 00:07:51 [scheduling-1] DEBUG org.hibernate.SQL - 
    /* SELECT
        p 
    FROM
        PendingSignup p 
    WHERE
        p.expiryTime < :time */ select
            ps1_0.id,
            ps1_0.email,
            ps1_0.expiry_time,
            ps1_0.otp,
            ps1_0.password,
            ps1_0.username 
        from
            pending_signup ps1_0 
        where
            ps1_0.expiry_time<?
2026-06-20 00:07:51 [scheduling-1] INFO  c.p.b.m.aspect.LoggingAspect - [b1552dfd-8744-492b-9b9c-e5f6b8df032b] <-- PendingSignupCleanupService.deleteExpiredPendingSignups() | timeMs=1
2026-06-20 00:08:51 [scheduling-1] INFO  c.p.b.m.aspect.LoggingAspect - [001e978c-d648-4c09-9f00-ccc3e9a111fa] --> PendingSignupCleanupService.deleteExpiredPendingSignups()
2026-06-20 00:08:51 [scheduling-1] DEBUG org.hibernate.SQL - 
    /* SELECT
        p 
    FROM
        PendingSignup p 
    WHERE
        p.expiryTime < :time */ select
            ps1_0.id,
            ps1_0.email,
            ps1_0.expiry_time,
            ps1_0.otp,
            ps1_0.password,
            ps1_0.username 
        from
            pending_signup ps1_0 
        where
            ps1_0.expiry_time<?
2026-06-20 00:08:51 [scheduling-1] INFO  c.p.b.m.aspect.LoggingAspect - [001e978c-d648-4c09-9f00-ccc3e9a111fa] <-- PendingSignupCleanupService.deleteExpiredPendingSignups() | timeMs=1
2026-06-20 00:09:51 [scheduling-1] INFO  c.p.b.m.aspect.LoggingAspect - [2740e178-69a7-435f-8bc6-360af0f7651e] --> PendingSignupCleanupService.deleteExpiredPendingSignups()
2026-06-20 00:09:51 [scheduling-1] DEBUG org.hibernate.SQL - 
    /* SELECT
        p 
    FROM
        PendingSignup p 
    WHERE
        p.expiryTime < :time */ select
            ps1_0.id,
            ps1_0.email,
            ps1_0.expiry_time,
            ps1_0.otp,
            ps1_0.password,
            ps1_0.username 
        from
            pending_signup ps1_0 
        where
            ps1_0.expiry_time<?
2026-06-20 00:09:51 [scheduling-1] INFO  c.p.b.m.aspect.LoggingAspect - [2740e178-69a7-435f-8bc6-360af0f7651e] <-- PendingSignupCleanupService.deleteExpiredPendingSignups() | timeMs=1
2026-06-20 00:10:51 [scheduling-1] INFO  c.p.b.m.aspect.LoggingAspect - [98ef35f3-aeec-47eb-838b-21a6f0c5beb3] --> PendingSignupCleanupService.deleteExpiredPendingSignups()
2026-06-20 00:10:51 [scheduling-1] DEBUG org.hibernate.SQL - 
    /* SELECT
        p 
    FROM
        PendingSignup p 
    WHERE
        p.expiryTime < :time */ select
            ps1_0.id,
            ps1_0.email,
            ps1_0.expiry_time,
            ps1_0.otp,
            ps1_0.password,
            ps1_0.username 
        from
            pending_signup ps1_0 
        where
            ps1_0.expiry_time<?
2026-06-20 00:10:51 [scheduling-1] INFO  c.p.b.m.aspect.LoggingAspect - [98ef35f3-aeec-47eb-838b-21a6f0c5beb3] <-- PendingSignupCleanupService.deleteExpiredPendingSignups() | timeMs=1
2026-06-20 00:11:51 [scheduling-1] INFO  c.p.b.m.aspect.LoggingAspect - [53d53934-bb36-4dfd-adb1-6e97c34bd07c] --> PendingSignupCleanupService.deleteExpiredPendingSignups()
2026-06-20 00:11:51 [scheduling-1] DEBUG org.hibernate.SQL - 
    /* SELECT
        p 
    FROM
        PendingSignup p 
    WHERE
        p.expiryTime < :time */ select
            ps1_0.id,
            ps1_0.email,
            ps1_0.expiry_time,
            ps1_0.otp,
            ps1_0.password,
            ps1_0.username 
        from
            pending_signup ps1_0 
        where
            ps1_0.expiry_time<?
2026-06-20 00:11:51 [scheduling-1] INFO  c.p.b.m.aspect.LoggingAspect - [53d53934-bb36-4dfd-adb1-6e97c34bd07c] <-- PendingSignupCleanupService.deleteExpiredPendingSignups() | timeMs=1
2026-06-20 00:12:51 [scheduling-1] INFO  c.p.b.m.aspect.LoggingAspect - [a2497c0f-57f2-4928-a150-b76af59afa3c] --> PendingSignupCleanupService.deleteExpiredPendingSignups()
2026-06-20 00:12:51 [scheduling-1] DEBUG org.hibernate.SQL - 
    /* SELECT
        p 
    FROM
        PendingSignup p 
    WHERE
        p.expiryTime < :time */ select
            ps1_0.id,
            ps1_0.email,
            ps1_0.expiry_time,
            ps1_0.otp,
            ps1_0.password,
            ps1_0.username 
        from
            pending_signup ps1_0 
        where
            ps1_0.expiry_time<?
2026-06-20 00:12:51 [scheduling-1] INFO  c.p.b.m.aspect.LoggingAspect - [a2497c0f-57f2-4928-a150-b76af59afa3c] <-- PendingSignupCleanupService.deleteExpiredPendingSignups() | timeMs=1
2026-06-20 00:13:51 [scheduling-1] INFO  c.p.b.m.aspect.LoggingAspect - [2cdd7a3d-5d54-4969-b036-865297adf5c2] --> PendingSignupCleanupService.deleteExpiredPendingSignups()
2026-06-20 00:13:51 [scheduling-1] DEBUG org.hibernate.SQL - 
    /* SELECT
        p 
    FROM
        PendingSignup p 
    WHERE
        p.expiryTime < :time */ select
            ps1_0.id,
            ps1_0.email,
            ps1_0.expiry_time,
            ps1_0.otp,
            ps1_0.password,
            ps1_0.username 
        from
            pending_signup ps1_0 
        where
            ps1_0.expiry_time<?
2026-06-20 00:13:51 [scheduling-1] INFO  c.p.b.m.aspect.LoggingAspect - [2cdd7a3d-5d54-4969-b036-865297adf5c2] <-- PendingSignupCleanupService.deleteExpiredPendingSignups() | timeMs=1
2026-06-20 00:14:51 [scheduling-1] INFO  c.p.b.m.aspect.LoggingAspect - [27aba455-5281-48d6-93a5-6eb4bc41fcbb] --> PendingSignupCleanupService.deleteExpiredPendingSignups()
2026-06-20 00:14:51 [scheduling-1] DEBUG org.hibernate.SQL - 
    /* SELECT
        p 
    FROM
        PendingSignup p 
    WHERE
        p.expiryTime < :time */ select
            ps1_0.id,
            ps1_0.email,
            ps1_0.expiry_time,
            ps1_0.otp,
            ps1_0.password,
            ps1_0.username 
        from
            pending_signup ps1_0 
        where
            ps1_0.expiry_time<?
2026-06-20 00:14:51 [scheduling-1] INFO  c.p.b.m.aspect.LoggingAspect - [27aba455-5281-48d6-93a5-6eb4bc41fcbb] <-- PendingSignupCleanupService.deleteExpiredPendingSignups() | timeMs=1
2026-06-20 00:15:51 [scheduling-1] INFO  c.p.b.m.aspect.LoggingAspect - [5851012a-f8f9-44fc-a99e-9f4fa3991d6e] --> PendingSignupCleanupService.deleteExpiredPendingSignups()
2026-06-20 00:15:51 [scheduling-1] DEBUG org.hibernate.SQL - 
    /* SELECT
        p 
    FROM
        PendingSignup p 
    WHERE
        p.expiryTime < :time */ select
            ps1_0.id,
            ps1_0.email,
            ps1_0.expiry_time,
            ps1_0.otp,
            ps1_0.password,
            ps1_0.username 
        from
            pending_signup ps1_0 
        where
            ps1_0.expiry_time<?
2026-06-20 00:15:51 [scheduling-1] INFO  c.p.b.m.aspect.LoggingAspect - [5851012a-f8f9-44fc-a99e-9f4fa3991d6e] <-- PendingSignupCleanupService.deleteExpiredPendingSignups() | timeMs=1
2026-06-20 00:16:51 [scheduling-1] INFO  c.p.b.m.aspect.LoggingAspect - [550a5b29-9945-4cf7-98ac-68654910ae77] --> PendingSignupCleanupService.deleteExpiredPendingSignups()
2026-06-20 00:16:51 [scheduling-1] DEBUG org.hibernate.SQL - 
    /* SELECT
        p 
    FROM
        PendingSignup p 
    WHERE
        p.expiryTime < :time */ select
            ps1_0.id,
            ps1_0.email,
            ps1_0.expiry_time,
            ps1_0.otp,
            ps1_0.password,
            ps1_0.username 
        from
            pending_signup ps1_0 
        where
            ps1_0.expiry_time<?
2026-06-20 00:16:51 [scheduling-1] INFO  c.p.b.m.aspect.LoggingAspect - [550a5b29-9945-4cf7-98ac-68654910ae77] <-- PendingSignupCleanupService.deleteExpiredPendingSignups() | timeMs=1
2026-06-20 00:17:51 [scheduling-1] INFO  c.p.b.m.aspect.LoggingAspect - [4e806bbb-e6db-4159-bd36-e38563761fa0] --> PendingSignupCleanupService.deleteExpiredPendingSignups()
2026-06-20 00:17:51 [scheduling-1] DEBUG org.hibernate.SQL - 
    /* SELECT
        p 
    FROM
        PendingSignup p 
    WHERE
        p.expiryTime < :time */ select
            ps1_0.id,
            ps1_0.email,
            ps1_0.expiry_time,
            ps1_0.otp,
            ps1_0.password,
            ps1_0.username 
        from
            pending_signup ps1_0 
        where
            ps1_0.expiry_time<?
2026-06-20 00:17:51 [scheduling-1] INFO  c.p.b.m.aspect.LoggingAspect - [4e806bbb-e6db-4159-bd36-e38563761fa0] <-- PendingSignupCleanupService.deleteExpiredPendingSignups() | timeMs=1
2026-06-20 00:18:51 [scheduling-1] INFO  c.p.b.m.aspect.LoggingAspect - [f7fc5855-d31c-4cd4-8318-61c31d754fd3] --> PendingSignupCleanupService.deleteExpiredPendingSignups()
2026-06-20 00:18:51 [scheduling-1] DEBUG org.hibernate.SQL - 
    /* SELECT
        p 
    FROM
        PendingSignup p 
    WHERE
        p.expiryTime < :time */ select
            ps1_0.id,
            ps1_0.email,
            ps1_0.expiry_time,
            ps1_0.otp,
            ps1_0.password,
            ps1_0.username 
        from
            pending_signup ps1_0 
        where
            ps1_0.expiry_time<?
2026-06-20 00:18:51 [scheduling-1] INFO  c.p.b.m.aspect.LoggingAspect - [f7fc5855-d31c-4cd4-8318-61c31d754fd3] <-- PendingSignupCleanupService.deleteExpiredPendingSignups() | timeMs=1
2026-06-20 00:19:51 [scheduling-1] INFO  c.p.b.m.aspect.LoggingAspect - [1ea7fb1b-e562-400e-915e-c3d7152a7f85] --> PendingSignupCleanupService.deleteExpiredPendingSignups()
2026-06-20 00:19:51 [scheduling-1] DEBUG org.hibernate.SQL - 
    /* SELECT
        p 
    FROM
        PendingSignup p 
    WHERE
        p.expiryTime < :time */ select
            ps1_0.id,
            ps1_0.email,
            ps1_0.expiry_time,
            ps1_0.otp,
            ps1_0.password,
            ps1_0.username 
        from
            pending_signup ps1_0 
        where
            ps1_0.expiry_time<?
2026-06-20 00:19:51 [scheduling-1] INFO  c.p.b.m.aspect.LoggingAspect - [1ea7fb1b-e562-400e-915e-c3d7152a7f85] <-- PendingSignupCleanupService.deleteExpiredPendingSignups() | timeMs=1
2026-06-20 00:20:51 [scheduling-1] INFO  c.p.b.m.aspect.LoggingAspect - [729318d1-ee13-496d-87ed-2003eeec0e3f] --> PendingSignupCleanupService.deleteExpiredPendingSignups()
2026-06-20 00:20:51 [scheduling-1] DEBUG org.hibernate.SQL - 
    /* SELECT
        p 
    FROM
        PendingSignup p 
    WHERE
        p.expiryTime < :time */ select
            ps1_0.id,
            ps1_0.email,
            ps1_0.expiry_time,
            ps1_0.otp,
            ps1_0.password,
            ps1_0.username 
        from
            pending_signup ps1_0 
        where
            ps1_0.expiry_time<?
2026-06-20 00:20:51 [scheduling-1] INFO  c.p.b.m.aspect.LoggingAspect - [729318d1-ee13-496d-87ed-2003eeec0e3f] <-- PendingSignupCleanupService.deleteExpiredPendingSignups() | timeMs=1
2026-06-20 00:21:51 [scheduling-1] INFO  c.p.b.m.aspect.LoggingAspect - [c5a43f23-2382-4d02-ba96-da8b43dd239b] --> PendingSignupCleanupService.deleteExpiredPendingSignups()
2026-06-20 00:21:51 [scheduling-1] DEBUG org.hibernate.SQL - 
    /* SELECT
        p 
    FROM
        PendingSignup p 
    WHERE
        p.expiryTime < :time */ select
            ps1_0.id,
            ps1_0.email,
            ps1_0.expiry_time,
            ps1_0.otp,
            ps1_0.password,
            ps1_0.username 
        from
            pending_signup ps1_0 
        where
            ps1_0.expiry_time<?
2026-06-20 00:21:51 [scheduling-1] INFO  c.p.b.m.aspect.LoggingAspect - [c5a43f23-2382-4d02-ba96-da8b43dd239b] <-- PendingSignupCleanupService.deleteExpiredPendingSignups() | timeMs=1
2026-06-20 00:22:51 [scheduling-1] INFO  c.p.b.m.aspect.LoggingAspect - [bf324630-4cf7-4aba-858d-e7250916edac] --> PendingSignupCleanupService.deleteExpiredPendingSignups()
2026-06-20 00:22:51 [scheduling-1] DEBUG org.hibernate.SQL - 
    /* SELECT
        p 
    FROM
        PendingSignup p 
    WHERE
        p.expiryTime < :time */ select
            ps1_0.id,
            ps1_0.email,
            ps1_0.expiry_time,
            ps1_0.otp,
            ps1_0.password,
            ps1_0.username 
        from
            pending_signup ps1_0 
        where
            ps1_0.expiry_time<?
2026-06-20 00:22:51 [scheduling-1] INFO  c.p.b.m.aspect.LoggingAspect - [bf324630-4cf7-4aba-858d-e7250916edac] <-- PendingSignupCleanupService.deleteExpiredPendingSignups() | timeMs=1
2026-06-20 00:23:51 [scheduling-1] INFO  c.p.b.m.aspect.LoggingAspect - [ea0376fc-ca2f-4753-a3d3-d9662486bcef] --> PendingSignupCleanupService.deleteExpiredPendingSignups()
2026-06-20 00:23:51 [scheduling-1] DEBUG org.hibernate.SQL - 
    /* SELECT
        p 
    FROM
        PendingSignup p 
    WHERE
        p.expiryTime < :time */ select
            ps1_0.id,
            ps1_0.email,
            ps1_0.expiry_time,
            ps1_0.otp,
            ps1_0.password,
            ps1_0.username 
        from
            pending_signup ps1_0 
        where
            ps1_0.expiry_time<?
2026-06-20 00:23:51 [scheduling-1] INFO  c.p.b.m.aspect.LoggingAspect - [ea0376fc-ca2f-4753-a3d3-d9662486bcef] <-- PendingSignupCleanupService.deleteExpiredPendingSignups() | timeMs=1
2026-06-20 00:24:51 [scheduling-1] INFO  c.p.b.m.aspect.LoggingAspect - [520fda9a-9063-4353-b568-bf55f6d9ad0c] --> PendingSignupCleanupService.deleteExpiredPendingSignups()
2026-06-20 00:24:51 [scheduling-1] DEBUG org.hibernate.SQL - 
    /* SELECT
        p 
    FROM
        PendingSignup p 
    WHERE
        p.expiryTime < :time */ select
            ps1_0.id,
            ps1_0.email,
            ps1_0.expiry_time,
            ps1_0.otp,
            ps1_0.password,
            ps1_0.username 
        from
            pending_signup ps1_0 
        where
            ps1_0.expiry_time<?
2026-06-20 00:24:51 [scheduling-1] INFO  c.p.b.m.aspect.LoggingAspect - [520fda9a-9063-4353-b568-bf55f6d9ad0c] <-- PendingSignupCleanupService.deleteExpiredPendingSignups() | timeMs=1
2026-06-20 00:25:51 [scheduling-1] INFO  c.p.b.m.aspect.LoggingAspect - [6438a090-93bc-4ea1-8c96-8dcace176b00] --> PendingSignupCleanupService.deleteExpiredPendingSignups()
2026-06-20 00:25:51 [scheduling-1] DEBUG org.hibernate.SQL - 
    /* SELECT
        p 
    FROM
        PendingSignup p 
    WHERE
        p.expiryTime < :time */ select
            ps1_0.id,
            ps1_0.email,
            ps1_0.expiry_time,
            ps1_0.otp,
            ps1_0.password,
            ps1_0.username 
        from
            pending_signup ps1_0 
        where
            ps1_0.expiry_time<?
2026-06-20 00:25:51 [scheduling-1] INFO  c.p.b.m.aspect.LoggingAspect - [6438a090-93bc-4ea1-8c96-8dcace176b00] <-- PendingSignupCleanupService.deleteExpiredPendingSignups() | timeMs=1
2026-06-20 00:26:51 [scheduling-1] INFO  c.p.b.m.aspect.LoggingAspect - [abc997d8-0e2f-4c92-9db3-af938f47080d] --> PendingSignupCleanupService.deleteExpiredPendingSignups()
2026-06-20 00:26:51 [scheduling-1] DEBUG org.hibernate.SQL - 
    /* SELECT
        p 
    FROM
        PendingSignup p 
    WHERE
        p.expiryTime < :time */ select
            ps1_0.id,
            ps1_0.email,
            ps1_0.expiry_time,
            ps1_0.otp,
            ps1_0.password,
            ps1_0.username 
        from
            pending_signup ps1_0 
        where
            ps1_0.expiry_time<?
2026-06-20 00:26:51 [scheduling-1] INFO  c.p.b.m.aspect.LoggingAspect - [abc997d8-0e2f-4c92-9db3-af938f47080d] <-- PendingSignupCleanupService.deleteExpiredPendingSignups() | timeMs=1
2026-06-20 00:27:51 [scheduling-1] INFO  c.p.b.m.aspect.LoggingAspect - [8b9b6256-47a3-4032-9853-fea38566f64a] --> PendingSignupCleanupService.deleteExpiredPendingSignups()
2026-06-20 00:27:51 [scheduling-1] DEBUG org.hibernate.SQL - 
    /* SELECT
        p 
    FROM
        PendingSignup p 
    WHERE
        p.expiryTime < :time */ select
            ps1_0.id,
            ps1_0.email,
            ps1_0.expiry_time,
            ps1_0.otp,
            ps1_0.password,
            ps1_0.username 
        from
            pending_signup ps1_0 
        where
            ps1_0.expiry_time<?
2026-06-20 00:27:51 [scheduling-1] INFO  c.p.b.m.aspect.LoggingAspect - [8b9b6256-47a3-4032-9853-fea38566f64a] <-- PendingSignupCleanupService.deleteExpiredPendingSignups() | timeMs=1
2026-06-20 00:28:51 [scheduling-1] INFO  c.p.b.m.aspect.LoggingAspect - [85728a11-558b-497c-ba59-db446a27337a] --> PendingSignupCleanupService.deleteExpiredPendingSignups()
2026-06-20 00:28:51 [scheduling-1] DEBUG org.hibernate.SQL - 
    /* SELECT
        p 
    FROM
        PendingSignup p 
    WHERE
        p.expiryTime < :time */ select
            ps1_0.id,
            ps1_0.email,
            ps1_0.expiry_time,
            ps1_0.otp,
            ps1_0.password,
            ps1_0.username 
        from
            pending_signup ps1_0 
        where
            ps1_0.expiry_time<?
2026-06-20 00:28:51 [scheduling-1] INFO  c.p.b.m.aspect.LoggingAspect - [85728a11-558b-497c-ba59-db446a27337a] <-- PendingSignupCleanupService.deleteExpiredPendingSignups() | timeMs=1
2026-06-20 00:29:51 [scheduling-1] INFO  c.p.b.m.aspect.LoggingAspect - [21a2274d-0970-4b2e-bcc4-1512044fd169] --> PendingSignupCleanupService.deleteExpiredPendingSignups()
2026-06-20 00:29:51 [scheduling-1] DEBUG org.hibernate.SQL - 
    /* SELECT
        p 
    FROM
        PendingSignup p 
    WHERE
        p.expiryTime < :time */ select
            ps1_0.id,
            ps1_0.email,
            ps1_0.expiry_time,
            ps1_0.otp,
            ps1_0.password,
            ps1_0.username 
        from
            pending_signup ps1_0 
        where
            ps1_0.expiry_time<?
2026-06-20 00:29:51 [scheduling-1] INFO  c.p.b.m.aspect.LoggingAspect - [21a2274d-0970-4b2e-bcc4-1512044fd169] <-- PendingSignupCleanupService.deleteExpiredPendingSignups() | timeMs=1
2026-06-20 00:30:51 [scheduling-1] INFO  c.p.b.m.aspect.LoggingAspect - [d809f33d-3f99-432f-aeb6-98562fe3ef23] --> PendingSignupCleanupService.deleteExpiredPendingSignups()
2026-06-20 00:30:51 [scheduling-1] DEBUG org.hibernate.SQL - 
    /* SELECT
        p 
    FROM
        PendingSignup p 
    WHERE
        p.expiryTime < :time */ select
            ps1_0.id,
            ps1_0.email,
            ps1_0.expiry_time,
            ps1_0.otp,
            ps1_0.password,
            ps1_0.username 
        from
            pending_signup ps1_0 
        where
            ps1_0.expiry_time<?
2026-06-20 00:30:51 [scheduling-1] INFO  c.p.b.m.aspect.LoggingAspect - [d809f33d-3f99-432f-aeb6-98562fe3ef23] <-- PendingSignupCleanupService.deleteExpiredPendingSignups() | timeMs=1
2026-06-20 00:31:51 [scheduling-1] INFO  c.p.b.m.aspect.LoggingAspect - [af702284-cf60-4691-bed0-acb0c97bf7b4] --> PendingSignupCleanupService.deleteExpiredPendingSignups()
2026-06-20 00:31:51 [scheduling-1] DEBUG org.hibernate.SQL - 
    /* SELECT
        p 
    FROM
        PendingSignup p 
    WHERE
        p.expiryTime < :time */ select
            ps1_0.id,
            ps1_0.email,
            ps1_0.expiry_time,
            ps1_0.otp,
            ps1_0.password,
            ps1_0.username 
        from
            pending_signup ps1_0 
        where
            ps1_0.expiry_time<?
2026-06-20 00:31:51 [scheduling-1] INFO  c.p.b.m.aspect.LoggingAspect - [af702284-cf60-4691-bed0-acb0c97bf7b4] <-- PendingSignupCleanupService.deleteExpiredPendingSignups() | timeMs=1
2026-06-20 00:32:51 [scheduling-1] INFO  c.p.b.m.aspect.LoggingAspect - [08acf46a-890e-4ba8-86ea-c1013a458485] --> PendingSignupCleanupService.deleteExpiredPendingSignups()
2026-06-20 00:32:51 [scheduling-1] DEBUG org.hibernate.SQL - 
    /* SELECT
        p 
    FROM
        PendingSignup p 
    WHERE
        p.expiryTime < :time */ select
            ps1_0.id,
            ps1_0.email,
            ps1_0.expiry_time,
            ps1_0.otp,
            ps1_0.password,
            ps1_0.username 
        from
            pending_signup ps1_0 
        where
            ps1_0.expiry_time<?
2026-06-20 00:32:51 [scheduling-1] INFO  c.p.b.m.aspect.LoggingAspect - [08acf46a-890e-4ba8-86ea-c1013a458485] <-- PendingSignupCleanupService.deleteExpiredPendingSignups() | timeMs=1
2026-06-20 00:33:51 [scheduling-1] INFO  c.p.b.m.aspect.LoggingAspect - [15bcfaf2-ca49-45eb-808c-59bc168df272] --> PendingSignupCleanupService.deleteExpiredPendingSignups()
2026-06-20 00:33:51 [scheduling-1] DEBUG org.hibernate.SQL - 
    /* SELECT
        p 
    FROM
        PendingSignup p 
    WHERE
        p.expiryTime < :time */ select
            ps1_0.id,
            ps1_0.email,
            ps1_0.expiry_time,
            ps1_0.otp,
            ps1_0.password,
            ps1_0.username 
        from
            pending_signup ps1_0 
        where
            ps1_0.expiry_time<?
2026-06-20 00:33:51 [scheduling-1] INFO  c.p.b.m.aspect.LoggingAspect - [15bcfaf2-ca49-45eb-808c-59bc168df272] <-- PendingSignupCleanupService.deleteExpiredPendingSignups() | timeMs=1
2026-06-20 00:34:51 [scheduling-1] INFO  c.p.b.m.aspect.LoggingAspect - [a459d28d-018e-4466-8dd3-cb214bafe2d3] --> PendingSignupCleanupService.deleteExpiredPendingSignups()
2026-06-20 00:34:51 [scheduling-1] DEBUG org.hibernate.SQL - 
    /* SELECT
        p 
    FROM
        PendingSignup p 
    WHERE
        p.expiryTime < :time */ select
            ps1_0.id,
            ps1_0.email,
            ps1_0.expiry_time,
            ps1_0.otp,
            ps1_0.password,
            ps1_0.username 
        from
            pending_signup ps1_0 
        where
            ps1_0.expiry_time<?
2026-06-20 00:34:51 [scheduling-1] INFO  c.p.b.m.aspect.LoggingAspect - [a459d28d-018e-4466-8dd3-cb214bafe2d3] <-- PendingSignupCleanupService.deleteExpiredPendingSignups() | timeMs=1
2026-06-20 00:35:51 [scheduling-1] INFO  c.p.b.m.aspect.LoggingAspect - [496ce0fd-4a36-4e03-a630-c85adeaf0700] --> PendingSignupCleanupService.deleteExpiredPendingSignups()
2026-06-20 00:35:51 [scheduling-1] DEBUG org.hibernate.SQL - 
    /* SELECT
        p 
    FROM
        PendingSignup p 
    WHERE
        p.expiryTime < :time */ select
            ps1_0.id,
            ps1_0.email,
            ps1_0.expiry_time,
            ps1_0.otp,
            ps1_0.password,
            ps1_0.username 
        from
            pending_signup ps1_0 
        where
            ps1_0.expiry_time<?
2026-06-20 00:35:51 [scheduling-1] INFO  c.p.b.m.aspect.LoggingAspect - [496ce0fd-4a36-4e03-a630-c85adeaf0700] <-- PendingSignupCleanupService.deleteExpiredPendingSignups() | timeMs=1
2026-06-20 00:36:51 [scheduling-1] INFO  c.p.b.m.aspect.LoggingAspect - [6e191798-5851-46ff-989f-7bb43a3fb2de] --> PendingSignupCleanupService.deleteExpiredPendingSignups()
2026-06-20 00:36:51 [scheduling-1] DEBUG org.hibernate.SQL - 
    /* SELECT
        p 
    FROM
        PendingSignup p 
    WHERE
        p.expiryTime < :time */ select
            ps1_0.id,
            ps1_0.email,
            ps1_0.expiry_time,
            ps1_0.otp,
            ps1_0.password,
            ps1_0.username 
        from
            pending_signup ps1_0 
        where
            ps1_0.expiry_time<?
2026-06-20 00:36:51 [scheduling-1] INFO  c.p.b.m.aspect.LoggingAspect - [6e191798-5851-46ff-989f-7bb43a3fb2de] <-- PendingSignupCleanupService.deleteExpiredPendingSignups() | timeMs=1
2026-06-20 00:37:51 [scheduling-1] INFO  c.p.b.m.aspect.LoggingAspect - [2b7efb76-4fa7-4f8c-9d5a-ae2e11142f96] --> PendingSignupCleanupService.deleteExpiredPendingSignups()
2026-06-20 00:37:51 [scheduling-1] DEBUG org.hibernate.SQL - 
    /* SELECT
        p 
    FROM
        PendingSignup p 
    WHERE
        p.expiryTime < :time */ select
            ps1_0.id,
            ps1_0.email,
            ps1_0.expiry_time,
            ps1_0.otp,
            ps1_0.password,
            ps1_0.username 
        from
            pending_signup ps1_0 
        where
            ps1_0.expiry_time<?
2026-06-20 00:37:51 [scheduling-1] INFO  c.p.b.m.aspect.LoggingAspect - [2b7efb76-4fa7-4f8c-9d5a-ae2e11142f96] <-- PendingSignupCleanupService.deleteExpiredPendingSignups() | timeMs=1
2026-06-20 00:38:51 [scheduling-1] INFO  c.p.b.m.aspect.LoggingAspect - [8966089b-4e51-49ef-803c-4fa6a5313b4d] --> PendingSignupCleanupService.deleteExpiredPendingSignups()
2026-06-20 00:38:51 [scheduling-1] DEBUG org.hibernate.SQL - 
    /* SELECT
        p 
    FROM
        PendingSignup p 
    WHERE
        p.expiryTime < :time */ select
            ps1_0.id,
            ps1_0.email,
            ps1_0.expiry_time,
            ps1_0.otp,
            ps1_0.password,
            ps1_0.username 
        from
            pending_signup ps1_0 
        where
            ps1_0.expiry_time<?
2026-06-20 00:38:51 [scheduling-1] INFO  c.p.b.m.aspect.LoggingAspect - [8966089b-4e51-49ef-803c-4fa6a5313b4d] <-- PendingSignupCleanupService.deleteExpiredPendingSignups() | timeMs=1
2026-06-20 00:39:51 [scheduling-1] INFO  c.p.b.m.aspect.LoggingAspect - [59b859c6-fff3-4789-aa5e-0047f1137a28] --> PendingSignupCleanupService.deleteExpiredPendingSignups()
2026-06-20 00:39:51 [scheduling-1] DEBUG org.hibernate.SQL - 
    /* SELECT
        p 
    FROM
        PendingSignup p 
    WHERE
        p.expiryTime < :time */ select
            ps1_0.id,
            ps1_0.email,
            ps1_0.expiry_time,
            ps1_0.otp,
            ps1_0.password,
            ps1_0.username 
        from
            pending_signup ps1_0 
        where
            ps1_0.expiry_time<?
2026-06-20 00:39:51 [scheduling-1] INFO  c.p.b.m.aspect.LoggingAspect - [59b859c6-fff3-4789-aa5e-0047f1137a28] <-- PendingSignupCleanupService.deleteExpiredPendingSignups() | timeMs=1
2026-06-20 00:40:51 [scheduling-1] INFO  c.p.b.m.aspect.LoggingAspect - [7f2af660-de48-4f0f-9a4e-c7138ea319b4] --> PendingSignupCleanupService.deleteExpiredPendingSignups()
2026-06-20 00:40:51 [scheduling-1] DEBUG org.hibernate.SQL - 
    /* SELECT
        p 
    FROM
        PendingSignup p 
    WHERE
        p.expiryTime < :time */ select
            ps1_0.id,
            ps1_0.email,
            ps1_0.expiry_time,
            ps1_0.otp,
            ps1_0.password,
            ps1_0.username 
        from
            pending_signup ps1_0 
        where
            ps1_0.expiry_time<?
2026-06-20 00:40:51 [scheduling-1] INFO  c.p.b.m.aspect.LoggingAspect - [7f2af660-de48-4f0f-9a4e-c7138ea319b4] <-- PendingSignupCleanupService.deleteExpiredPendingSignups() | timeMs=1
2026-06-20 00:41:51 [scheduling-1] INFO  c.p.b.m.aspect.LoggingAspect - [fc10570a-6959-43a7-8d5c-2f7ce89ab25b] --> PendingSignupCleanupService.deleteExpiredPendingSignups()
2026-06-20 00:41:51 [scheduling-1] DEBUG org.hibernate.SQL - 
    /* SELECT
        p 
    FROM
        PendingSignup p 
    WHERE
        p.expiryTime < :time */ select
            ps1_0.id,
            ps1_0.email,
            ps1_0.expiry_time,
            ps1_0.otp,
            ps1_0.password,
            ps1_0.username 
        from
            pending_signup ps1_0 
        where
            ps1_0.expiry_time<?
2026-06-20 00:41:51 [scheduling-1] INFO  c.p.b.m.aspect.LoggingAspect - [fc10570a-6959-43a7-8d5c-2f7ce89ab25b] <-- PendingSignupCleanupService.deleteExpiredPendingSignups() | timeMs=1
2026-06-20 00:42:51 [scheduling-1] INFO  c.p.b.m.aspect.LoggingAspect - [83b2eaad-f11e-4a67-9ecc-d59a5f4f7f4f] --> PendingSignupCleanupService.deleteExpiredPendingSignups()
2026-06-20 00:42:51 [scheduling-1] DEBUG org.hibernate.SQL - 
    /* SELECT
        p 
    FROM
        PendingSignup p 
    WHERE
        p.expiryTime < :time */ select
            ps1_0.id,
            ps1_0.email,
            ps1_0.expiry_time,
            ps1_0.otp,
            ps1_0.password,
            ps1_0.username 
        from
            pending_signup ps1_0 
        where
            ps1_0.expiry_time<?
2026-06-20 00:42:51 [scheduling-1] INFO  c.p.b.m.aspect.LoggingAspect - [83b2eaad-f11e-4a67-9ecc-d59a5f4f7f4f] <-- PendingSignupCleanupService.deleteExpiredPendingSignups() | timeMs=1
2026-06-20 00:43:51 [scheduling-1] INFO  c.p.b.m.aspect.LoggingAspect - [3bbd7b6b-34ac-46b1-88aa-4cf39155dc40] --> PendingSignupCleanupService.deleteExpiredPendingSignups()
2026-06-20 00:43:51 [scheduling-1] DEBUG org.hibernate.SQL - 
    /* SELECT
        p 
    FROM
        PendingSignup p 
    WHERE
        p.expiryTime < :time */ select
            ps1_0.id,
            ps1_0.email,
            ps1_0.expiry_time,
            ps1_0.otp,
            ps1_0.password,
            ps1_0.username 
        from
            pending_signup ps1_0 
        where
            ps1_0.expiry_time<?
2026-06-20 00:43:51 [scheduling-1] INFO  c.p.b.m.aspect.LoggingAspect - [3bbd7b6b-34ac-46b1-88aa-4cf39155dc40] <-- PendingSignupCleanupService.deleteExpiredPendingSignups() | timeMs=1
2026-06-20 00:44:51 [scheduling-1] INFO  c.p.b.m.aspect.LoggingAspect - [812f0cba-6fa5-4943-a694-b389c360b1b5] --> PendingSignupCleanupService.deleteExpiredPendingSignups()
2026-06-20 00:44:51 [scheduling-1] DEBUG org.hibernate.SQL - 
    /* SELECT
        p 
    FROM
        PendingSignup p 
    WHERE
        p.expiryTime < :time */ select
            ps1_0.id,
            ps1_0.email,
            ps1_0.expiry_time,
            ps1_0.otp,
            ps1_0.password,
            ps1_0.username 
        from
            pending_signup ps1_0 
        where
            ps1_0.expiry_time<?
2026-06-20 00:44:51 [scheduling-1] INFO  c.p.b.m.aspect.LoggingAspect - [812f0cba-6fa5-4943-a694-b389c360b1b5] <-- PendingSignupCleanupService.deleteExpiredPendingSignups() | timeMs=1
2026-06-20 00:45:51 [scheduling-1] INFO  c.p.b.m.aspect.LoggingAspect - [23d6a543-1abf-46d7-8f09-8ce61afbd1ac] --> PendingSignupCleanupService.deleteExpiredPendingSignups()
2026-06-20 00:45:51 [scheduling-1] DEBUG org.hibernate.SQL - 
    /* SELECT
        p 
    FROM
        PendingSignup p 
    WHERE
        p.expiryTime < :time */ select
            ps1_0.id,
            ps1_0.email,
            ps1_0.expiry_time,
            ps1_0.otp,
            ps1_0.password,
            ps1_0.username 
        from
            pending_signup ps1_0 
        where
            ps1_0.expiry_time<?
2026-06-20 00:45:51 [scheduling-1] INFO  c.p.b.m.aspect.LoggingAspect - [23d6a543-1abf-46d7-8f09-8ce61afbd1ac] <-- PendingSignupCleanupService.deleteExpiredPendingSignups() | timeMs=1
2026-06-20 00:46:51 [scheduling-1] INFO  c.p.b.m.aspect.LoggingAspect - [8b4cbee8-a8a1-4fb6-9b3e-2ab6bf8b8656] --> PendingSignupCleanupService.deleteExpiredPendingSignups()
2026-06-20 00:46:51 [scheduling-1] DEBUG org.hibernate.SQL - 
    /* SELECT
        p 
    FROM
        PendingSignup p 
    WHERE
        p.expiryTime < :time */ select
            ps1_0.id,
            ps1_0.email,
            ps1_0.expiry_time,
            ps1_0.otp,
            ps1_0.password,
            ps1_0.username 
        from
            pending_signup ps1_0 
        where
            ps1_0.expiry_time<?
2026-06-20 00:46:51 [scheduling-1] INFO  c.p.b.m.aspect.LoggingAspect - [8b4cbee8-a8a1-4fb6-9b3e-2ab6bf8b8656] <-- PendingSignupCleanupService.deleteExpiredPendingSignups() | timeMs=1
2026-06-20 00:47:51 [scheduling-1] INFO  c.p.b.m.aspect.LoggingAspect - [0ea5842e-82f4-4be7-9893-ca4c30a7f75e] --> PendingSignupCleanupService.deleteExpiredPendingSignups()
2026-06-20 00:47:51 [scheduling-1] DEBUG org.hibernate.SQL - 
    /* SELECT
        p 
    FROM
        PendingSignup p 
    WHERE
        p.expiryTime < :time */ select
            ps1_0.id,
            ps1_0.email,
            ps1_0.expiry_time,
            ps1_0.otp,
            ps1_0.password,
            ps1_0.username 
        from
            pending_signup ps1_0 
        where
            ps1_0.expiry_time<?
2026-06-20 00:47:51 [scheduling-1] INFO  c.p.b.m.aspect.LoggingAspect - [0ea5842e-82f4-4be7-9893-ca4c30a7f75e] <-- PendingSignupCleanupService.deleteExpiredPendingSignups() | timeMs=1
2026-06-20 00:48:51 [scheduling-1] INFO  c.p.b.m.aspect.LoggingAspect - [c8c630df-385f-43b7-99b2-de639eeaae44] --> PendingSignupCleanupService.deleteExpiredPendingSignups()
2026-06-20 00:48:51 [scheduling-1] DEBUG org.hibernate.SQL - 
    /* SELECT
        p 
    FROM
        PendingSignup p 
    WHERE
        p.expiryTime < :time */ select
            ps1_0.id,
            ps1_0.email,
            ps1_0.expiry_time,
            ps1_0.otp,
            ps1_0.password,
            ps1_0.username 
        from
            pending_signup ps1_0 
        where
            ps1_0.expiry_time<?
2026-06-20 00:48:51 [scheduling-1] INFO  c.p.b.m.aspect.LoggingAspect - [c8c630df-385f-43b7-99b2-de639eeaae44] <-- PendingSignupCleanupService.deleteExpiredPendingSignups() | timeMs=1
2026-06-20 00:49:51 [scheduling-1] INFO  c.p.b.m.aspect.LoggingAspect - [8f468ba6-6c5d-4a41-b0ee-6ec222055464] --> PendingSignupCleanupService.deleteExpiredPendingSignups()
2026-06-20 00:49:51 [scheduling-1] DEBUG org.hibernate.SQL - 
    /* SELECT
        p 
    FROM
        PendingSignup p 
    WHERE
        p.expiryTime < :time */ select
            ps1_0.id,
            ps1_0.email,
            ps1_0.expiry_time,
            ps1_0.otp,
            ps1_0.password,
            ps1_0.username 
        from
            pending_signup ps1_0 
        where
            ps1_0.expiry_time<?
2026-06-20 00:49:51 [scheduling-1] INFO  c.p.b.m.aspect.LoggingAspect - [8f468ba6-6c5d-4a41-b0ee-6ec222055464] <-- PendingSignupCleanupService.deleteExpiredPendingSignups() | timeMs=1
2026-06-20 00:50:51 [scheduling-1] INFO  c.p.b.m.aspect.LoggingAspect - [8ab413de-fbd8-4e7c-9ab9-1c1d2a8a4b5f] --> PendingSignupCleanupService.deleteExpiredPendingSignups()
2026-06-20 00:50:51 [scheduling-1] DEBUG org.hibernate.SQL - 
    /* SELECT
        p 
    FROM
        PendingSignup p 
    WHERE
        p.expiryTime < :time */ select
            ps1_0.id,
            ps1_0.email,
            ps1_0.expiry_time,
            ps1_0.otp,
            ps1_0.password,
            ps1_0.username 
        from
            pending_signup ps1_0 
        where
            ps1_0.expiry_time<?
2026-06-20 00:50:51 [scheduling-1] INFO  c.p.b.m.aspect.LoggingAspect - [8ab413de-fbd8-4e7c-9ab9-1c1d2a8a4b5f] <-- PendingSignupCleanupService.deleteExpiredPendingSignups() | timeMs=1
2026-06-20 00:51:51 [scheduling-1] INFO  c.p.b.m.aspect.LoggingAspect - [13aed008-f846-4c81-9192-2bf8f74ab41e] --> PendingSignupCleanupService.deleteExpiredPendingSignups()
2026-06-20 00:51:51 [scheduling-1] DEBUG org.hibernate.SQL - 
    /* SELECT
        p 
    FROM
        PendingSignup p 
    WHERE
        p.expiryTime < :time */ select
            ps1_0.id,
            ps1_0.email,
            ps1_0.expiry_time,
            ps1_0.otp,
            ps1_0.password,
            ps1_0.username 
        from
            pending_signup ps1_0 
        where
            ps1_0.expiry_time<?
2026-06-20 00:51:51 [scheduling-1] INFO  c.p.b.m.aspect.LoggingAspect - [13aed008-f846-4c81-9192-2bf8f74ab41e] <-- PendingSignupCleanupService.deleteExpiredPendingSignups() | timeMs=1
2026-06-20 00:52:51 [scheduling-1] INFO  c.p.b.m.aspect.LoggingAspect - [fbe1c39f-1f40-48ad-a945-9dfe4fba7c8f] --> PendingSignupCleanupService.deleteExpiredPendingSignups()
2026-06-20 00:52:51 [scheduling-1] DEBUG org.hibernate.SQL - 
    /* SELECT
        p 
    FROM
        PendingSignup p 
    WHERE
        p.expiryTime < :time */ select
            ps1_0.id,
            ps1_0.email,
            ps1_0.expiry_time,
            ps1_0.otp,
            ps1_0.password,
            ps1_0.username 
        from
            pending_signup ps1_0 
        where
            ps1_0.expiry_time<?
2026-06-20 00:52:51 [scheduling-1] INFO  c.p.b.m.aspect.LoggingAspect - [fbe1c39f-1f40-48ad-a945-9dfe4fba7c8f] <-- PendingSignupCleanupService.deleteExpiredPendingSignups() | timeMs=1
2026-06-20 00:53:51 [scheduling-1] INFO  c.p.b.m.aspect.LoggingAspect - [2c41da5f-4d04-48cb-a6e0-01c77d263952] --> PendingSignupCleanupService.deleteExpiredPendingSignups()
2026-06-20 00:53:51 [scheduling-1] DEBUG org.hibernate.SQL - 
    /* SELECT
        p 
    FROM
        PendingSignup p 
    WHERE
        p.expiryTime < :time */ select
            ps1_0.id,
            ps1_0.email,
            ps1_0.expiry_time,
            ps1_0.otp,
            ps1_0.password,
            ps1_0.username 
        from
            pending_signup ps1_0 
        where
            ps1_0.expiry_time<?
2026-06-20 00:53:51 [scheduling-1] INFO  c.p.b.m.aspect.LoggingAspect - [2c41da5f-4d04-48cb-a6e0-01c77d263952] <-- PendingSignupCleanupService.deleteExpiredPendingSignups() | timeMs=1
2026-06-20 00:54:51 [scheduling-1] INFO  c.p.b.m.aspect.LoggingAspect - [83004902-ef2b-4656-82c7-92ed6733f030] --> PendingSignupCleanupService.deleteExpiredPendingSignups()
2026-06-20 00:54:51 [scheduling-1] DEBUG org.hibernate.SQL - 
    /* SELECT
        p 
    FROM
        PendingSignup p 
    WHERE
        p.expiryTime < :time */ select
            ps1_0.id,
            ps1_0.email,
            ps1_0.expiry_time,
            ps1_0.otp,
            ps1_0.password,
            ps1_0.username 
        from
            pending_signup ps1_0 
        where
            ps1_0.expiry_time<?
2026-06-20 00:54:51 [scheduling-1] INFO  c.p.b.m.aspect.LoggingAspect - [83004902-ef2b-4656-82c7-92ed6733f030] <-- PendingSignupCleanupService.deleteExpiredPendingSignups() | timeMs=1
2026-06-20 00:55:51 [scheduling-1] INFO  c.p.b.m.aspect.LoggingAspect - [6e6720f0-caee-4b50-b4d5-75657042c7bf] --> PendingSignupCleanupService.deleteExpiredPendingSignups()
2026-06-20 00:55:51 [scheduling-1] DEBUG org.hibernate.SQL - 
    /* SELECT
        p 
    FROM
        PendingSignup p 
    WHERE
        p.expiryTime < :time */ select
            ps1_0.id,
            ps1_0.email,
            ps1_0.expiry_time,
            ps1_0.otp,
            ps1_0.password,
            ps1_0.username 
        from
            pending_signup ps1_0 
        where
            ps1_0.expiry_time<?
2026-06-20 00:55:51 [scheduling-1] INFO  c.p.b.m.aspect.LoggingAspect - [6e6720f0-caee-4b50-b4d5-75657042c7bf] <-- PendingSignupCleanupService.deleteExpiredPendingSignups() | timeMs=1
2026-06-20 00:56:51 [scheduling-1] INFO  c.p.b.m.aspect.LoggingAspect - [14ee40b2-bcb0-4748-974a-ae2c31c22ad8] --> PendingSignupCleanupService.deleteExpiredPendingSignups()
2026-06-20 00:56:51 [scheduling-1] DEBUG org.hibernate.SQL - 
    /* SELECT
        p 
    FROM
        PendingSignup p 
    WHERE
        p.expiryTime < :time */ select
            ps1_0.id,
            ps1_0.email,
            ps1_0.expiry_time,
            ps1_0.otp,
            ps1_0.password,
            ps1_0.username 
        from
            pending_signup ps1_0 
        where
            ps1_0.expiry_time<?
2026-06-20 00:56:51 [scheduling-1] INFO  c.p.b.m.aspect.LoggingAspect - [14ee40b2-bcb0-4748-974a-ae2c31c22ad8] <-- PendingSignupCleanupService.deleteExpiredPendingSignups() | timeMs=1
2026-06-20 00:57:51 [scheduling-1] INFO  c.p.b.m.aspect.LoggingAspect - [c6dc4d4e-e406-47cd-9026-7aa62cb1627c] --> PendingSignupCleanupService.deleteExpiredPendingSignups()
2026-06-20 00:57:51 [scheduling-1] DEBUG org.hibernate.SQL - 
    /* SELECT
        p 
    FROM
        PendingSignup p 
    WHERE
        p.expiryTime < :time */ select
            ps1_0.id,
            ps1_0.email,
            ps1_0.expiry_time,
            ps1_0.otp,
            ps1_0.password,
            ps1_0.username 
        from
            pending_signup ps1_0 
        where
            ps1_0.expiry_time<?
2026-06-20 00:57:51 [scheduling-1] INFO  c.p.b.m.aspect.LoggingAspect - [c6dc4d4e-e406-47cd-9026-7aa62cb1627c] <-- PendingSignupCleanupService.deleteExpiredPendingSignups() | timeMs=1
2026-06-20 00:58:51 [scheduling-1] INFO  c.p.b.m.aspect.LoggingAspect - [ce78ef09-2267-4bb2-b536-28c3eaaf39f2] --> PendingSignupCleanupService.deleteExpiredPendingSignups()
2026-06-20 00:58:51 [scheduling-1] DEBUG org.hibernate.SQL - 
    /* SELECT
        p 
    FROM
        PendingSignup p 
    WHERE
        p.expiryTime < :time */ select
            ps1_0.id,
            ps1_0.email,
            ps1_0.expiry_time,
            ps1_0.otp,
            ps1_0.password,
            ps1_0.username 
        from
            pending_signup ps1_0 
        where
            ps1_0.expiry_time<?
2026-06-20 00:58:51 [scheduling-1] INFO  c.p.b.m.aspect.LoggingAspect - [ce78ef09-2267-4bb2-b536-28c3eaaf39f2] <-- PendingSignupCleanupService.deleteExpiredPendingSignups() | timeMs=1
2026-06-20 00:59:51 [scheduling-1] INFO  c.p.b.m.aspect.LoggingAspect - [7950454c-bc84-450b-8f59-3a5ee2d56712] --> PendingSignupCleanupService.deleteExpiredPendingSignups()
2026-06-20 00:59:51 [scheduling-1] DEBUG org.hibernate.SQL - 
    /* SELECT
        p 
    FROM
        PendingSignup p 
    WHERE
        p.expiryTime < :time */ select
            ps1_0.id,
            ps1_0.email,
            ps1_0.expiry_time,
            ps1_0.otp,
            ps1_0.password,
            ps1_0.username 
        from
            pending_signup ps1_0 
        where
            ps1_0.expiry_time<?
2026-06-20 00:59:51 [scheduling-1] INFO  c.p.b.m.aspect.LoggingAspect - [7950454c-bc84-450b-8f59-3a5ee2d56712] <-- PendingSignupCleanupService.deleteExpiredPendingSignups() | timeMs=1
2026-06-20 01:00:51 [scheduling-1] INFO  c.p.b.m.aspect.LoggingAspect - [4c173bf9-a294-411c-9ae8-305c1f7f015d] --> PendingSignupCleanupService.deleteExpiredPendingSignups()
2026-06-20 01:00:51 [scheduling-1] DEBUG org.hibernate.SQL - 
    /* SELECT
        p 
    FROM
        PendingSignup p 
    WHERE
        p.expiryTime < :time */ select
            ps1_0.id,
            ps1_0.email,
            ps1_0.expiry_time,
            ps1_0.otp,
            ps1_0.password,
            ps1_0.username 
        from
            pending_signup ps1_0 
        where
            ps1_0.expiry_time<?
2026-06-20 01:00:51 [scheduling-1] INFO  c.p.b.m.aspect.LoggingAspect - [4c173bf9-a294-411c-9ae8-305c1f7f015d] <-- PendingSignupCleanupService.deleteExpiredPendingSignups() | timeMs=1
2026-06-20 01:01:51 [scheduling-1] INFO  c.p.b.m.aspect.LoggingAspect - [efeca75f-bb4a-412d-b0e7-b86d006c1e7f] --> PendingSignupCleanupService.deleteExpiredPendingSignups()
2026-06-20 01:01:51 [scheduling-1] DEBUG org.hibernate.SQL - 
    /* SELECT
        p 
    FROM
        PendingSignup p 
    WHERE
        p.expiryTime < :time */ select
            ps1_0.id,
            ps1_0.email,
            ps1_0.expiry_time,
            ps1_0.otp,
            ps1_0.password,
            ps1_0.username 
        from
            pending_signup ps1_0 
        where
            ps1_0.expiry_time<?
2026-06-20 01:01:51 [scheduling-1] INFO  c.p.b.m.aspect.LoggingAspect - [efeca75f-bb4a-412d-b0e7-b86d006c1e7f] <-- PendingSignupCleanupService.deleteExpiredPendingSignups() | timeMs=1
2026-06-20 01:02:51 [scheduling-1] INFO  c.p.b.m.aspect.LoggingAspect - [ee564016-a86b-4d5a-84ae-010a1e161b6b] --> PendingSignupCleanupService.deleteExpiredPendingSignups()
2026-06-20 01:02:51 [scheduling-1] DEBUG org.hibernate.SQL - 
    /* SELECT
        p 
    FROM
        PendingSignup p 
    WHERE
        p.expiryTime < :time */ select
            ps1_0.id,
            ps1_0.email,
            ps1_0.expiry_time,
            ps1_0.otp,
            ps1_0.password,
            ps1_0.username 
        from
            pending_signup ps1_0 
        where
            ps1_0.expiry_time<?
2026-06-20 01:02:51 [scheduling-1] INFO  c.p.b.m.aspect.LoggingAspect - [ee564016-a86b-4d5a-84ae-010a1e161b6b] <-- PendingSignupCleanupService.deleteExpiredPendingSignups() | timeMs=1
2026-06-20 01:03:51 [scheduling-1] INFO  c.p.b.m.aspect.LoggingAspect - [d2d6e159-de52-40fc-891f-463a21d12ddb] --> PendingSignupCleanupService.deleteExpiredPendingSignups()
2026-06-20 01:03:51 [scheduling-1] DEBUG org.hibernate.SQL - 
    /* SELECT
        p 
    FROM
        PendingSignup p 
    WHERE
        p.expiryTime < :time */ select
            ps1_0.id,
            ps1_0.email,
            ps1_0.expiry_time,
            ps1_0.otp,
            ps1_0.password,
            ps1_0.username 
        from
            pending_signup ps1_0 
        where
            ps1_0.expiry_time<?
2026-06-20 01:03:51 [scheduling-1] INFO  c.p.b.m.aspect.LoggingAspect - [d2d6e159-de52-40fc-891f-463a21d12ddb] <-- PendingSignupCleanupService.deleteExpiredPendingSignups() | timeMs=1
2026-06-20 01:04:51 [scheduling-1] INFO  c.p.b.m.aspect.LoggingAspect - [78125564-63de-4355-a4dd-c55fc37187be] --> PendingSignupCleanupService.deleteExpiredPendingSignups()
2026-06-20 01:04:51 [scheduling-1] DEBUG org.hibernate.SQL - 
    /* SELECT
        p 
    FROM
        PendingSignup p 
    WHERE
        p.expiryTime < :time */ select
            ps1_0.id,
            ps1_0.email,
            ps1_0.expiry_time,
            ps1_0.otp,
            ps1_0.password,
            ps1_0.username 
        from
            pending_signup ps1_0 
        where
            ps1_0.expiry_time<?
2026-06-20 01:04:51 [scheduling-1] INFO  c.p.b.m.aspect.LoggingAspect - [78125564-63de-4355-a4dd-c55fc37187be] <-- PendingSignupCleanupService.deleteExpiredPendingSignups() | timeMs=0
2026-06-20 01:05:51 [scheduling-1] INFO  c.p.b.m.aspect.LoggingAspect - [0b94a71c-6b56-41a9-8e1e-d4529ca957af] --> PendingSignupCleanupService.deleteExpiredPendingSignups()
2026-06-20 01:05:51 [scheduling-1] DEBUG org.hibernate.SQL - 
    /* SELECT
        p 
    FROM
        PendingSignup p 
    WHERE
        p.expiryTime < :time */ select
            ps1_0.id,
            ps1_0.email,
            ps1_0.expiry_time,
            ps1_0.otp,
            ps1_0.password,
            ps1_0.username 
        from
            pending_signup ps1_0 
        where
            ps1_0.expiry_time<?
2026-06-20 01:05:51 [scheduling-1] INFO  c.p.b.m.aspect.LoggingAspect - [0b94a71c-6b56-41a9-8e1e-d4529ca957af] <-- PendingSignupCleanupService.deleteExpiredPendingSignups() | timeMs=1
2026-06-20 01:06:51 [scheduling-1] INFO  c.p.b.m.aspect.LoggingAspect - [3841d59e-6942-466c-90cc-3369fc2f65b9] --> PendingSignupCleanupService.deleteExpiredPendingSignups()
2026-06-20 01:06:51 [scheduling-1] DEBUG org.hibernate.SQL - 
    /* SELECT
        p 
    FROM
        PendingSignup p 
    WHERE
        p.expiryTime < :time */ select
            ps1_0.id,
            ps1_0.email,
            ps1_0.expiry_time,
            ps1_0.otp,
            ps1_0.password,
            ps1_0.username 
        from
            pending_signup ps1_0 
        where
            ps1_0.expiry_time<?
2026-06-20 01:06:51 [scheduling-1] INFO  c.p.b.m.aspect.LoggingAspect - [3841d59e-6942-466c-90cc-3369fc2f65b9] <-- PendingSignupCleanupService.deleteExpiredPendingSignups() | timeMs=1
2026-06-20 01:07:51 [scheduling-1] INFO  c.p.b.m.aspect.LoggingAspect - [2a5285d4-b1e2-43e5-8f10-dda7a5c565b9] --> PendingSignupCleanupService.deleteExpiredPendingSignups()
2026-06-20 01:07:51 [scheduling-1] DEBUG org.hibernate.SQL - 
    /* SELECT
        p 
    FROM
        PendingSignup p 
    WHERE
        p.expiryTime < :time */ select
            ps1_0.id,
            ps1_0.email,
            ps1_0.expiry_time,
            ps1_0.otp,
            ps1_0.password,
            ps1_0.username 
        from
            pending_signup ps1_0 
        where
            ps1_0.expiry_time<?
2026-06-20 01:07:51 [scheduling-1] INFO  c.p.b.m.aspect.LoggingAspect - [2a5285d4-b1e2-43e5-8f10-dda7a5c565b9] <-- PendingSignupCleanupService.deleteExpiredPendingSignups() | timeMs=1
2026-06-20 01:08:51 [scheduling-1] INFO  c.p.b.m.aspect.LoggingAspect - [8927a56c-2d04-49ee-b460-2186b3c58000] --> PendingSignupCleanupService.deleteExpiredPendingSignups()
2026-06-20 01:08:51 [scheduling-1] DEBUG org.hibernate.SQL - 
    /* SELECT
        p 
    FROM
        PendingSignup p 
    WHERE
        p.expiryTime < :time */ select
            ps1_0.id,
            ps1_0.email,
            ps1_0.expiry_time,
            ps1_0.otp,
            ps1_0.password,
            ps1_0.username 
        from
            pending_signup ps1_0 
        where
            ps1_0.expiry_time<?
2026-06-20 01:08:51 [scheduling-1] INFO  c.p.b.m.aspect.LoggingAspect - [8927a56c-2d04-49ee-b460-2186b3c58000] <-- PendingSignupCleanupService.deleteExpiredPendingSignups() | timeMs=1
2026-06-20 01:09:51 [scheduling-1] INFO  c.p.b.m.aspect.LoggingAspect - [1c86c509-73d6-4aac-aa2d-0912798653d3] --> PendingSignupCleanupService.deleteExpiredPendingSignups()
2026-06-20 01:09:51 [scheduling-1] DEBUG org.hibernate.SQL - 
    /* SELECT
        p 
    FROM
        PendingSignup p 
    WHERE
        p.expiryTime < :time */ select
            ps1_0.id,
            ps1_0.email,
            ps1_0.expiry_time,
            ps1_0.otp,
            ps1_0.password,
            ps1_0.username 
        from
            pending_signup ps1_0 
        where
            ps1_0.expiry_time<?
2026-06-20 01:09:51 [scheduling-1] INFO  c.p.b.m.aspect.LoggingAspect - [1c86c509-73d6-4aac-aa2d-0912798653d3] <-- PendingSignupCleanupService.deleteExpiredPendingSignups() | timeMs=1
2026-06-20 01:10:51 [scheduling-1] INFO  c.p.b.m.aspect.LoggingAspect - [05d98363-a947-497e-822f-1ff5115863e7] --> PendingSignupCleanupService.deleteExpiredPendingSignups()
2026-06-20 01:10:51 [scheduling-1] DEBUG org.hibernate.SQL - 
    /* SELECT
        p 
    FROM
        PendingSignup p 
    WHERE
        p.expiryTime < :time */ select
            ps1_0.id,
            ps1_0.email,
            ps1_0.expiry_time,
            ps1_0.otp,
            ps1_0.password,
            ps1_0.username 
        from
            pending_signup ps1_0 
        where
            ps1_0.expiry_time<?
2026-06-20 01:10:51 [scheduling-1] INFO  c.p.b.m.aspect.LoggingAspect - [05d98363-a947-497e-822f-1ff5115863e7] <-- PendingSignupCleanupService.deleteExpiredPendingSignups() | timeMs=1
2026-06-20 01:11:51 [scheduling-1] INFO  c.p.b.m.aspect.LoggingAspect - [30a1e218-a98e-447c-9821-552684dbd8dd] --> PendingSignupCleanupService.deleteExpiredPendingSignups()
2026-06-20 01:11:51 [scheduling-1] DEBUG org.hibernate.SQL - 
    /* SELECT
        p 
    FROM
        PendingSignup p 
    WHERE
        p.expiryTime < :time */ select
            ps1_0.id,
            ps1_0.email,
            ps1_0.expiry_time,
            ps1_0.otp,
            ps1_0.password,
            ps1_0.username 
        from
            pending_signup ps1_0 
        where
            ps1_0.expiry_time<?
2026-06-20 01:11:51 [scheduling-1] INFO  c.p.b.m.aspect.LoggingAspect - [30a1e218-a98e-447c-9821-552684dbd8dd] <-- PendingSignupCleanupService.deleteExpiredPendingSignups() | timeMs=1
2026-06-20 01:12:51 [scheduling-1] INFO  c.p.b.m.aspect.LoggingAspect - [27b2cd65-6bbd-4e78-98a3-cd495b715d8e] --> PendingSignupCleanupService.deleteExpiredPendingSignups()
2026-06-20 01:12:51 [scheduling-1] DEBUG org.hibernate.SQL - 
    /* SELECT
        p 
    FROM
        PendingSignup p 
    WHERE
        p.expiryTime < :time */ select
            ps1_0.id,
            ps1_0.email,
            ps1_0.expiry_time,
            ps1_0.otp,
            ps1_0.password,
            ps1_0.username 
        from
            pending_signup ps1_0 
        where
            ps1_0.expiry_time<?
2026-06-20 01:12:51 [scheduling-1] INFO  c.p.b.m.aspect.LoggingAspect - [27b2cd65-6bbd-4e78-98a3-cd495b715d8e] <-- PendingSignupCleanupService.deleteExpiredPendingSignups() | timeMs=1
2026-06-20 01:13:51 [scheduling-1] INFO  c.p.b.m.aspect.LoggingAspect - [ebb9ac71-fdcf-4635-8a66-d3ab6bf682a8] --> PendingSignupCleanupService.deleteExpiredPendingSignups()
2026-06-20 01:13:51 [scheduling-1] DEBUG org.hibernate.SQL - 
    /* SELECT
        p 
    FROM
        PendingSignup p 
    WHERE
        p.expiryTime < :time */ select
            ps1_0.id,
            ps1_0.email,
            ps1_0.expiry_time,
            ps1_0.otp,
            ps1_0.password,
            ps1_0.username 
        from
            pending_signup ps1_0 
        where
            ps1_0.expiry_time<?
2026-06-20 01:13:51 [scheduling-1] INFO  c.p.b.m.aspect.LoggingAspect - [ebb9ac71-fdcf-4635-8a66-d3ab6bf682a8] <-- PendingSignupCleanupService.deleteExpiredPendingSignups() | timeMs=1
2026-06-20 01:14:51 [scheduling-1] INFO  c.p.b.m.aspect.LoggingAspect - [1fb26e88-071a-4046-a03a-a23ac8e54159] --> PendingSignupCleanupService.deleteExpiredPendingSignups()
2026-06-20 01:14:51 [scheduling-1] DEBUG org.hibernate.SQL - 
    /* SELECT
        p 
    FROM
        PendingSignup p 
    WHERE
        p.expiryTime < :time */ select
            ps1_0.id,
            ps1_0.email,
            ps1_0.expiry_time,
            ps1_0.otp,
            ps1_0.password,
            ps1_0.username 
        from
            pending_signup ps1_0 
        where
            ps1_0.expiry_time<?
2026-06-20 01:14:51 [scheduling-1] INFO  c.p.b.m.aspect.LoggingAspect - [1fb26e88-071a-4046-a03a-a23ac8e54159] <-- PendingSignupCleanupService.deleteExpiredPendingSignups() | timeMs=1
2026-06-20 01:15:51 [scheduling-1] INFO  c.p.b.m.aspect.LoggingAspect - [d39e1a0c-a8b8-49a5-a617-46f52963e028] --> PendingSignupCleanupService.deleteExpiredPendingSignups()
2026-06-20 01:15:51 [scheduling-1] DEBUG org.hibernate.SQL - 
    /* SELECT
        p 
    FROM
        PendingSignup p 
    WHERE
        p.expiryTime < :time */ select
            ps1_0.id,
            ps1_0.email,
            ps1_0.expiry_time,
            ps1_0.otp,
            ps1_0.password,
            ps1_0.username 
        from
            pending_signup ps1_0 
        where
            ps1_0.expiry_time<?
2026-06-20 01:15:51 [scheduling-1] INFO  c.p.b.m.aspect.LoggingAspect - [d39e1a0c-a8b8-49a5-a617-46f52963e028] <-- PendingSignupCleanupService.deleteExpiredPendingSignups() | timeMs=1
2026-06-20 01:16:51 [scheduling-1] INFO  c.p.b.m.aspect.LoggingAspect - [8e1149eb-0824-4dcc-91c3-82c0eb189426] --> PendingSignupCleanupService.deleteExpiredPendingSignups()
2026-06-20 01:16:51 [scheduling-1] DEBUG org.hibernate.SQL - 
    /* SELECT
        p 
    FROM
        PendingSignup p 
    WHERE
        p.expiryTime < :time */ select
            ps1_0.id,
            ps1_0.email,
            ps1_0.expiry_time,
            ps1_0.otp,
            ps1_0.password,
            ps1_0.username 
        from
            pending_signup ps1_0 
        where
            ps1_0.expiry_time<?
2026-06-20 01:16:51 [scheduling-1] INFO  c.p.b.m.aspect.LoggingAspect - [8e1149eb-0824-4dcc-91c3-82c0eb189426] <-- PendingSignupCleanupService.deleteExpiredPendingSignups() | timeMs=1
2026-06-20 01:17:51 [scheduling-1] INFO  c.p.b.m.aspect.LoggingAspect - [da6ecf41-5491-49a7-a8b7-94759d065b60] --> PendingSignupCleanupService.deleteExpiredPendingSignups()
2026-06-20 01:17:51 [scheduling-1] DEBUG org.hibernate.SQL - 
    /* SELECT
        p 
    FROM
        PendingSignup p 
    WHERE
        p.expiryTime < :time */ select
            ps1_0.id,
            ps1_0.email,
            ps1_0.expiry_time,
            ps1_0.otp,
            ps1_0.password,
            ps1_0.username 
        from
            pending_signup ps1_0 
        where
            ps1_0.expiry_time<?
2026-06-20 01:17:51 [scheduling-1] INFO  c.p.b.m.aspect.LoggingAspect - [da6ecf41-5491-49a7-a8b7-94759d065b60] <-- PendingSignupCleanupService.deleteExpiredPendingSignups() | timeMs=1
2026-06-20 01:18:51 [scheduling-1] INFO  c.p.b.m.aspect.LoggingAspect - [8d3e4e1e-9182-4772-b32d-7dde07c6d1a5] --> PendingSignupCleanupService.deleteExpiredPendingSignups()
2026-06-20 01:18:51 [scheduling-1] DEBUG org.hibernate.SQL - 
    /* SELECT
        p 
    FROM
        PendingSignup p 
    WHERE
        p.expiryTime < :time */ select
            ps1_0.id,
            ps1_0.email,
            ps1_0.expiry_time,
            ps1_0.otp,
            ps1_0.password,
            ps1_0.username 
        from
            pending_signup ps1_0 
        where
            ps1_0.expiry_time<?
2026-06-20 01:18:51 [scheduling-1] INFO  c.p.b.m.aspect.LoggingAspect - [8d3e4e1e-9182-4772-b32d-7dde07c6d1a5] <-- PendingSignupCleanupService.deleteExpiredPendingSignups() | timeMs=1
2026-06-20 01:19:51 [scheduling-1] INFO  c.p.b.m.aspect.LoggingAspect - [e92fe499-2474-4c84-a6ab-d5f59b287199] --> PendingSignupCleanupService.deleteExpiredPendingSignups()
2026-06-20 01:19:51 [scheduling-1] DEBUG org.hibernate.SQL - 
    /* SELECT
        p 
    FROM
        PendingSignup p 
    WHERE
        p.expiryTime < :time */ select
            ps1_0.id,
            ps1_0.email,
            ps1_0.expiry_time,
            ps1_0.otp,
            ps1_0.password,
            ps1_0.username 
        from
            pending_signup ps1_0 
        where
            ps1_0.expiry_time<?
2026-06-20 01:19:51 [scheduling-1] INFO  c.p.b.m.aspect.LoggingAspect - [e92fe499-2474-4c84-a6ab-d5f59b287199] <-- PendingSignupCleanupService.deleteExpiredPendingSignups() | timeMs=1
2026-06-20 01:20:51 [scheduling-1] INFO  c.p.b.m.aspect.LoggingAspect - [1682b984-054a-4001-b732-35928508488b] --> PendingSignupCleanupService.deleteExpiredPendingSignups()
2026-06-20 01:20:51 [scheduling-1] DEBUG org.hibernate.SQL - 
    /* SELECT
        p 
    FROM
        PendingSignup p 
    WHERE
        p.expiryTime < :time */ select
            ps1_0.id,
            ps1_0.email,
            ps1_0.expiry_time,
            ps1_0.otp,
            ps1_0.password,
            ps1_0.username 
        from
            pending_signup ps1_0 
        where
            ps1_0.expiry_time<?
2026-06-20 01:20:51 [scheduling-1] INFO  c.p.b.m.aspect.LoggingAspect - [1682b984-054a-4001-b732-35928508488b] <-- PendingSignupCleanupService.deleteExpiredPendingSignups() | timeMs=1
2026-06-20 01:21:51 [scheduling-1] INFO  c.p.b.m.aspect.LoggingAspect - [7d064c70-d2f6-41d7-b768-949c0a098232] --> PendingSignupCleanupService.deleteExpiredPendingSignups()
2026-06-20 01:21:51 [scheduling-1] DEBUG org.hibernate.SQL - 
    /* SELECT
        p 
    FROM
        PendingSignup p 
    WHERE
        p.expiryTime < :time */ select
            ps1_0.id,
            ps1_0.email,
            ps1_0.expiry_time,
            ps1_0.otp,
            ps1_0.password,
            ps1_0.username 
        from
            pending_signup ps1_0 
        where
            ps1_0.expiry_time<?
2026-06-20 01:21:51 [scheduling-1] INFO  c.p.b.m.aspect.LoggingAspect - [7d064c70-d2f6-41d7-b768-949c0a098232] <-- PendingSignupCleanupService.deleteExpiredPendingSignups() | timeMs=1
2026-06-20 01:22:51 [scheduling-1] INFO  c.p.b.m.aspect.LoggingAspect - [e7fe17fd-26fa-417b-9ce8-7a131bc79390] --> PendingSignupCleanupService.deleteExpiredPendingSignups()
2026-06-20 01:22:51 [scheduling-1] DEBUG org.hibernate.SQL - 
    /* SELECT
        p 
    FROM
        PendingSignup p 
    WHERE
        p.expiryTime < :time */ select
            ps1_0.id,
            ps1_0.email,
            ps1_0.expiry_time,
            ps1_0.otp,
            ps1_0.password,
            ps1_0.username 
        from
            pending_signup ps1_0 
        where
            ps1_0.expiry_time<?
2026-06-20 01:22:51 [scheduling-1] INFO  c.p.b.m.aspect.LoggingAspect - [e7fe17fd-26fa-417b-9ce8-7a131bc79390] <-- PendingSignupCleanupService.deleteExpiredPendingSignups() | timeMs=1
2026-06-20 01:23:51 [scheduling-1] INFO  c.p.b.m.aspect.LoggingAspect - [7d47a9bc-b00d-4e9e-90a3-d5ff02da3d93] --> PendingSignupCleanupService.deleteExpiredPendingSignups()
2026-06-20 01:23:51 [scheduling-1] DEBUG org.hibernate.SQL - 
    /* SELECT
        p 
    FROM
        PendingSignup p 
    WHERE
        p.expiryTime < :time */ select
            ps1_0.id,
            ps1_0.email,
            ps1_0.expiry_time,
            ps1_0.otp,
            ps1_0.password,
            ps1_0.username 
        from
            pending_signup ps1_0 
        where
            ps1_0.expiry_time<?
2026-06-20 01:23:51 [scheduling-1] INFO  c.p.b.m.aspect.LoggingAspect - [7d47a9bc-b00d-4e9e-90a3-d5ff02da3d93] <-- PendingSignupCleanupService.deleteExpiredPendingSignups() | timeMs=1
2026-06-20 01:24:51 [scheduling-1] INFO  c.p.b.m.aspect.LoggingAspect - [1bba7c8e-c2a1-48e6-8c8f-221ab8cde2bc] --> PendingSignupCleanupService.deleteExpiredPendingSignups()
2026-06-20 01:24:51 [scheduling-1] DEBUG org.hibernate.SQL - 
    /* SELECT
        p 
    FROM
        PendingSignup p 
    WHERE
        p.expiryTime < :time */ select
            ps1_0.id,
            ps1_0.email,
            ps1_0.expiry_time,
            ps1_0.otp,
            ps1_0.password,
            ps1_0.username 
        from
            pending_signup ps1_0 
        where
            ps1_0.expiry_time<?
2026-06-20 01:24:51 [scheduling-1] INFO  c.p.b.m.aspect.LoggingAspect - [1bba7c8e-c2a1-48e6-8c8f-221ab8cde2bc] <-- PendingSignupCleanupService.deleteExpiredPendingSignups() | timeMs=1
2026-06-20 01:25:51 [scheduling-1] INFO  c.p.b.m.aspect.LoggingAspect - [17610ef1-f4d9-42e1-8701-3930536d2c2f] --> PendingSignupCleanupService.deleteExpiredPendingSignups()
2026-06-20 01:25:51 [scheduling-1] DEBUG org.hibernate.SQL - 
    /* SELECT
        p 
    FROM
        PendingSignup p 
    WHERE
        p.expiryTime < :time */ select
            ps1_0.id,
            ps1_0.email,
            ps1_0.expiry_time,
            ps1_0.otp,
            ps1_0.password,
            ps1_0.username 
        from
            pending_signup ps1_0 
        where
            ps1_0.expiry_time<?
2026-06-20 01:25:51 [scheduling-1] INFO  c.p.b.m.aspect.LoggingAspect - [17610ef1-f4d9-42e1-8701-3930536d2c2f] <-- PendingSignupCleanupService.deleteExpiredPendingSignups() | timeMs=1
2026-06-20 01:26:51 [scheduling-1] INFO  c.p.b.m.aspect.LoggingAspect - [aa0425c9-6168-482f-bbcc-1253918e3fa6] --> PendingSignupCleanupService.deleteExpiredPendingSignups()
2026-06-20 01:26:51 [scheduling-1] DEBUG org.hibernate.SQL - 
    /* SELECT
        p 
    FROM
        PendingSignup p 
    WHERE
        p.expiryTime < :time */ select
            ps1_0.id,
            ps1_0.email,
            ps1_0.expiry_time,
            ps1_0.otp,
            ps1_0.password,
            ps1_0.username 
        from
            pending_signup ps1_0 
        where
            ps1_0.expiry_time<?
2026-06-20 01:26:51 [scheduling-1] INFO  c.p.b.m.aspect.LoggingAspect - [aa0425c9-6168-482f-bbcc-1253918e3fa6] <-- PendingSignupCleanupService.deleteExpiredPendingSignups() | timeMs=1
2026-06-20 01:27:51 [scheduling-1] INFO  c.p.b.m.aspect.LoggingAspect - [9aa17858-f1a3-4e62-89bb-4ffe48d1bae4] --> PendingSignupCleanupService.deleteExpiredPendingSignups()
2026-06-20 01:27:51 [scheduling-1] DEBUG org.hibernate.SQL - 
    /* SELECT
        p 
    FROM
        PendingSignup p 
    WHERE
        p.expiryTime < :time */ select
            ps1_0.id,
            ps1_0.email,
            ps1_0.expiry_time,
            ps1_0.otp,
            ps1_0.password,
            ps1_0.username 
        from
            pending_signup ps1_0 
        where
            ps1_0.expiry_time<?
2026-06-20 01:27:51 [scheduling-1] INFO  c.p.b.m.aspect.LoggingAspect - [9aa17858-f1a3-4e62-89bb-4ffe48d1bae4] <-- PendingSignupCleanupService.deleteExpiredPendingSignups() | timeMs=1
2026-06-20 01:28:51 [scheduling-1] INFO  c.p.b.m.aspect.LoggingAspect - [7ddaae33-dd4c-4ce5-892a-b2b6a50db78d] --> PendingSignupCleanupService.deleteExpiredPendingSignups()
2026-06-20 01:28:51 [scheduling-1] DEBUG org.hibernate.SQL - 
    /* SELECT
        p 
    FROM
        PendingSignup p 
    WHERE
        p.expiryTime < :time */ select
            ps1_0.id,
            ps1_0.email,
            ps1_0.expiry_time,
            ps1_0.otp,
            ps1_0.password,
            ps1_0.username 
        from
            pending_signup ps1_0 
        where
            ps1_0.expiry_time<?
2026-06-20 01:28:51 [scheduling-1] INFO  c.p.b.m.aspect.LoggingAspect - [7ddaae33-dd4c-4ce5-892a-b2b6a50db78d] <-- PendingSignupCleanupService.deleteExpiredPendingSignups() | timeMs=1
2026-06-20 01:29:51 [scheduling-1] INFO  c.p.b.m.aspect.LoggingAspect - [679b52c1-5ff1-4927-87b5-2ac0e951cac6] --> PendingSignupCleanupService.deleteExpiredPendingSignups()
2026-06-20 01:29:51 [scheduling-1] DEBUG org.hibernate.SQL - 
    /* SELECT
        p 
    FROM
        PendingSignup p 
    WHERE
        p.expiryTime < :time */ select
            ps1_0.id,
            ps1_0.email,
            ps1_0.expiry_time,
            ps1_0.otp,
            ps1_0.password,
            ps1_0.username 
        from
            pending_signup ps1_0 
        where
            ps1_0.expiry_time<?
2026-06-20 01:29:51 [scheduling-1] INFO  c.p.b.m.aspect.LoggingAspect - [679b52c1-5ff1-4927-87b5-2ac0e951cac6] <-- PendingSignupCleanupService.deleteExpiredPendingSignups() | timeMs=1
2026-06-20 01:30:51 [scheduling-1] INFO  c.p.b.m.aspect.LoggingAspect - [adb38692-dea0-4039-991e-a03b8ccdbe26] --> PendingSignupCleanupService.deleteExpiredPendingSignups()
2026-06-20 01:30:51 [scheduling-1] DEBUG org.hibernate.SQL - 
    /* SELECT
        p 
    FROM
        PendingSignup p 
    WHERE
        p.expiryTime < :time */ select
            ps1_0.id,
            ps1_0.email,
            ps1_0.expiry_time,
            ps1_0.otp,
            ps1_0.password,
            ps1_0.username 
        from
            pending_signup ps1_0 
        where
            ps1_0.expiry_time<?
2026-06-20 01:30:51 [scheduling-1] INFO  c.p.b.m.aspect.LoggingAspect - [adb38692-dea0-4039-991e-a03b8ccdbe26] <-- PendingSignupCleanupService.deleteExpiredPendingSignups() | timeMs=1
2026-06-20 01:31:51 [scheduling-1] INFO  c.p.b.m.aspect.LoggingAspect - [393ff15f-c003-4526-a1d1-67fd886f8124] --> PendingSignupCleanupService.deleteExpiredPendingSignups()
2026-06-20 01:31:51 [scheduling-1] DEBUG org.hibernate.SQL - 
    /* SELECT
        p 
    FROM
        PendingSignup p 
    WHERE
        p.expiryTime < :time */ select
            ps1_0.id,
            ps1_0.email,
            ps1_0.expiry_time,
            ps1_0.otp,
            ps1_0.password,
            ps1_0.username 
        from
            pending_signup ps1_0 
        where
            ps1_0.expiry_time<?
2026-06-20 01:31:51 [scheduling-1] INFO  c.p.b.m.aspect.LoggingAspect - [393ff15f-c003-4526-a1d1-67fd886f8124] <-- PendingSignupCleanupService.deleteExpiredPendingSignups() | timeMs=1
2026-06-20 01:32:51 [scheduling-1] INFO  c.p.b.m.aspect.LoggingAspect - [632c3309-e763-48e7-b74e-9675b9c4af96] --> PendingSignupCleanupService.deleteExpiredPendingSignups()
2026-06-20 01:32:51 [scheduling-1] DEBUG org.hibernate.SQL - 
    /* SELECT
        p 
    FROM
        PendingSignup p 
    WHERE
        p.expiryTime < :time */ select
            ps1_0.id,
            ps1_0.email,
            ps1_0.expiry_time,
            ps1_0.otp,
            ps1_0.password,
            ps1_0.username 
        from
            pending_signup ps1_0 
        where
            ps1_0.expiry_time<?
2026-06-20 01:32:51 [scheduling-1] INFO  c.p.b.m.aspect.LoggingAspect - [632c3309-e763-48e7-b74e-9675b9c4af96] <-- PendingSignupCleanupService.deleteExpiredPendingSignups() | timeMs=0
2026-06-20 01:33:51 [scheduling-1] INFO  c.p.b.m.aspect.LoggingAspect - [38d550ac-2c0e-4999-ba17-fa3387146b91] --> PendingSignupCleanupService.deleteExpiredPendingSignups()
2026-06-20 01:33:51 [scheduling-1] DEBUG org.hibernate.SQL - 
    /* SELECT
        p 
    FROM
        PendingSignup p 
    WHERE
        p.expiryTime < :time */ select
            ps1_0.id,
            ps1_0.email,
            ps1_0.expiry_time,
            ps1_0.otp,
            ps1_0.password,
            ps1_0.username 
        from
            pending_signup ps1_0 
        where
            ps1_0.expiry_time<?
2026-06-20 01:33:51 [scheduling-1] INFO  c.p.b.m.aspect.LoggingAspect - [38d550ac-2c0e-4999-ba17-fa3387146b91] <-- PendingSignupCleanupService.deleteExpiredPendingSignups() | timeMs=1
2026-06-20 01:34:51 [scheduling-1] INFO  c.p.b.m.aspect.LoggingAspect - [59c59824-1f1c-4fec-8019-42a7804c81d4] --> PendingSignupCleanupService.deleteExpiredPendingSignups()
2026-06-20 01:34:51 [scheduling-1] DEBUG org.hibernate.SQL - 
    /* SELECT
        p 
    FROM
        PendingSignup p 
    WHERE
        p.expiryTime < :time */ select
            ps1_0.id,
            ps1_0.email,
            ps1_0.expiry_time,
            ps1_0.otp,
            ps1_0.password,
            ps1_0.username 
        from
            pending_signup ps1_0 
        where
            ps1_0.expiry_time<?
2026-06-20 01:34:51 [scheduling-1] INFO  c.p.b.m.aspect.LoggingAspect - [59c59824-1f1c-4fec-8019-42a7804c81d4] <-- PendingSignupCleanupService.deleteExpiredPendingSignups() | timeMs=1
2026-06-20 01:35:51 [scheduling-1] INFO  c.p.b.m.aspect.LoggingAspect - [97f44076-b082-4f0c-accb-230a3a6e4fa4] --> PendingSignupCleanupService.deleteExpiredPendingSignups()
2026-06-20 01:35:51 [scheduling-1] DEBUG org.hibernate.SQL - 
    /* SELECT
        p 
    FROM
        PendingSignup p 
    WHERE
        p.expiryTime < :time */ select
            ps1_0.id,
            ps1_0.email,
            ps1_0.expiry_time,
            ps1_0.otp,
            ps1_0.password,
            ps1_0.username 
        from
            pending_signup ps1_0 
        where
            ps1_0.expiry_time<?
2026-06-20 01:35:51 [scheduling-1] INFO  c.p.b.m.aspect.LoggingAspect - [97f44076-b082-4f0c-accb-230a3a6e4fa4] <-- PendingSignupCleanupService.deleteExpiredPendingSignups() | timeMs=0
2026-06-20 01:36:51 [scheduling-1] INFO  c.p.b.m.aspect.LoggingAspect - [a91bc7f7-1c12-47e7-a757-ad27d7af43a8] --> PendingSignupCleanupService.deleteExpiredPendingSignups()
2026-06-20 01:36:51 [scheduling-1] DEBUG org.hibernate.SQL - 
    /* SELECT
        p 
    FROM
        PendingSignup p 
    WHERE
        p.expiryTime < :time */ select
            ps1_0.id,
            ps1_0.email,
            ps1_0.expiry_time,
            ps1_0.otp,
            ps1_0.password,
            ps1_0.username 
        from
            pending_signup ps1_0 
        where
            ps1_0.expiry_time<?
2026-06-20 01:36:51 [scheduling-1] INFO  c.p.b.m.aspect.LoggingAspect - [a91bc7f7-1c12-47e7-a757-ad27d7af43a8] <-- PendingSignupCleanupService.deleteExpiredPendingSignups() | timeMs=1
2026-06-20 01:37:51 [scheduling-1] INFO  c.p.b.m.aspect.LoggingAspect - [854f54ac-063e-422a-8c46-afd6ef1c389e] --> PendingSignupCleanupService.deleteExpiredPendingSignups()
2026-06-20 01:37:51 [scheduling-1] DEBUG org.hibernate.SQL - 
    /* SELECT
        p 
    FROM
        PendingSignup p 
    WHERE
        p.expiryTime < :time */ select
            ps1_0.id,
            ps1_0.email,
            ps1_0.expiry_time,
            ps1_0.otp,
            ps1_0.password,
            ps1_0.username 
        from
            pending_signup ps1_0 
        where
            ps1_0.expiry_time<?
2026-06-20 01:37:51 [scheduling-1] INFO  c.p.b.m.aspect.LoggingAspect - [854f54ac-063e-422a-8c46-afd6ef1c389e] <-- PendingSignupCleanupService.deleteExpiredPendingSignups() | timeMs=1
2026-06-20 01:38:51 [scheduling-1] INFO  c.p.b.m.aspect.LoggingAspect - [62f6a6d5-cfde-42a5-a6c1-871c128a4638] --> PendingSignupCleanupService.deleteExpiredPendingSignups()
2026-06-20 01:38:51 [scheduling-1] DEBUG org.hibernate.SQL - 
    /* SELECT
        p 
    FROM
        PendingSignup p 
    WHERE
        p.expiryTime < :time */ select
            ps1_0.id,
            ps1_0.email,
            ps1_0.expiry_time,
            ps1_0.otp,
            ps1_0.password,
            ps1_0.username 
        from
            pending_signup ps1_0 
        where
            ps1_0.expiry_time<?
2026-06-20 01:38:51 [scheduling-1] INFO  c.p.b.m.aspect.LoggingAspect - [62f6a6d5-cfde-42a5-a6c1-871c128a4638] <-- PendingSignupCleanupService.deleteExpiredPendingSignups() | timeMs=1
2026-06-20 01:39:51 [scheduling-1] INFO  c.p.b.m.aspect.LoggingAspect - [e8594d7f-4900-43f0-b9d4-794421669a55] --> PendingSignupCleanupService.deleteExpiredPendingSignups()
2026-06-20 01:39:51 [scheduling-1] DEBUG org.hibernate.SQL - 
    /* SELECT
        p 
    FROM
        PendingSignup p 
    WHERE
        p.expiryTime < :time */ select
            ps1_0.id,
            ps1_0.email,
            ps1_0.expiry_time,
            ps1_0.otp,
            ps1_0.password,
            ps1_0.username 
        from
            pending_signup ps1_0 
        where
            ps1_0.expiry_time<?
2026-06-20 01:39:51 [scheduling-1] INFO  c.p.b.m.aspect.LoggingAspect - [e8594d7f-4900-43f0-b9d4-794421669a55] <-- PendingSignupCleanupService.deleteExpiredPendingSignups() | timeMs=1
2026-06-20 01:40:51 [scheduling-1] INFO  c.p.b.m.aspect.LoggingAspect - [1effc7c8-efbe-4bc2-bb32-3c2af6701608] --> PendingSignupCleanupService.deleteExpiredPendingSignups()
2026-06-20 01:40:51 [scheduling-1] DEBUG org.hibernate.SQL - 
    /* SELECT
        p 
    FROM
        PendingSignup p 
    WHERE
        p.expiryTime < :time */ select
            ps1_0.id,
            ps1_0.email,
            ps1_0.expiry_time,
            ps1_0.otp,
            ps1_0.password,
            ps1_0.username 
        from
            pending_signup ps1_0 
        where
            ps1_0.expiry_time<?
2026-06-20 01:40:51 [scheduling-1] INFO  c.p.b.m.aspect.LoggingAspect - [1effc7c8-efbe-4bc2-bb32-3c2af6701608] <-- PendingSignupCleanupService.deleteExpiredPendingSignups() | timeMs=1
2026-06-20 01:41:51 [scheduling-1] INFO  c.p.b.m.aspect.LoggingAspect - [4f4bb22c-7e2d-41f5-9c68-f71f818ea03c] --> PendingSignupCleanupService.deleteExpiredPendingSignups()
2026-06-20 01:41:51 [scheduling-1] DEBUG org.hibernate.SQL - 
    /* SELECT
        p 
    FROM
        PendingSignup p 
    WHERE
        p.expiryTime < :time */ select
            ps1_0.id,
            ps1_0.email,
            ps1_0.expiry_time,
            ps1_0.otp,
            ps1_0.password,
            ps1_0.username 
        from
            pending_signup ps1_0 
        where
            ps1_0.expiry_time<?
2026-06-20 01:41:51 [scheduling-1] INFO  c.p.b.m.aspect.LoggingAspect - [4f4bb22c-7e2d-41f5-9c68-f71f818ea03c] <-- PendingSignupCleanupService.deleteExpiredPendingSignups() | timeMs=1
2026-06-20 01:42:51 [scheduling-1] INFO  c.p.b.m.aspect.LoggingAspect - [9bd21756-14d8-4760-ab8e-215d01b66550] --> PendingSignupCleanupService.deleteExpiredPendingSignups()
2026-06-20 01:42:51 [scheduling-1] DEBUG org.hibernate.SQL - 
    /* SELECT
        p 
    FROM
        PendingSignup p 
    WHERE
        p.expiryTime < :time */ select
            ps1_0.id,
            ps1_0.email,
            ps1_0.expiry_time,
            ps1_0.otp,
            ps1_0.password,
            ps1_0.username 
        from
            pending_signup ps1_0 
        where
            ps1_0.expiry_time<?
2026-06-20 01:42:51 [scheduling-1] INFO  c.p.b.m.aspect.LoggingAspect - [9bd21756-14d8-4760-ab8e-215d01b66550] <-- PendingSignupCleanupService.deleteExpiredPendingSignups() | timeMs=1
2026-06-20 01:43:51 [scheduling-1] INFO  c.p.b.m.aspect.LoggingAspect - [c20ef833-063d-491e-becf-58c282b659d4] --> PendingSignupCleanupService.deleteExpiredPendingSignups()
2026-06-20 01:43:51 [scheduling-1] DEBUG org.hibernate.SQL - 
    /* SELECT
        p 
    FROM
        PendingSignup p 
    WHERE
        p.expiryTime < :time */ select
            ps1_0.id,
            ps1_0.email,
            ps1_0.expiry_time,
            ps1_0.otp,
            ps1_0.password,
            ps1_0.username 
        from
            pending_signup ps1_0 
        where
            ps1_0.expiry_time<?
2026-06-20 01:43:51 [scheduling-1] INFO  c.p.b.m.aspect.LoggingAspect - [c20ef833-063d-491e-becf-58c282b659d4] <-- PendingSignupCleanupService.deleteExpiredPendingSignups() | timeMs=1
2026-06-20 01:44:51 [scheduling-1] INFO  c.p.b.m.aspect.LoggingAspect - [0f0fa948-b6e9-4f36-b191-e9314a2e54f3] --> PendingSignupCleanupService.deleteExpiredPendingSignups()
2026-06-20 01:44:51 [scheduling-1] DEBUG org.hibernate.SQL - 
    /* SELECT
        p 
    FROM
        PendingSignup p 
    WHERE
        p.expiryTime < :time */ select
            ps1_0.id,
            ps1_0.email,
            ps1_0.expiry_time,
            ps1_0.otp,
            ps1_0.password,
            ps1_0.username 
        from
            pending_signup ps1_0 
        where
            ps1_0.expiry_time<?
2026-06-20 01:44:51 [scheduling-1] INFO  c.p.b.m.aspect.LoggingAspect - [0f0fa948-b6e9-4f36-b191-e9314a2e54f3] <-- PendingSignupCleanupService.deleteExpiredPendingSignups() | timeMs=1
2026-06-20 01:45:51 [scheduling-1] INFO  c.p.b.m.aspect.LoggingAspect - [e0998533-999e-4118-998b-4a69cc7fb932] --> PendingSignupCleanupService.deleteExpiredPendingSignups()
2026-06-20 01:45:51 [scheduling-1] DEBUG org.hibernate.SQL - 
    /* SELECT
        p 
    FROM
        PendingSignup p 
    WHERE
        p.expiryTime < :time */ select
            ps1_0.id,
            ps1_0.email,
            ps1_0.expiry_time,
            ps1_0.otp,
            ps1_0.password,
            ps1_0.username 
        from
            pending_signup ps1_0 
        where
            ps1_0.expiry_time<?
2026-06-20 01:45:51 [scheduling-1] INFO  c.p.b.m.aspect.LoggingAspect - [e0998533-999e-4118-998b-4a69cc7fb932] <-- PendingSignupCleanupService.deleteExpiredPendingSignups() | timeMs=1
2026-06-20 01:46:51 [scheduling-1] INFO  c.p.b.m.aspect.LoggingAspect - [fc9cf3e7-a7f6-4afe-9c70-6a13dc97bd32] --> PendingSignupCleanupService.deleteExpiredPendingSignups()
2026-06-20 01:46:51 [scheduling-1] DEBUG org.hibernate.SQL - 
    /* SELECT
        p 
    FROM
        PendingSignup p 
    WHERE
        p.expiryTime < :time */ select
            ps1_0.id,
            ps1_0.email,
            ps1_0.expiry_time,
            ps1_0.otp,
            ps1_0.password,
            ps1_0.username 
        from
            pending_signup ps1_0 
        where
            ps1_0.expiry_time<?
2026-06-20 01:46:51 [scheduling-1] INFO  c.p.b.m.aspect.LoggingAspect - [fc9cf3e7-a7f6-4afe-9c70-6a13dc97bd32] <-- PendingSignupCleanupService.deleteExpiredPendingSignups() | timeMs=1
2026-06-20 01:47:51 [scheduling-1] INFO  c.p.b.m.aspect.LoggingAspect - [3d7b73a0-82ac-4736-a127-790a48e2e2c0] --> PendingSignupCleanupService.deleteExpiredPendingSignups()
2026-06-20 01:47:51 [scheduling-1] DEBUG org.hibernate.SQL - 
    /* SELECT
        p 
    FROM
        PendingSignup p 
    WHERE
        p.expiryTime < :time */ select
            ps1_0.id,
            ps1_0.email,
            ps1_0.expiry_time,
            ps1_0.otp,
            ps1_0.password,
            ps1_0.username 
        from
            pending_signup ps1_0 
        where
            ps1_0.expiry_time<?
2026-06-20 01:47:51 [scheduling-1] INFO  c.p.b.m.aspect.LoggingAspect - [3d7b73a0-82ac-4736-a127-790a48e2e2c0] <-- PendingSignupCleanupService.deleteExpiredPendingSignups() | timeMs=1
2026-06-20 01:48:51 [scheduling-1] INFO  c.p.b.m.aspect.LoggingAspect - [4fc5a2d0-08ef-440e-8b4d-8b3523f1550a] --> PendingSignupCleanupService.deleteExpiredPendingSignups()
2026-06-20 01:48:51 [scheduling-1] DEBUG org.hibernate.SQL - 
    /* SELECT
        p 
    FROM
        PendingSignup p 
    WHERE
        p.expiryTime < :time */ select
            ps1_0.id,
            ps1_0.email,
            ps1_0.expiry_time,
            ps1_0.otp,
            ps1_0.password,
            ps1_0.username 
        from
            pending_signup ps1_0 
        where
            ps1_0.expiry_time<?
2026-06-20 01:48:51 [scheduling-1] INFO  c.p.b.m.aspect.LoggingAspect - [4fc5a2d0-08ef-440e-8b4d-8b3523f1550a] <-- PendingSignupCleanupService.deleteExpiredPendingSignups() | timeMs=1
2026-06-20 01:49:51 [scheduling-1] INFO  c.p.b.m.aspect.LoggingAspect - [7a46e027-fbb1-47be-ba78-9b4d3ea173ad] --> PendingSignupCleanupService.deleteExpiredPendingSignups()
2026-06-20 01:49:51 [scheduling-1] DEBUG org.hibernate.SQL - 
    /* SELECT
        p 
    FROM
        PendingSignup p 
    WHERE
        p.expiryTime < :time */ select
            ps1_0.id,
            ps1_0.email,
            ps1_0.expiry_time,
            ps1_0.otp,
            ps1_0.password,
            ps1_0.username 
        from
            pending_signup ps1_0 
        where
            ps1_0.expiry_time<?
2026-06-20 01:49:51 [scheduling-1] INFO  c.p.b.m.aspect.LoggingAspect - [7a46e027-fbb1-47be-ba78-9b4d3ea173ad] <-- PendingSignupCleanupService.deleteExpiredPendingSignups() | timeMs=1
2026-06-20 01:50:51 [scheduling-1] INFO  c.p.b.m.aspect.LoggingAspect - [a35b81fa-41ed-45f6-839c-de96afadaf18] --> PendingSignupCleanupService.deleteExpiredPendingSignups()
2026-06-20 01:50:51 [scheduling-1] DEBUG org.hibernate.SQL - 
    /* SELECT
        p 
    FROM
        PendingSignup p 
    WHERE
        p.expiryTime < :time */ select
            ps1_0.id,
            ps1_0.email,
            ps1_0.expiry_time,
            ps1_0.otp,
            ps1_0.password,
            ps1_0.username 
        from
            pending_signup ps1_0 
        where
            ps1_0.expiry_time<?
2026-06-20 01:50:51 [scheduling-1] INFO  c.p.b.m.aspect.LoggingAspect - [a35b81fa-41ed-45f6-839c-de96afadaf18] <-- PendingSignupCleanupService.deleteExpiredPendingSignups() | timeMs=1
2026-06-20 01:51:51 [scheduling-1] INFO  c.p.b.m.aspect.LoggingAspect - [7f41e836-9e1a-4555-882a-d8ed2c32292b] --> PendingSignupCleanupService.deleteExpiredPendingSignups()
2026-06-20 01:51:51 [scheduling-1] DEBUG org.hibernate.SQL - 
    /* SELECT
        p 
    FROM
        PendingSignup p 
    WHERE
        p.expiryTime < :time */ select
            ps1_0.id,
            ps1_0.email,
            ps1_0.expiry_time,
            ps1_0.otp,
            ps1_0.password,
            ps1_0.username 
        from
            pending_signup ps1_0 
        where
            ps1_0.expiry_time<?
2026-06-20 01:51:51 [scheduling-1] INFO  c.p.b.m.aspect.LoggingAspect - [7f41e836-9e1a-4555-882a-d8ed2c32292b] <-- PendingSignupCleanupService.deleteExpiredPendingSignups() | timeMs=1
2026-06-20 01:52:51 [scheduling-1] INFO  c.p.b.m.aspect.LoggingAspect - [674af55a-f738-46c5-952d-33225d451247] --> PendingSignupCleanupService.deleteExpiredPendingSignups()
2026-06-20 01:52:51 [scheduling-1] DEBUG org.hibernate.SQL - 
    /* SELECT
        p 
    FROM
        PendingSignup p 
    WHERE
        p.expiryTime < :time */ select
            ps1_0.id,
            ps1_0.email,
            ps1_0.expiry_time,
            ps1_0.otp,
            ps1_0.password,
            ps1_0.username 
        from
            pending_signup ps1_0 
        where
            ps1_0.expiry_time<?
2026-06-20 01:52:51 [scheduling-1] INFO  c.p.b.m.aspect.LoggingAspect - [674af55a-f738-46c5-952d-33225d451247] <-- PendingSignupCleanupService.deleteExpiredPendingSignups() | timeMs=1
2026-06-20 01:53:51 [scheduling-1] INFO  c.p.b.m.aspect.LoggingAspect - [79422e06-a677-4af4-a759-06856ba3ff8b] --> PendingSignupCleanupService.deleteExpiredPendingSignups()
2026-06-20 01:53:51 [scheduling-1] DEBUG org.hibernate.SQL - 
    /* SELECT
        p 
    FROM
        PendingSignup p 
    WHERE
        p.expiryTime < :time */ select
            ps1_0.id,
            ps1_0.email,
            ps1_0.expiry_time,
            ps1_0.otp,
            ps1_0.password,
            ps1_0.username 
        from
            pending_signup ps1_0 
        where
            ps1_0.expiry_time<?
2026-06-20 01:53:51 [scheduling-1] INFO  c.p.b.m.aspect.LoggingAspect - [79422e06-a677-4af4-a759-06856ba3ff8b] <-- PendingSignupCleanupService.deleteExpiredPendingSignups() | timeMs=1
2026-06-20 01:54:51 [scheduling-1] INFO  c.p.b.m.aspect.LoggingAspect - [d737e8f0-5119-421c-a937-915026267f82] --> PendingSignupCleanupService.deleteExpiredPendingSignups()
2026-06-20 01:54:51 [scheduling-1] DEBUG org.hibernate.SQL - 
    /* SELECT
        p 
    FROM
        PendingSignup p 
    WHERE
        p.expiryTime < :time */ select
            ps1_0.id,
            ps1_0.email,
            ps1_0.expiry_time,
            ps1_0.otp,
            ps1_0.password,
            ps1_0.username 
        from
            pending_signup ps1_0 
        where
            ps1_0.expiry_time<?
2026-06-20 01:54:51 [scheduling-1] INFO  c.p.b.m.aspect.LoggingAspect - [d737e8f0-5119-421c-a937-915026267f82] <-- PendingSignupCleanupService.deleteExpiredPendingSignups() | timeMs=1
2026-06-20 01:55:51 [scheduling-1] INFO  c.p.b.m.aspect.LoggingAspect - [09ca8b61-9c8d-40df-aa4d-568c6e8732c4] --> PendingSignupCleanupService.deleteExpiredPendingSignups()
2026-06-20 01:55:51 [scheduling-1] DEBUG org.hibernate.SQL - 
    /* SELECT
        p 
    FROM
        PendingSignup p 
    WHERE
        p.expiryTime < :time */ select
            ps1_0.id,
            ps1_0.email,
            ps1_0.expiry_time,
            ps1_0.otp,
            ps1_0.password,
            ps1_0.username 
        from
            pending_signup ps1_0 
        where
            ps1_0.expiry_time<?
2026-06-20 01:55:51 [scheduling-1] INFO  c.p.b.m.aspect.LoggingAspect - [09ca8b61-9c8d-40df-aa4d-568c6e8732c4] <-- PendingSignupCleanupService.deleteExpiredPendingSignups() | timeMs=0
2026-06-20 01:56:51 [scheduling-1] INFO  c.p.b.m.aspect.LoggingAspect - [70ba597c-04fa-4cd2-b71b-d6fe8846f39a] --> PendingSignupCleanupService.deleteExpiredPendingSignups()
2026-06-20 01:56:51 [scheduling-1] DEBUG org.hibernate.SQL - 
    /* SELECT
        p 
    FROM
        PendingSignup p 
    WHERE
        p.expiryTime < :time */ select
            ps1_0.id,
            ps1_0.email,
            ps1_0.expiry_time,
            ps1_0.otp,
            ps1_0.password,
            ps1_0.username 
        from
            pending_signup ps1_0 
        where
            ps1_0.expiry_time<?
2026-06-20 01:56:51 [scheduling-1] INFO  c.p.b.m.aspect.LoggingAspect - [70ba597c-04fa-4cd2-b71b-d6fe8846f39a] <-- PendingSignupCleanupService.deleteExpiredPendingSignups() | timeMs=1
2026-06-20 01:57:51 [scheduling-1] INFO  c.p.b.m.aspect.LoggingAspect - [adf4b7e5-3607-4118-b078-ec6a250a453e] --> PendingSignupCleanupService.deleteExpiredPendingSignups()
2026-06-20 01:57:51 [scheduling-1] DEBUG org.hibernate.SQL - 
    /* SELECT
        p 
    FROM
        PendingSignup p 
    WHERE
        p.expiryTime < :time */ select
            ps1_0.id,
            ps1_0.email,
            ps1_0.expiry_time,
            ps1_0.otp,
            ps1_0.password,
            ps1_0.username 
        from
            pending_signup ps1_0 
        where
            ps1_0.expiry_time<?
2026-06-20 01:57:51 [scheduling-1] INFO  c.p.b.m.aspect.LoggingAspect - [adf4b7e5-3607-4118-b078-ec6a250a453e] <-- PendingSignupCleanupService.deleteExpiredPendingSignups() | timeMs=0
2026-06-20 01:58:51 [scheduling-1] INFO  c.p.b.m.aspect.LoggingAspect - [de2c966e-3a5a-4bf8-9372-c16c5f576c83] --> PendingSignupCleanupService.deleteExpiredPendingSignups()
2026-06-20 01:58:51 [scheduling-1] DEBUG org.hibernate.SQL - 
    /* SELECT
        p 
    FROM
        PendingSignup p 
    WHERE
        p.expiryTime < :time */ select
            ps1_0.id,
            ps1_0.email,
            ps1_0.expiry_time,
            ps1_0.otp,
            ps1_0.password,
            ps1_0.username 
        from
            pending_signup ps1_0 
        where
            ps1_0.expiry_time<?
2026-06-20 01:58:51 [scheduling-1] INFO  c.p.b.m.aspect.LoggingAspect - [de2c966e-3a5a-4bf8-9372-c16c5f576c83] <-- PendingSignupCleanupService.deleteExpiredPendingSignups() | timeMs=1
2026-06-20 01:59:51 [scheduling-1] INFO  c.p.b.m.aspect.LoggingAspect - [32e673f7-fc99-408d-84c4-918f1e394a6c] --> PendingSignupCleanupService.deleteExpiredPendingSignups()
2026-06-20 01:59:51 [scheduling-1] DEBUG org.hibernate.SQL - 
    /* SELECT
        p 
    FROM
        PendingSignup p 
    WHERE
        p.expiryTime < :time */ select
            ps1_0.id,
            ps1_0.email,
            ps1_0.expiry_time,
            ps1_0.otp,
            ps1_0.password,
            ps1_0.username 
        from
            pending_signup ps1_0 
        where
            ps1_0.expiry_time<?
2026-06-20 01:59:51 [scheduling-1] INFO  c.p.b.m.aspect.LoggingAspect - [32e673f7-fc99-408d-84c4-918f1e394a6c] <-- PendingSignupCleanupService.deleteExpiredPendingSignups() | timeMs=1
2026-06-20 02:00:51 [scheduling-1] INFO  c.p.b.m.aspect.LoggingAspect - [66bf3a54-0768-4648-8f54-f224b9c89f2f] --> PendingSignupCleanupService.deleteExpiredPendingSignups()
2026-06-20 02:00:51 [scheduling-1] DEBUG org.hibernate.SQL - 
    /* SELECT
        p 
    FROM
        PendingSignup p 
    WHERE
        p.expiryTime < :time */ select
            ps1_0.id,
            ps1_0.email,
            ps1_0.expiry_time,
            ps1_0.otp,
            ps1_0.password,
            ps1_0.username 
        from
            pending_signup ps1_0 
        where
            ps1_0.expiry_time<?
2026-06-20 02:00:51 [scheduling-1] INFO  c.p.b.m.aspect.LoggingAspect - [66bf3a54-0768-4648-8f54-f224b9c89f2f] <-- PendingSignupCleanupService.deleteExpiredPendingSignups() | timeMs=1
2026-06-20 02:01:51 [scheduling-1] INFO  c.p.b.m.aspect.LoggingAspect - [af59b08e-3cc9-4d6e-95bd-92b6fa74c529] --> PendingSignupCleanupService.deleteExpiredPendingSignups()
2026-06-20 02:01:51 [scheduling-1] DEBUG org.hibernate.SQL - 
    /* SELECT
        p 
    FROM
        PendingSignup p 
    WHERE
        p.expiryTime < :time */ select
            ps1_0.id,
            ps1_0.email,
            ps1_0.expiry_time,
            ps1_0.otp,
            ps1_0.password,
            ps1_0.username 
        from
            pending_signup ps1_0 
        where
            ps1_0.expiry_time<?
2026-06-20 02:01:51 [scheduling-1] INFO  c.p.b.m.aspect.LoggingAspect - [af59b08e-3cc9-4d6e-95bd-92b6fa74c529] <-- PendingSignupCleanupService.deleteExpiredPendingSignups() | timeMs=0
2026-06-20 02:02:51 [scheduling-1] INFO  c.p.b.m.aspect.LoggingAspect - [db895753-c8ce-4b8c-a905-e435b7b6ee89] --> PendingSignupCleanupService.deleteExpiredPendingSignups()
2026-06-20 02:02:51 [scheduling-1] DEBUG org.hibernate.SQL - 
    /* SELECT
        p 
    FROM
        PendingSignup p 
    WHERE
        p.expiryTime < :time */ select
            ps1_0.id,
            ps1_0.email,
            ps1_0.expiry_time,
            ps1_0.otp,
            ps1_0.password,
            ps1_0.username 
        from
            pending_signup ps1_0 
        where
            ps1_0.expiry_time<?
2026-06-20 02:02:51 [scheduling-1] INFO  c.p.b.m.aspect.LoggingAspect - [db895753-c8ce-4b8c-a905-e435b7b6ee89] <-- PendingSignupCleanupService.deleteExpiredPendingSignups() | timeMs=1
2026-06-20 02:03:51 [scheduling-1] INFO  c.p.b.m.aspect.LoggingAspect - [a265227d-737a-4c51-971d-52b9b6e53d1b] --> PendingSignupCleanupService.deleteExpiredPendingSignups()
2026-06-20 02:03:51 [scheduling-1] DEBUG org.hibernate.SQL - 
    /* SELECT
        p 
    FROM
        PendingSignup p 
    WHERE
        p.expiryTime < :time */ select
            ps1_0.id,
            ps1_0.email,
            ps1_0.expiry_time,
            ps1_0.otp,
            ps1_0.password,
            ps1_0.username 
        from
            pending_signup ps1_0 
        where
            ps1_0.expiry_time<?
2026-06-20 02:03:51 [scheduling-1] INFO  c.p.b.m.aspect.LoggingAspect - [a265227d-737a-4c51-971d-52b9b6e53d1b] <-- PendingSignupCleanupService.deleteExpiredPendingSignups() | timeMs=0
2026-06-20 02:04:51 [scheduling-1] INFO  c.p.b.m.aspect.LoggingAspect - [85e38bab-983d-45fc-bf07-5a52d0bfd86e] --> PendingSignupCleanupService.deleteExpiredPendingSignups()
2026-06-20 02:04:51 [scheduling-1] DEBUG org.hibernate.SQL - 
    /* SELECT
        p 
    FROM
        PendingSignup p 
    WHERE
        p.expiryTime < :time */ select
            ps1_0.id,
            ps1_0.email,
            ps1_0.expiry_time,
            ps1_0.otp,
            ps1_0.password,
            ps1_0.username 
        from
            pending_signup ps1_0 
        where
            ps1_0.expiry_time<?
2026-06-20 02:04:51 [scheduling-1] INFO  c.p.b.m.aspect.LoggingAspect - [85e38bab-983d-45fc-bf07-5a52d0bfd86e] <-- PendingSignupCleanupService.deleteExpiredPendingSignups() | timeMs=0
2026-06-20 02:05:51 [scheduling-1] INFO  c.p.b.m.aspect.LoggingAspect - [8b672283-aac0-43f7-804a-bed110c37ae4] --> PendingSignupCleanupService.deleteExpiredPendingSignups()
2026-06-20 02:05:51 [scheduling-1] DEBUG org.hibernate.SQL - 
    /* SELECT
        p 
    FROM
        PendingSignup p 
    WHERE
        p.expiryTime < :time */ select
            ps1_0.id,
            ps1_0.email,
            ps1_0.expiry_time,
            ps1_0.otp,
            ps1_0.password,
            ps1_0.username 
        from
            pending_signup ps1_0 
        where
            ps1_0.expiry_time<?
2026-06-20 02:05:51 [scheduling-1] INFO  c.p.b.m.aspect.LoggingAspect - [8b672283-aac0-43f7-804a-bed110c37ae4] <-- PendingSignupCleanupService.deleteExpiredPendingSignups() | timeMs=1
2026-06-20 02:06:51 [scheduling-1] INFO  c.p.b.m.aspect.LoggingAspect - [b6cd0919-01db-42bc-b916-37053ab3e85f] --> PendingSignupCleanupService.deleteExpiredPendingSignups()
2026-06-20 02:06:51 [scheduling-1] DEBUG org.hibernate.SQL - 
    /* SELECT
        p 
    FROM
        PendingSignup p 
    WHERE
        p.expiryTime < :time */ select
            ps1_0.id,
            ps1_0.email,
            ps1_0.expiry_time,
            ps1_0.otp,
            ps1_0.password,
            ps1_0.username 
        from
            pending_signup ps1_0 
        where
            ps1_0.expiry_time<?
2026-06-20 02:06:51 [scheduling-1] INFO  c.p.b.m.aspect.LoggingAspect - [b6cd0919-01db-42bc-b916-37053ab3e85f] <-- PendingSignupCleanupService.deleteExpiredPendingSignups() | timeMs=0
2026-06-20 02:07:51 [scheduling-1] INFO  c.p.b.m.aspect.LoggingAspect - [0cacf6f2-f1e6-4d62-8dc5-5f53757a7ab8] --> PendingSignupCleanupService.deleteExpiredPendingSignups()
2026-06-20 02:07:51 [scheduling-1] DEBUG org.hibernate.SQL - 
    /* SELECT
        p 
    FROM
        PendingSignup p 
    WHERE
        p.expiryTime < :time */ select
            ps1_0.id,
            ps1_0.email,
            ps1_0.expiry_time,
            ps1_0.otp,
            ps1_0.password,
            ps1_0.username 
        from
            pending_signup ps1_0 
        where
            ps1_0.expiry_time<?
2026-06-20 02:07:51 [scheduling-1] INFO  c.p.b.m.aspect.LoggingAspect - [0cacf6f2-f1e6-4d62-8dc5-5f53757a7ab8] <-- PendingSignupCleanupService.deleteExpiredPendingSignups() | timeMs=1
2026-06-20 02:08:51 [scheduling-1] INFO  c.p.b.m.aspect.LoggingAspect - [a62ee086-8798-4a7a-8799-e0ca6d07b00d] --> PendingSignupCleanupService.deleteExpiredPendingSignups()
2026-06-20 02:08:51 [scheduling-1] DEBUG org.hibernate.SQL - 
    /* SELECT
        p 
    FROM
        PendingSignup p 
    WHERE
        p.expiryTime < :time */ select
            ps1_0.id,
            ps1_0.email,
            ps1_0.expiry_time,
            ps1_0.otp,
            ps1_0.password,
            ps1_0.username 
        from
            pending_signup ps1_0 
        where
            ps1_0.expiry_time<?
2026-06-20 02:08:51 [scheduling-1] INFO  c.p.b.m.aspect.LoggingAspect - [a62ee086-8798-4a7a-8799-e0ca6d07b00d] <-- PendingSignupCleanupService.deleteExpiredPendingSignups() | timeMs=0
2026-06-20 02:09:51 [scheduling-1] INFO  c.p.b.m.aspect.LoggingAspect - [6ecdaf9e-4a88-4c0b-8520-1c31e3c7108e] --> PendingSignupCleanupService.deleteExpiredPendingSignups()
2026-06-20 02:09:51 [scheduling-1] DEBUG org.hibernate.SQL - 
    /* SELECT
        p 
    FROM
        PendingSignup p 
    WHERE
        p.expiryTime < :time */ select
            ps1_0.id,
            ps1_0.email,
            ps1_0.expiry_time,
            ps1_0.otp,
            ps1_0.password,
            ps1_0.username 
        from
            pending_signup ps1_0 
        where
            ps1_0.expiry_time<?
2026-06-20 02:09:51 [scheduling-1] INFO  c.p.b.m.aspect.LoggingAspect - [6ecdaf9e-4a88-4c0b-8520-1c31e3c7108e] <-- PendingSignupCleanupService.deleteExpiredPendingSignups() | timeMs=1
2026-06-20 02:10:51 [scheduling-1] INFO  c.p.b.m.aspect.LoggingAspect - [6c6bef77-5396-485c-a3de-c867956df9e3] --> PendingSignupCleanupService.deleteExpiredPendingSignups()
2026-06-20 02:10:51 [scheduling-1] DEBUG org.hibernate.SQL - 
    /* SELECT
        p 
    FROM
        PendingSignup p 
    WHERE
        p.expiryTime < :time */ select
            ps1_0.id,
            ps1_0.email,
            ps1_0.expiry_time,
            ps1_0.otp,
            ps1_0.password,
            ps1_0.username 
        from
            pending_signup ps1_0 
        where
            ps1_0.expiry_time<?
2026-06-20 02:10:51 [scheduling-1] INFO  c.p.b.m.aspect.LoggingAspect - [6c6bef77-5396-485c-a3de-c867956df9e3] <-- PendingSignupCleanupService.deleteExpiredPendingSignups() | timeMs=1
2026-06-20 02:11:51 [scheduling-1] INFO  c.p.b.m.aspect.LoggingAspect - [1f1d379c-f8f8-4bf8-92f8-1b9e24b0d021] --> PendingSignupCleanupService.deleteExpiredPendingSignups()
2026-06-20 02:11:51 [scheduling-1] DEBUG org.hibernate.SQL - 
    /* SELECT
        p 
    FROM
        PendingSignup p 
    WHERE
        p.expiryTime < :time */ select
            ps1_0.id,
            ps1_0.email,
            ps1_0.expiry_time,
            ps1_0.otp,
            ps1_0.password,
            ps1_0.username 
        from
            pending_signup ps1_0 
        where
            ps1_0.expiry_time<?
2026-06-20 02:11:51 [scheduling-1] INFO  c.p.b.m.aspect.LoggingAspect - [1f1d379c-f8f8-4bf8-92f8-1b9e24b0d021] <-- PendingSignupCleanupService.deleteExpiredPendingSignups() | timeMs=1
2026-06-20 02:12:51 [scheduling-1] INFO  c.p.b.m.aspect.LoggingAspect - [c76872ac-7004-4208-b374-8f586bc52f34] --> PendingSignupCleanupService.deleteExpiredPendingSignups()
2026-06-20 02:12:51 [scheduling-1] DEBUG org.hibernate.SQL - 
    /* SELECT
        p 
    FROM
        PendingSignup p 
    WHERE
        p.expiryTime < :time */ select
            ps1_0.id,
            ps1_0.email,
            ps1_0.expiry_time,
            ps1_0.otp,
            ps1_0.password,
            ps1_0.username 
        from
            pending_signup ps1_0 
        where
            ps1_0.expiry_time<?
2026-06-20 02:12:51 [scheduling-1] INFO  c.p.b.m.aspect.LoggingAspect - [c76872ac-7004-4208-b374-8f586bc52f34] <-- PendingSignupCleanupService.deleteExpiredPendingSignups() | timeMs=1
2026-06-20 02:13:51 [scheduling-1] INFO  c.p.b.m.aspect.LoggingAspect - [d71146df-9389-4fcf-beb1-254cafeff762] --> PendingSignupCleanupService.deleteExpiredPendingSignups()
2026-06-20 02:13:51 [scheduling-1] DEBUG org.hibernate.SQL - 
    /* SELECT
        p 
    FROM
        PendingSignup p 
    WHERE
        p.expiryTime < :time */ select
            ps1_0.id,
            ps1_0.email,
            ps1_0.expiry_time,
            ps1_0.otp,
            ps1_0.password,
            ps1_0.username 
        from
            pending_signup ps1_0 
        where
            ps1_0.expiry_time<?
2026-06-20 02:13:51 [scheduling-1] INFO  c.p.b.m.aspect.LoggingAspect - [d71146df-9389-4fcf-beb1-254cafeff762] <-- PendingSignupCleanupService.deleteExpiredPendingSignups() | timeMs=1
2026-06-20 02:14:51 [scheduling-1] INFO  c.p.b.m.aspect.LoggingAspect - [daf03f63-7a27-46c2-9762-41df4d337d0f] --> PendingSignupCleanupService.deleteExpiredPendingSignups()
2026-06-20 02:14:51 [scheduling-1] DEBUG org.hibernate.SQL - 
    /* SELECT
        p 
    FROM
        PendingSignup p 
    WHERE
        p.expiryTime < :time */ select
            ps1_0.id,
            ps1_0.email,
            ps1_0.expiry_time,
            ps1_0.otp,
            ps1_0.password,
            ps1_0.username 
        from
            pending_signup ps1_0 
        where
            ps1_0.expiry_time<?
2026-06-20 02:14:51 [scheduling-1] INFO  c.p.b.m.aspect.LoggingAspect - [daf03f63-7a27-46c2-9762-41df4d337d0f] <-- PendingSignupCleanupService.deleteExpiredPendingSignups() | timeMs=1
2026-06-20 02:15:51 [scheduling-1] INFO  c.p.b.m.aspect.LoggingAspect - [03d33231-f8e0-49e6-81ef-b3c66bf52e7b] --> PendingSignupCleanupService.deleteExpiredPendingSignups()
2026-06-20 02:15:51 [scheduling-1] DEBUG org.hibernate.SQL - 
    /* SELECT
        p 
    FROM
        PendingSignup p 
    WHERE
        p.expiryTime < :time */ select
            ps1_0.id,
            ps1_0.email,
            ps1_0.expiry_time,
            ps1_0.otp,
            ps1_0.password,
            ps1_0.username 
        from
            pending_signup ps1_0 
        where
            ps1_0.expiry_time<?
2026-06-20 02:15:51 [scheduling-1] INFO  c.p.b.m.aspect.LoggingAspect - [03d33231-f8e0-49e6-81ef-b3c66bf52e7b] <-- PendingSignupCleanupService.deleteExpiredPendingSignups() | timeMs=1
2026-06-20 02:16:51 [scheduling-1] INFO  c.p.b.m.aspect.LoggingAspect - [8d53cdfb-4a58-4ce7-b602-7762da12fbbe] --> PendingSignupCleanupService.deleteExpiredPendingSignups()
2026-06-20 02:16:51 [scheduling-1] DEBUG org.hibernate.SQL - 
    /* SELECT
        p 
    FROM
        PendingSignup p 
    WHERE
        p.expiryTime < :time */ select
            ps1_0.id,
            ps1_0.email,
            ps1_0.expiry_time,
            ps1_0.otp,
            ps1_0.password,
            ps1_0.username 
        from
            pending_signup ps1_0 
        where
            ps1_0.expiry_time<?
2026-06-20 02:16:51 [scheduling-1] INFO  c.p.b.m.aspect.LoggingAspect - [8d53cdfb-4a58-4ce7-b602-7762da12fbbe] <-- PendingSignupCleanupService.deleteExpiredPendingSignups() | timeMs=0
2026-06-20 02:17:51 [scheduling-1] INFO  c.p.b.m.aspect.LoggingAspect - [7bdc5c3d-b38b-4d78-9473-095253974d9b] --> PendingSignupCleanupService.deleteExpiredPendingSignups()
2026-06-20 02:17:51 [scheduling-1] DEBUG org.hibernate.SQL - 
    /* SELECT
        p 
    FROM
        PendingSignup p 
    WHERE
        p.expiryTime < :time */ select
            ps1_0.id,
            ps1_0.email,
            ps1_0.expiry_time,
            ps1_0.otp,
            ps1_0.password,
            ps1_0.username 
        from
            pending_signup ps1_0 
        where
            ps1_0.expiry_time<?
2026-06-20 02:17:51 [scheduling-1] INFO  c.p.b.m.aspect.LoggingAspect - [7bdc5c3d-b38b-4d78-9473-095253974d9b] <-- PendingSignupCleanupService.deleteExpiredPendingSignups() | timeMs=1
2026-06-20 02:18:51 [scheduling-1] INFO  c.p.b.m.aspect.LoggingAspect - [429a83b1-1945-409f-a0e7-e017e678bb9a] --> PendingSignupCleanupService.deleteExpiredPendingSignups()
2026-06-20 02:18:51 [scheduling-1] DEBUG org.hibernate.SQL - 
    /* SELECT
        p 
    FROM
        PendingSignup p 
    WHERE
        p.expiryTime < :time */ select
            ps1_0.id,
            ps1_0.email,
            ps1_0.expiry_time,
            ps1_0.otp,
            ps1_0.password,
            ps1_0.username 
        from
            pending_signup ps1_0 
        where
            ps1_0.expiry_time<?
2026-06-20 02:18:51 [scheduling-1] INFO  c.p.b.m.aspect.LoggingAspect - [429a83b1-1945-409f-a0e7-e017e678bb9a] <-- PendingSignupCleanupService.deleteExpiredPendingSignups() | timeMs=1
2026-06-20 02:19:51 [scheduling-1] INFO  c.p.b.m.aspect.LoggingAspect - [e6bdd513-0418-42d7-90c4-7428a28fa0e1] --> PendingSignupCleanupService.deleteExpiredPendingSignups()
2026-06-20 02:19:51 [scheduling-1] DEBUG org.hibernate.SQL - 
    /* SELECT
        p 
    FROM
        PendingSignup p 
    WHERE
        p.expiryTime < :time */ select
            ps1_0.id,
            ps1_0.email,
            ps1_0.expiry_time,
            ps1_0.otp,
            ps1_0.password,
            ps1_0.username 
        from
            pending_signup ps1_0 
        where
            ps1_0.expiry_time<?
2026-06-20 02:19:51 [scheduling-1] INFO  c.p.b.m.aspect.LoggingAspect - [e6bdd513-0418-42d7-90c4-7428a28fa0e1] <-- PendingSignupCleanupService.deleteExpiredPendingSignups() | timeMs=0
2026-06-20 02:20:51 [scheduling-1] INFO  c.p.b.m.aspect.LoggingAspect - [445b71c6-0c9d-4dff-bd26-b76b057e783d] --> PendingSignupCleanupService.deleteExpiredPendingSignups()
2026-06-20 02:20:51 [scheduling-1] DEBUG org.hibernate.SQL - 
    /* SELECT
        p 
    FROM
        PendingSignup p 
    WHERE
        p.expiryTime < :time */ select
            ps1_0.id,
            ps1_0.email,
            ps1_0.expiry_time,
            ps1_0.otp,
            ps1_0.password,
            ps1_0.username 
        from
            pending_signup ps1_0 
        where
            ps1_0.expiry_time<?
2026-06-20 02:20:51 [scheduling-1] INFO  c.p.b.m.aspect.LoggingAspect - [445b71c6-0c9d-4dff-bd26-b76b057e783d] <-- PendingSignupCleanupService.deleteExpiredPendingSignups() | timeMs=0
2026-06-20 02:21:51 [scheduling-1] INFO  c.p.b.m.aspect.LoggingAspect - [86332837-e1f7-46b6-b003-3db8260878ab] --> PendingSignupCleanupService.deleteExpiredPendingSignups()
2026-06-20 02:21:51 [scheduling-1] DEBUG org.hibernate.SQL - 
    /* SELECT
        p 
    FROM
        PendingSignup p 
    WHERE
        p.expiryTime < :time */ select
            ps1_0.id,
            ps1_0.email,
            ps1_0.expiry_time,
            ps1_0.otp,
            ps1_0.password,
            ps1_0.username 
        from
            pending_signup ps1_0 
        where
            ps1_0.expiry_time<?
2026-06-20 02:21:51 [scheduling-1] INFO  c.p.b.m.aspect.LoggingAspect - [86332837-e1f7-46b6-b003-3db8260878ab] <-- PendingSignupCleanupService.deleteExpiredPendingSignups() | timeMs=1
2026-06-20 02:22:51 [scheduling-1] INFO  c.p.b.m.aspect.LoggingAspect - [551c878f-0cee-48b9-87eb-7248c5d12d08] --> PendingSignupCleanupService.deleteExpiredPendingSignups()
2026-06-20 02:22:51 [scheduling-1] DEBUG org.hibernate.SQL - 
    /* SELECT
        p 
    FROM
        PendingSignup p 
    WHERE
        p.expiryTime < :time */ select
            ps1_0.id,
            ps1_0.email,
            ps1_0.expiry_time,
            ps1_0.otp,
            ps1_0.password,
            ps1_0.username 
        from
            pending_signup ps1_0 
        where
            ps1_0.expiry_time<?
2026-06-20 02:22:51 [scheduling-1] INFO  c.p.b.m.aspect.LoggingAspect - [551c878f-0cee-48b9-87eb-7248c5d12d08] <-- PendingSignupCleanupService.deleteExpiredPendingSignups() | timeMs=0
2026-06-20 02:23:51 [scheduling-1] INFO  c.p.b.m.aspect.LoggingAspect - [4c0b01d7-4902-48e6-8e5e-310a9a4b6631] --> PendingSignupCleanupService.deleteExpiredPendingSignups()
2026-06-20 02:23:51 [scheduling-1] DEBUG org.hibernate.SQL - 
    /* SELECT
        p 
    FROM
        PendingSignup p 
    WHERE
        p.expiryTime < :time */ select
            ps1_0.id,
            ps1_0.email,
            ps1_0.expiry_time,
            ps1_0.otp,
            ps1_0.password,
            ps1_0.username 
        from
            pending_signup ps1_0 
        where
            ps1_0.expiry_time<?
2026-06-20 02:23:51 [scheduling-1] INFO  c.p.b.m.aspect.LoggingAspect - [4c0b01d7-4902-48e6-8e5e-310a9a4b6631] <-- PendingSignupCleanupService.deleteExpiredPendingSignups() | timeMs=1
2026-06-20 02:24:51 [scheduling-1] INFO  c.p.b.m.aspect.LoggingAspect - [5a349a3c-20fb-4a7a-af08-5ebca4a669b6] --> PendingSignupCleanupService.deleteExpiredPendingSignups()
2026-06-20 02:24:51 [scheduling-1] DEBUG org.hibernate.SQL - 
    /* SELECT
        p 
    FROM
        PendingSignup p 
    WHERE
        p.expiryTime < :time */ select
            ps1_0.id,
            ps1_0.email,
            ps1_0.expiry_time,
            ps1_0.otp,
            ps1_0.password,
            ps1_0.username 
        from
            pending_signup ps1_0 
        where
            ps1_0.expiry_time<?
2026-06-20 02:24:51 [scheduling-1] INFO  c.p.b.m.aspect.LoggingAspect - [5a349a3c-20fb-4a7a-af08-5ebca4a669b6] <-- PendingSignupCleanupService.deleteExpiredPendingSignups() | timeMs=1
2026-06-20 02:25:51 [scheduling-1] INFO  c.p.b.m.aspect.LoggingAspect - [c53be1dc-088c-4930-9fe7-d9d4f84e3948] --> PendingSignupCleanupService.deleteExpiredPendingSignups()
2026-06-20 02:25:51 [scheduling-1] DEBUG org.hibernate.SQL - 
    /* SELECT
        p 
    FROM
        PendingSignup p 
    WHERE
        p.expiryTime < :time */ select
            ps1_0.id,
            ps1_0.email,
            ps1_0.expiry_time,
            ps1_0.otp,
            ps1_0.password,
            ps1_0.username 
        from
            pending_signup ps1_0 
        where
            ps1_0.expiry_time<?
2026-06-20 02:25:51 [scheduling-1] INFO  c.p.b.m.aspect.LoggingAspect - [c53be1dc-088c-4930-9fe7-d9d4f84e3948] <-- PendingSignupCleanupService.deleteExpiredPendingSignups() | timeMs=0
2026-06-20 02:26:51 [scheduling-1] INFO  c.p.b.m.aspect.LoggingAspect - [9f4f5d67-b4a5-4218-9016-fa79f3585583] --> PendingSignupCleanupService.deleteExpiredPendingSignups()
2026-06-20 02:26:51 [scheduling-1] DEBUG org.hibernate.SQL - 
    /* SELECT
        p 
    FROM
        PendingSignup p 
    WHERE
        p.expiryTime < :time */ select
            ps1_0.id,
            ps1_0.email,
            ps1_0.expiry_time,
            ps1_0.otp,
            ps1_0.password,
            ps1_0.username 
        from
            pending_signup ps1_0 
        where
            ps1_0.expiry_time<?
2026-06-20 02:26:51 [scheduling-1] INFO  c.p.b.m.aspect.LoggingAspect - [9f4f5d67-b4a5-4218-9016-fa79f3585583] <-- PendingSignupCleanupService.deleteExpiredPendingSignups() | timeMs=1
2026-06-20 02:27:51 [scheduling-1] INFO  c.p.b.m.aspect.LoggingAspect - [a5ef01c1-608f-4091-b4ee-e62edad86362] --> PendingSignupCleanupService.deleteExpiredPendingSignups()
2026-06-20 02:27:51 [scheduling-1] DEBUG org.hibernate.SQL - 
    /* SELECT
        p 
    FROM
        PendingSignup p 
    WHERE
        p.expiryTime < :time */ select
            ps1_0.id,
            ps1_0.email,
            ps1_0.expiry_time,
            ps1_0.otp,
            ps1_0.password,
            ps1_0.username 
        from
            pending_signup ps1_0 
        where
            ps1_0.expiry_time<?
2026-06-20 02:27:51 [scheduling-1] INFO  c.p.b.m.aspect.LoggingAspect - [a5ef01c1-608f-4091-b4ee-e62edad86362] <-- PendingSignupCleanupService.deleteExpiredPendingSignups() | timeMs=1
2026-06-20 02:28:51 [scheduling-1] INFO  c.p.b.m.aspect.LoggingAspect - [fe350700-ba50-4775-afd2-8fe0d077ac0a] --> PendingSignupCleanupService.deleteExpiredPendingSignups()
2026-06-20 02:28:51 [scheduling-1] DEBUG org.hibernate.SQL - 
    /* SELECT
        p 
    FROM
        PendingSignup p 
    WHERE
        p.expiryTime < :time */ select
            ps1_0.id,
            ps1_0.email,
            ps1_0.expiry_time,
            ps1_0.otp,
            ps1_0.password,
            ps1_0.username 
        from
            pending_signup ps1_0 
        where
            ps1_0.expiry_time<?
2026-06-20 02:28:51 [scheduling-1] INFO  c.p.b.m.aspect.LoggingAspect - [fe350700-ba50-4775-afd2-8fe0d077ac0a] <-- PendingSignupCleanupService.deleteExpiredPendingSignups() | timeMs=1
2026-06-20 02:29:51 [scheduling-1] INFO  c.p.b.m.aspect.LoggingAspect - [eda1b9b9-21aa-459a-a051-138cdf9af69a] --> PendingSignupCleanupService.deleteExpiredPendingSignups()
2026-06-20 02:29:51 [scheduling-1] DEBUG org.hibernate.SQL - 
    /* SELECT
        p 
    FROM
        PendingSignup p 
    WHERE
        p.expiryTime < :time */ select
            ps1_0.id,
            ps1_0.email,
            ps1_0.expiry_time,
            ps1_0.otp,
            ps1_0.password,
            ps1_0.username 
        from
            pending_signup ps1_0 
        where
            ps1_0.expiry_time<?
2026-06-20 02:29:51 [scheduling-1] INFO  c.p.b.m.aspect.LoggingAspect - [eda1b9b9-21aa-459a-a051-138cdf9af69a] <-- PendingSignupCleanupService.deleteExpiredPendingSignups() | timeMs=0
2026-06-20 02:30:51 [scheduling-1] INFO  c.p.b.m.aspect.LoggingAspect - [826efaea-c6d2-4510-9481-4196266d009d] --> PendingSignupCleanupService.deleteExpiredPendingSignups()
2026-06-20 02:30:51 [scheduling-1] DEBUG org.hibernate.SQL - 
    /* SELECT
        p 
    FROM
        PendingSignup p 
    WHERE
        p.expiryTime < :time */ select
            ps1_0.id,
            ps1_0.email,
            ps1_0.expiry_time,
            ps1_0.otp,
            ps1_0.password,
            ps1_0.username 
        from
            pending_signup ps1_0 
        where
            ps1_0.expiry_time<?
2026-06-20 02:30:51 [scheduling-1] INFO  c.p.b.m.aspect.LoggingAspect - [826efaea-c6d2-4510-9481-4196266d009d] <-- PendingSignupCleanupService.deleteExpiredPendingSignups() | timeMs=1
2026-06-20 02:31:51 [scheduling-1] INFO  c.p.b.m.aspect.LoggingAspect - [a618c276-f7d8-4a56-91e4-b20f15577ea7] --> PendingSignupCleanupService.deleteExpiredPendingSignups()
2026-06-20 02:31:51 [scheduling-1] DEBUG org.hibernate.SQL - 
    /* SELECT
        p 
    FROM
        PendingSignup p 
    WHERE
        p.expiryTime < :time */ select
            ps1_0.id,
            ps1_0.email,
            ps1_0.expiry_time,
            ps1_0.otp,
            ps1_0.password,
            ps1_0.username 
        from
            pending_signup ps1_0 
        where
            ps1_0.expiry_time<?
2026-06-20 02:31:51 [scheduling-1] INFO  c.p.b.m.aspect.LoggingAspect - [a618c276-f7d8-4a56-91e4-b20f15577ea7] <-- PendingSignupCleanupService.deleteExpiredPendingSignups() | timeMs=1
2026-06-20 02:32:51 [scheduling-1] INFO  c.p.b.m.aspect.LoggingAspect - [f34da793-5797-4592-8f1f-96e1d0df018b] --> PendingSignupCleanupService.deleteExpiredPendingSignups()
2026-06-20 02:32:51 [scheduling-1] DEBUG org.hibernate.SQL - 
    /* SELECT
        p 
    FROM
        PendingSignup p 
    WHERE
        p.expiryTime < :time */ select
            ps1_0.id,
            ps1_0.email,
            ps1_0.expiry_time,
            ps1_0.otp,
            ps1_0.password,
            ps1_0.username 
        from
            pending_signup ps1_0 
        where
            ps1_0.expiry_time<?
2026-06-20 02:32:51 [scheduling-1] INFO  c.p.b.m.aspect.LoggingAspect - [f34da793-5797-4592-8f1f-96e1d0df018b] <-- PendingSignupCleanupService.deleteExpiredPendingSignups() | timeMs=1
2026-06-20 02:33:51 [scheduling-1] INFO  c.p.b.m.aspect.LoggingAspect - [ab8c03dd-5bc0-4165-a064-f10c30861078] --> PendingSignupCleanupService.deleteExpiredPendingSignups()
2026-06-20 02:33:51 [scheduling-1] DEBUG org.hibernate.SQL - 
    /* SELECT
        p 
    FROM
        PendingSignup p 
    WHERE
        p.expiryTime < :time */ select
            ps1_0.id,
            ps1_0.email,
            ps1_0.expiry_time,
            ps1_0.otp,
            ps1_0.password,
            ps1_0.username 
        from
            pending_signup ps1_0 
        where
            ps1_0.expiry_time<?
2026-06-20 02:33:51 [scheduling-1] INFO  c.p.b.m.aspect.LoggingAspect - [ab8c03dd-5bc0-4165-a064-f10c30861078] <-- PendingSignupCleanupService.deleteExpiredPendingSignups() | timeMs=1
2026-06-20 02:34:51 [scheduling-1] INFO  c.p.b.m.aspect.LoggingAspect - [7d1d42ad-b308-4470-9d05-d3dc008e1f16] --> PendingSignupCleanupService.deleteExpiredPendingSignups()
2026-06-20 02:34:51 [scheduling-1] DEBUG org.hibernate.SQL - 
    /* SELECT
        p 
    FROM
        PendingSignup p 
    WHERE
        p.expiryTime < :time */ select
            ps1_0.id,
            ps1_0.email,
            ps1_0.expiry_time,
            ps1_0.otp,
            ps1_0.password,
            ps1_0.username 
        from
            pending_signup ps1_0 
        where
            ps1_0.expiry_time<?
2026-06-20 02:34:51 [scheduling-1] INFO  c.p.b.m.aspect.LoggingAspect - [7d1d42ad-b308-4470-9d05-d3dc008e1f16] <-- PendingSignupCleanupService.deleteExpiredPendingSignups() | timeMs=1
2026-06-20 02:35:51 [scheduling-1] INFO  c.p.b.m.aspect.LoggingAspect - [53d3f8e2-5e71-41ea-ac9c-e329041c2c39] --> PendingSignupCleanupService.deleteExpiredPendingSignups()
2026-06-20 02:35:51 [scheduling-1] DEBUG org.hibernate.SQL - 
    /* SELECT
        p 
    FROM
        PendingSignup p 
    WHERE
        p.expiryTime < :time */ select
            ps1_0.id,
            ps1_0.email,
            ps1_0.expiry_time,
            ps1_0.otp,
            ps1_0.password,
            ps1_0.username 
        from
            pending_signup ps1_0 
        where
            ps1_0.expiry_time<?
2026-06-20 02:35:51 [scheduling-1] INFO  c.p.b.m.aspect.LoggingAspect - [53d3f8e2-5e71-41ea-ac9c-e329041c2c39] <-- PendingSignupCleanupService.deleteExpiredPendingSignups() | timeMs=1
2026-06-20 02:36:51 [scheduling-1] INFO  c.p.b.m.aspect.LoggingAspect - [c03aedd8-b5fd-47dd-9a85-0608ab573c50] --> PendingSignupCleanupService.deleteExpiredPendingSignups()
2026-06-20 02:36:51 [scheduling-1] DEBUG org.hibernate.SQL - 
    /* SELECT
        p 
    FROM
        PendingSignup p 
    WHERE
        p.expiryTime < :time */ select
            ps1_0.id,
            ps1_0.email,
            ps1_0.expiry_time,
            ps1_0.otp,
            ps1_0.password,
            ps1_0.username 
        from
            pending_signup ps1_0 
        where
            ps1_0.expiry_time<?
2026-06-20 02:36:51 [scheduling-1] INFO  c.p.b.m.aspect.LoggingAspect - [c03aedd8-b5fd-47dd-9a85-0608ab573c50] <-- PendingSignupCleanupService.deleteExpiredPendingSignups() | timeMs=0
2026-06-20 02:37:51 [scheduling-1] INFO  c.p.b.m.aspect.LoggingAspect - [2b60fded-179b-4d21-9576-8cdc2ae4d36c] --> PendingSignupCleanupService.deleteExpiredPendingSignups()
2026-06-20 02:37:51 [scheduling-1] DEBUG org.hibernate.SQL - 
    /* SELECT
        p 
    FROM
        PendingSignup p 
    WHERE
        p.expiryTime < :time */ select
            ps1_0.id,
            ps1_0.email,
            ps1_0.expiry_time,
            ps1_0.otp,
            ps1_0.password,
            ps1_0.username 
        from
            pending_signup ps1_0 
        where
            ps1_0.expiry_time<?
2026-06-20 02:37:51 [scheduling-1] INFO  c.p.b.m.aspect.LoggingAspect - [2b60fded-179b-4d21-9576-8cdc2ae4d36c] <-- PendingSignupCleanupService.deleteExpiredPendingSignups() | timeMs=1
2026-06-20 02:38:51 [scheduling-1] INFO  c.p.b.m.aspect.LoggingAspect - [ad0f2917-6060-4900-a940-0d12421dab82] --> PendingSignupCleanupService.deleteExpiredPendingSignups()
2026-06-20 02:38:51 [scheduling-1] DEBUG org.hibernate.SQL - 
    /* SELECT
        p 
    FROM
        PendingSignup p 
    WHERE
        p.expiryTime < :time */ select
            ps1_0.id,
            ps1_0.email,
            ps1_0.expiry_time,
            ps1_0.otp,
            ps1_0.password,
            ps1_0.username 
        from
            pending_signup ps1_0 
        where
            ps1_0.expiry_time<?
2026-06-20 02:38:51 [scheduling-1] INFO  c.p.b.m.aspect.LoggingAspect - [ad0f2917-6060-4900-a940-0d12421dab82] <-- PendingSignupCleanupService.deleteExpiredPendingSignups() | timeMs=0
2026-06-20 02:39:51 [scheduling-1] INFO  c.p.b.m.aspect.LoggingAspect - [c96a2b1c-cd70-4db0-8e50-4cc367aa118d] --> PendingSignupCleanupService.deleteExpiredPendingSignups()
2026-06-20 02:39:51 [scheduling-1] DEBUG org.hibernate.SQL - 
    /* SELECT
        p 
    FROM
        PendingSignup p 
    WHERE
        p.expiryTime < :time */ select
            ps1_0.id,
            ps1_0.email,
            ps1_0.expiry_time,
            ps1_0.otp,
            ps1_0.password,
            ps1_0.username 
        from
            pending_signup ps1_0 
        where
            ps1_0.expiry_time<?
2026-06-20 02:39:51 [scheduling-1] INFO  c.p.b.m.aspect.LoggingAspect - [c96a2b1c-cd70-4db0-8e50-4cc367aa118d] <-- PendingSignupCleanupService.deleteExpiredPendingSignups() | timeMs=1
2026-06-20 02:40:51 [scheduling-1] INFO  c.p.b.m.aspect.LoggingAspect - [5f854904-fda9-4d99-8943-6594ff140856] --> PendingSignupCleanupService.deleteExpiredPendingSignups()
2026-06-20 02:40:51 [scheduling-1] DEBUG org.hibernate.SQL - 
    /* SELECT
        p 
    FROM
        PendingSignup p 
    WHERE
        p.expiryTime < :time */ select
            ps1_0.id,
            ps1_0.email,
            ps1_0.expiry_time,
            ps1_0.otp,
            ps1_0.password,
            ps1_0.username 
        from
            pending_signup ps1_0 
        where
            ps1_0.expiry_time<?
2026-06-20 02:40:51 [scheduling-1] INFO  c.p.b.m.aspect.LoggingAspect - [5f854904-fda9-4d99-8943-6594ff140856] <-- PendingSignupCleanupService.deleteExpiredPendingSignups() | timeMs=1
2026-06-20 02:41:51 [scheduling-1] INFO  c.p.b.m.aspect.LoggingAspect - [eddce437-5ceb-4e05-ac41-e4ed1b13895b] --> PendingSignupCleanupService.deleteExpiredPendingSignups()
2026-06-20 02:41:51 [scheduling-1] DEBUG org.hibernate.SQL - 
    /* SELECT
        p 
    FROM
        PendingSignup p 
    WHERE
        p.expiryTime < :time */ select
            ps1_0.id,
            ps1_0.email,
            ps1_0.expiry_time,
            ps1_0.otp,
            ps1_0.password,
            ps1_0.username 
        from
            pending_signup ps1_0 
        where
            ps1_0.expiry_time<?
2026-06-20 02:41:51 [scheduling-1] INFO  c.p.b.m.aspect.LoggingAspect - [eddce437-5ceb-4e05-ac41-e4ed1b13895b] <-- PendingSignupCleanupService.deleteExpiredPendingSignups() | timeMs=1
2026-06-20 02:42:51 [scheduling-1] INFO  c.p.b.m.aspect.LoggingAspect - [e07f4ab7-30cd-4bc5-8a3e-e867ce37f3ac] --> PendingSignupCleanupService.deleteExpiredPendingSignups()
2026-06-20 02:42:51 [scheduling-1] DEBUG org.hibernate.SQL - 
    /* SELECT
        p 
    FROM
        PendingSignup p 
    WHERE
        p.expiryTime < :time */ select
            ps1_0.id,
            ps1_0.email,
            ps1_0.expiry_time,
            ps1_0.otp,
            ps1_0.password,
            ps1_0.username 
        from
            pending_signup ps1_0 
        where
            ps1_0.expiry_time<?
2026-06-20 02:42:51 [scheduling-1] INFO  c.p.b.m.aspect.LoggingAspect - [e07f4ab7-30cd-4bc5-8a3e-e867ce37f3ac] <-- PendingSignupCleanupService.deleteExpiredPendingSignups() | timeMs=1
2026-06-20 02:43:51 [scheduling-1] INFO  c.p.b.m.aspect.LoggingAspect - [283f3f75-93de-43c3-bb36-c0842f26c667] --> PendingSignupCleanupService.deleteExpiredPendingSignups()
2026-06-20 02:43:51 [scheduling-1] DEBUG org.hibernate.SQL - 
    /* SELECT
        p 
    FROM
        PendingSignup p 
    WHERE
        p.expiryTime < :time */ select
            ps1_0.id,
            ps1_0.email,
            ps1_0.expiry_time,
            ps1_0.otp,
            ps1_0.password,
            ps1_0.username 
        from
            pending_signup ps1_0 
        where
            ps1_0.expiry_time<?
2026-06-20 02:43:51 [scheduling-1] INFO  c.p.b.m.aspect.LoggingAspect - [283f3f75-93de-43c3-bb36-c0842f26c667] <-- PendingSignupCleanupService.deleteExpiredPendingSignups() | timeMs=1
2026-06-20 02:44:51 [scheduling-1] INFO  c.p.b.m.aspect.LoggingAspect - [a0ec2e97-65b8-4f32-9146-734c7a4b22e3] --> PendingSignupCleanupService.deleteExpiredPendingSignups()
2026-06-20 02:44:51 [scheduling-1] DEBUG org.hibernate.SQL - 
    /* SELECT
        p 
    FROM
        PendingSignup p 
    WHERE
        p.expiryTime < :time */ select
            ps1_0.id,
            ps1_0.email,
            ps1_0.expiry_time,
            ps1_0.otp,
            ps1_0.password,
            ps1_0.username 
        from
            pending_signup ps1_0 
        where
            ps1_0.expiry_time<?
2026-06-20 02:44:51 [scheduling-1] INFO  c.p.b.m.aspect.LoggingAspect - [a0ec2e97-65b8-4f32-9146-734c7a4b22e3] <-- PendingSignupCleanupService.deleteExpiredPendingSignups() | timeMs=1
2026-06-20 02:45:51 [scheduling-1] INFO  c.p.b.m.aspect.LoggingAspect - [5153a57a-9b2a-42ac-a0b1-b4d24c00a084] --> PendingSignupCleanupService.deleteExpiredPendingSignups()
2026-06-20 02:45:51 [scheduling-1] DEBUG org.hibernate.SQL - 
    /* SELECT
        p 
    FROM
        PendingSignup p 
    WHERE
        p.expiryTime < :time */ select
            ps1_0.id,
            ps1_0.email,
            ps1_0.expiry_time,
            ps1_0.otp,
            ps1_0.password,
            ps1_0.username 
        from
            pending_signup ps1_0 
        where
            ps1_0.expiry_time<?
2026-06-20 02:45:51 [scheduling-1] INFO  c.p.b.m.aspect.LoggingAspect - [5153a57a-9b2a-42ac-a0b1-b4d24c00a084] <-- PendingSignupCleanupService.deleteExpiredPendingSignups() | timeMs=1
2026-06-20 02:46:51 [scheduling-1] INFO  c.p.b.m.aspect.LoggingAspect - [38f15b53-3bc5-4cc1-a331-4e6d6f44aa0e] --> PendingSignupCleanupService.deleteExpiredPendingSignups()
2026-06-20 02:46:51 [scheduling-1] DEBUG org.hibernate.SQL - 
    /* SELECT
        p 
    FROM
        PendingSignup p 
    WHERE
        p.expiryTime < :time */ select
            ps1_0.id,
            ps1_0.email,
            ps1_0.expiry_time,
            ps1_0.otp,
            ps1_0.password,
            ps1_0.username 
        from
            pending_signup ps1_0 
        where
            ps1_0.expiry_time<?
2026-06-20 02:46:51 [scheduling-1] INFO  c.p.b.m.aspect.LoggingAspect - [38f15b53-3bc5-4cc1-a331-4e6d6f44aa0e] <-- PendingSignupCleanupService.deleteExpiredPendingSignups() | timeMs=1
2026-06-20 02:47:51 [scheduling-1] INFO  c.p.b.m.aspect.LoggingAspect - [71a8e3fd-d40c-40b6-b9a5-863339f81896] --> PendingSignupCleanupService.deleteExpiredPendingSignups()
2026-06-20 02:47:51 [scheduling-1] DEBUG org.hibernate.SQL - 
    /* SELECT
        p 
    FROM
        PendingSignup p 
    WHERE
        p.expiryTime < :time */ select
            ps1_0.id,
            ps1_0.email,
            ps1_0.expiry_time,
            ps1_0.otp,
            ps1_0.password,
            ps1_0.username 
        from
            pending_signup ps1_0 
        where
            ps1_0.expiry_time<?
2026-06-20 02:47:51 [scheduling-1] INFO  c.p.b.m.aspect.LoggingAspect - [71a8e3fd-d40c-40b6-b9a5-863339f81896] <-- PendingSignupCleanupService.deleteExpiredPendingSignups() | timeMs=1
2026-06-20 02:48:51 [scheduling-1] INFO  c.p.b.m.aspect.LoggingAspect - [318a27ab-3eea-4862-9035-6278e6c96916] --> PendingSignupCleanupService.deleteExpiredPendingSignups()
2026-06-20 02:48:51 [scheduling-1] DEBUG org.hibernate.SQL - 
    /* SELECT
        p 
    FROM
        PendingSignup p 
    WHERE
        p.expiryTime < :time */ select
            ps1_0.id,
            ps1_0.email,
            ps1_0.expiry_time,
            ps1_0.otp,
            ps1_0.password,
            ps1_0.username 
        from
            pending_signup ps1_0 
        where
            ps1_0.expiry_time<?
2026-06-20 02:48:51 [scheduling-1] INFO  c.p.b.m.aspect.LoggingAspect - [318a27ab-3eea-4862-9035-6278e6c96916] <-- PendingSignupCleanupService.deleteExpiredPendingSignups() | timeMs=1
2026-06-20 02:49:51 [scheduling-1] INFO  c.p.b.m.aspect.LoggingAspect - [01da4e1c-d12f-4dc8-ab53-e5fab7cece61] --> PendingSignupCleanupService.deleteExpiredPendingSignups()
2026-06-20 02:49:51 [scheduling-1] DEBUG org.hibernate.SQL - 
    /* SELECT
        p 
    FROM
        PendingSignup p 
    WHERE
        p.expiryTime < :time */ select
            ps1_0.id,
            ps1_0.email,
            ps1_0.expiry_time,
            ps1_0.otp,
            ps1_0.password,
            ps1_0.username 
        from
            pending_signup ps1_0 
        where
            ps1_0.expiry_time<?
2026-06-20 02:49:51 [scheduling-1] INFO  c.p.b.m.aspect.LoggingAspect - [01da4e1c-d12f-4dc8-ab53-e5fab7cece61] <-- PendingSignupCleanupService.deleteExpiredPendingSignups() | timeMs=1
2026-06-20 02:50:51 [scheduling-1] INFO  c.p.b.m.aspect.LoggingAspect - [f9e99996-a183-4464-b1f4-99b85fd59e20] --> PendingSignupCleanupService.deleteExpiredPendingSignups()
2026-06-20 02:50:51 [scheduling-1] DEBUG org.hibernate.SQL - 
    /* SELECT
        p 
    FROM
        PendingSignup p 
    WHERE
        p.expiryTime < :time */ select
            ps1_0.id,
            ps1_0.email,
            ps1_0.expiry_time,
            ps1_0.otp,
            ps1_0.password,
            ps1_0.username 
        from
            pending_signup ps1_0 
        where
            ps1_0.expiry_time<?
2026-06-20 02:50:51 [scheduling-1] INFO  c.p.b.m.aspect.LoggingAspect - [f9e99996-a183-4464-b1f4-99b85fd59e20] <-- PendingSignupCleanupService.deleteExpiredPendingSignups() | timeMs=1
2026-06-20 02:51:51 [scheduling-1] INFO  c.p.b.m.aspect.LoggingAspect - [6d976bc3-365e-4617-a1a6-085263a2d6fb] --> PendingSignupCleanupService.deleteExpiredPendingSignups()
2026-06-20 02:51:51 [scheduling-1] DEBUG org.hibernate.SQL - 
    /* SELECT
        p 
    FROM
        PendingSignup p 
    WHERE
        p.expiryTime < :time */ select
            ps1_0.id,
            ps1_0.email,
            ps1_0.expiry_time,
            ps1_0.otp,
            ps1_0.password,
            ps1_0.username 
        from
            pending_signup ps1_0 
        where
            ps1_0.expiry_time<?
2026-06-20 02:51:51 [scheduling-1] INFO  c.p.b.m.aspect.LoggingAspect - [6d976bc3-365e-4617-a1a6-085263a2d6fb] <-- PendingSignupCleanupService.deleteExpiredPendingSignups() | timeMs=1
2026-06-20 02:52:51 [scheduling-1] INFO  c.p.b.m.aspect.LoggingAspect - [e16e87d8-b380-4ec0-ad42-58a06ddb0724] --> PendingSignupCleanupService.deleteExpiredPendingSignups()
2026-06-20 02:52:51 [scheduling-1] DEBUG org.hibernate.SQL - 
    /* SELECT
        p 
    FROM
        PendingSignup p 
    WHERE
        p.expiryTime < :time */ select
            ps1_0.id,
            ps1_0.email,
            ps1_0.expiry_time,
            ps1_0.otp,
            ps1_0.password,
            ps1_0.username 
        from
            pending_signup ps1_0 
        where
            ps1_0.expiry_time<?
2026-06-20 02:52:51 [scheduling-1] INFO  c.p.b.m.aspect.LoggingAspect - [e16e87d8-b380-4ec0-ad42-58a06ddb0724] <-- PendingSignupCleanupService.deleteExpiredPendingSignups() | timeMs=0
2026-06-20 02:53:51 [scheduling-1] INFO  c.p.b.m.aspect.LoggingAspect - [68e22411-28f7-467f-b149-90acc24d4c94] --> PendingSignupCleanupService.deleteExpiredPendingSignups()
2026-06-20 02:53:51 [scheduling-1] DEBUG org.hibernate.SQL - 
    /* SELECT
        p 
    FROM
        PendingSignup p 
    WHERE
        p.expiryTime < :time */ select
            ps1_0.id,
            ps1_0.email,
            ps1_0.expiry_time,
            ps1_0.otp,
            ps1_0.password,
            ps1_0.username 
        from
            pending_signup ps1_0 
        where
            ps1_0.expiry_time<?
2026-06-20 02:53:51 [scheduling-1] INFO  c.p.b.m.aspect.LoggingAspect - [68e22411-28f7-467f-b149-90acc24d4c94] <-- PendingSignupCleanupService.deleteExpiredPendingSignups() | timeMs=1
2026-06-20 02:54:51 [scheduling-1] INFO  c.p.b.m.aspect.LoggingAspect - [047b7e8d-bd61-4ab5-b783-296e659f5cdf] --> PendingSignupCleanupService.deleteExpiredPendingSignups()
2026-06-20 02:54:51 [scheduling-1] DEBUG org.hibernate.SQL - 
    /* SELECT
        p 
    FROM
        PendingSignup p 
    WHERE
        p.expiryTime < :time */ select
            ps1_0.id,
            ps1_0.email,
            ps1_0.expiry_time,
            ps1_0.otp,
            ps1_0.password,
            ps1_0.username 
        from
            pending_signup ps1_0 
        where
            ps1_0.expiry_time<?
2026-06-20 02:54:51 [scheduling-1] INFO  c.p.b.m.aspect.LoggingAspect - [047b7e8d-bd61-4ab5-b783-296e659f5cdf] <-- PendingSignupCleanupService.deleteExpiredPendingSignups() | timeMs=1
2026-06-20 02:55:51 [scheduling-1] INFO  c.p.b.m.aspect.LoggingAspect - [34e21948-9352-482f-8fca-9640f6513cb8] --> PendingSignupCleanupService.deleteExpiredPendingSignups()
2026-06-20 02:55:51 [scheduling-1] DEBUG org.hibernate.SQL - 
    /* SELECT
        p 
    FROM
        PendingSignup p 
    WHERE
        p.expiryTime < :time */ select
            ps1_0.id,
            ps1_0.email,
            ps1_0.expiry_time,
            ps1_0.otp,
            ps1_0.password,
            ps1_0.username 
        from
            pending_signup ps1_0 
        where
            ps1_0.expiry_time<?
2026-06-20 02:55:51 [scheduling-1] INFO  c.p.b.m.aspect.LoggingAspect - [34e21948-9352-482f-8fca-9640f6513cb8] <-- PendingSignupCleanupService.deleteExpiredPendingSignups() | timeMs=1
2026-06-20 02:56:51 [scheduling-1] INFO  c.p.b.m.aspect.LoggingAspect - [a7bfa264-ec7a-43a5-b90a-b6015b48d15f] --> PendingSignupCleanupService.deleteExpiredPendingSignups()
2026-06-20 02:56:51 [scheduling-1] DEBUG org.hibernate.SQL - 
    /* SELECT
        p 
    FROM
        PendingSignup p 
    WHERE
        p.expiryTime < :time */ select
            ps1_0.id,
            ps1_0.email,
            ps1_0.expiry_time,
            ps1_0.otp,
            ps1_0.password,
            ps1_0.username 
        from
            pending_signup ps1_0 
        where
            ps1_0.expiry_time<?
2026-06-20 02:56:51 [scheduling-1] INFO  c.p.b.m.aspect.LoggingAspect - [a7bfa264-ec7a-43a5-b90a-b6015b48d15f] <-- PendingSignupCleanupService.deleteExpiredPendingSignups() | timeMs=0
2026-06-20 02:57:51 [scheduling-1] INFO  c.p.b.m.aspect.LoggingAspect - [1eddb661-7fec-4157-8bf5-7d0feaa04dd7] --> PendingSignupCleanupService.deleteExpiredPendingSignups()
2026-06-20 02:57:51 [scheduling-1] DEBUG org.hibernate.SQL - 
    /* SELECT
        p 
    FROM
        PendingSignup p 
    WHERE
        p.expiryTime < :time */ select
            ps1_0.id,
            ps1_0.email,
            ps1_0.expiry_time,
            ps1_0.otp,
            ps1_0.password,
            ps1_0.username 
        from
            pending_signup ps1_0 
        where
            ps1_0.expiry_time<?
2026-06-20 02:57:51 [scheduling-1] INFO  c.p.b.m.aspect.LoggingAspect - [1eddb661-7fec-4157-8bf5-7d0feaa04dd7] <-- PendingSignupCleanupService.deleteExpiredPendingSignups() | timeMs=1
2026-06-20 02:58:51 [scheduling-1] INFO  c.p.b.m.aspect.LoggingAspect - [4ac4af33-4b0d-44ac-855c-1ad852eb8d32] --> PendingSignupCleanupService.deleteExpiredPendingSignups()
2026-06-20 02:58:51 [scheduling-1] DEBUG org.hibernate.SQL - 
    /* SELECT
        p 
    FROM
        PendingSignup p 
    WHERE
        p.expiryTime < :time */ select
            ps1_0.id,
            ps1_0.email,
            ps1_0.expiry_time,
            ps1_0.otp,
            ps1_0.password,
            ps1_0.username 
        from
            pending_signup ps1_0 
        where
            ps1_0.expiry_time<?
2026-06-20 02:58:51 [scheduling-1] INFO  c.p.b.m.aspect.LoggingAspect - [4ac4af33-4b0d-44ac-855c-1ad852eb8d32] <-- PendingSignupCleanupService.deleteExpiredPendingSignups() | timeMs=0
2026-06-20 02:59:51 [scheduling-1] INFO  c.p.b.m.aspect.LoggingAspect - [dec4f82a-da16-490b-bb76-39a082e3ffc5] --> PendingSignupCleanupService.deleteExpiredPendingSignups()
2026-06-20 02:59:51 [scheduling-1] DEBUG org.hibernate.SQL - 
    /* SELECT
        p 
    FROM
        PendingSignup p 
    WHERE
        p.expiryTime < :time */ select
            ps1_0.id,
            ps1_0.email,
            ps1_0.expiry_time,
            ps1_0.otp,
            ps1_0.password,
            ps1_0.username 
        from
            pending_signup ps1_0 
        where
            ps1_0.expiry_time<?
2026-06-20 02:59:51 [scheduling-1] INFO  c.p.b.m.aspect.LoggingAspect - [dec4f82a-da16-490b-bb76-39a082e3ffc5] <-- PendingSignupCleanupService.deleteExpiredPendingSignups() | timeMs=1
2026-06-20 03:00:51 [scheduling-1] INFO  c.p.b.m.aspect.LoggingAspect - [b6e4eefc-7a16-46f7-ad49-a333b15a4002] --> PendingSignupCleanupService.deleteExpiredPendingSignups()
2026-06-20 03:00:51 [scheduling-1] DEBUG org.hibernate.SQL - 
    /* SELECT
        p 
    FROM
        PendingSignup p 
    WHERE
        p.expiryTime < :time */ select
            ps1_0.id,
            ps1_0.email,
            ps1_0.expiry_time,
            ps1_0.otp,
            ps1_0.password,
            ps1_0.username 
        from
            pending_signup ps1_0 
        where
            ps1_0.expiry_time<?
2026-06-20 03:00:51 [scheduling-1] INFO  c.p.b.m.aspect.LoggingAspect - [b6e4eefc-7a16-46f7-ad49-a333b15a4002] <-- PendingSignupCleanupService.deleteExpiredPendingSignups() | timeMs=1
2026-06-20 03:01:51 [scheduling-1] INFO  c.p.b.m.aspect.LoggingAspect - [dec329b8-3fd0-49e5-b416-8b53beac6644] --> PendingSignupCleanupService.deleteExpiredPendingSignups()
2026-06-20 03:01:51 [scheduling-1] DEBUG org.hibernate.SQL - 
    /* SELECT
        p 
    FROM
        PendingSignup p 
    WHERE
        p.expiryTime < :time */ select
            ps1_0.id,
            ps1_0.email,
            ps1_0.expiry_time,
            ps1_0.otp,
            ps1_0.password,
            ps1_0.username 
        from
            pending_signup ps1_0 
        where
            ps1_0.expiry_time<?
2026-06-20 03:01:51 [scheduling-1] INFO  c.p.b.m.aspect.LoggingAspect - [dec329b8-3fd0-49e5-b416-8b53beac6644] <-- PendingSignupCleanupService.deleteExpiredPendingSignups() | timeMs=1
2026-06-20 03:02:51 [scheduling-1] INFO  c.p.b.m.aspect.LoggingAspect - [a9c22c7a-4884-40f0-99a7-86a66796982a] --> PendingSignupCleanupService.deleteExpiredPendingSignups()
2026-06-20 03:02:51 [scheduling-1] DEBUG org.hibernate.SQL - 
    /* SELECT
        p 
    FROM
        PendingSignup p 
    WHERE
        p.expiryTime < :time */ select
            ps1_0.id,
            ps1_0.email,
            ps1_0.expiry_time,
            ps1_0.otp,
            ps1_0.password,
            ps1_0.username 
        from
            pending_signup ps1_0 
        where
            ps1_0.expiry_time<?
2026-06-20 03:02:51 [scheduling-1] INFO  c.p.b.m.aspect.LoggingAspect - [a9c22c7a-4884-40f0-99a7-86a66796982a] <-- PendingSignupCleanupService.deleteExpiredPendingSignups() | timeMs=1
2026-06-20 03:03:51 [scheduling-1] INFO  c.p.b.m.aspect.LoggingAspect - [8e82040d-68b7-4fc2-8775-e790239f075f] --> PendingSignupCleanupService.deleteExpiredPendingSignups()
2026-06-20 03:03:51 [scheduling-1] DEBUG org.hibernate.SQL - 
    /* SELECT
        p 
    FROM
        PendingSignup p 
    WHERE
        p.expiryTime < :time */ select
            ps1_0.id,
            ps1_0.email,
            ps1_0.expiry_time,
            ps1_0.otp,
            ps1_0.password,
            ps1_0.username 
        from
            pending_signup ps1_0 
        where
            ps1_0.expiry_time<?
2026-06-20 03:03:51 [scheduling-1] INFO  c.p.b.m.aspect.LoggingAspect - [8e82040d-68b7-4fc2-8775-e790239f075f] <-- PendingSignupCleanupService.deleteExpiredPendingSignups() | timeMs=1
2026-06-20 03:04:51 [scheduling-1] INFO  c.p.b.m.aspect.LoggingAspect - [327e3b9f-520a-4f7b-a043-792f4853e214] --> PendingSignupCleanupService.deleteExpiredPendingSignups()
2026-06-20 03:04:51 [scheduling-1] DEBUG org.hibernate.SQL - 
    /* SELECT
        p 
    FROM
        PendingSignup p 
    WHERE
        p.expiryTime < :time */ select
            ps1_0.id,
            ps1_0.email,
            ps1_0.expiry_time,
            ps1_0.otp,
            ps1_0.password,
            ps1_0.username 
        from
            pending_signup ps1_0 
        where
            ps1_0.expiry_time<?
2026-06-20 03:04:51 [scheduling-1] INFO  c.p.b.m.aspect.LoggingAspect - [327e3b9f-520a-4f7b-a043-792f4853e214] <-- PendingSignupCleanupService.deleteExpiredPendingSignups() | timeMs=1
2026-06-20 03:05:51 [scheduling-1] INFO  c.p.b.m.aspect.LoggingAspect - [efe5b1c4-ac40-4eb1-a7b1-56738ca9efc8] --> PendingSignupCleanupService.deleteExpiredPendingSignups()
2026-06-20 03:05:51 [scheduling-1] DEBUG org.hibernate.SQL - 
    /* SELECT
        p 
    FROM
        PendingSignup p 
    WHERE
        p.expiryTime < :time */ select
            ps1_0.id,
            ps1_0.email,
            ps1_0.expiry_time,
            ps1_0.otp,
            ps1_0.password,
            ps1_0.username 
        from
            pending_signup ps1_0 
        where
            ps1_0.expiry_time<?
2026-06-20 03:05:51 [scheduling-1] INFO  c.p.b.m.aspect.LoggingAspect - [efe5b1c4-ac40-4eb1-a7b1-56738ca9efc8] <-- PendingSignupCleanupService.deleteExpiredPendingSignups() | timeMs=1
2026-06-20 03:06:51 [scheduling-1] INFO  c.p.b.m.aspect.LoggingAspect - [16b11aec-ea6b-4a74-bee5-db26a53c044a] --> PendingSignupCleanupService.deleteExpiredPendingSignups()
2026-06-20 03:06:51 [scheduling-1] DEBUG org.hibernate.SQL - 
    /* SELECT
        p 
    FROM
        PendingSignup p 
    WHERE
        p.expiryTime < :time */ select
            ps1_0.id,
            ps1_0.email,
            ps1_0.expiry_time,
            ps1_0.otp,
            ps1_0.password,
            ps1_0.username 
        from
            pending_signup ps1_0 
        where
            ps1_0.expiry_time<?
2026-06-20 03:06:51 [scheduling-1] INFO  c.p.b.m.aspect.LoggingAspect - [16b11aec-ea6b-4a74-bee5-db26a53c044a] <-- PendingSignupCleanupService.deleteExpiredPendingSignups() | timeMs=1
2026-06-20 03:07:51 [scheduling-1] INFO  c.p.b.m.aspect.LoggingAspect - [3434db30-cb82-4332-aa29-77f0b818f57c] --> PendingSignupCleanupService.deleteExpiredPendingSignups()
2026-06-20 03:07:51 [scheduling-1] DEBUG org.hibernate.SQL - 
    /* SELECT
        p 
    FROM
        PendingSignup p 
    WHERE
        p.expiryTime < :time */ select
            ps1_0.id,
            ps1_0.email,
            ps1_0.expiry_time,
            ps1_0.otp,
            ps1_0.password,
            ps1_0.username 
        from
            pending_signup ps1_0 
        where
            ps1_0.expiry_time<?
2026-06-20 03:07:51 [scheduling-1] INFO  c.p.b.m.aspect.LoggingAspect - [3434db30-cb82-4332-aa29-77f0b818f57c] <-- PendingSignupCleanupService.deleteExpiredPendingSignups() | timeMs=1
2026-06-20 03:08:51 [scheduling-1] INFO  c.p.b.m.aspect.LoggingAspect - [539f236f-6016-4094-9a97-337396216583] --> PendingSignupCleanupService.deleteExpiredPendingSignups()
2026-06-20 03:08:51 [scheduling-1] DEBUG org.hibernate.SQL - 
    /* SELECT
        p 
    FROM
        PendingSignup p 
    WHERE
        p.expiryTime < :time */ select
            ps1_0.id,
            ps1_0.email,
            ps1_0.expiry_time,
            ps1_0.otp,
            ps1_0.password,
            ps1_0.username 
        from
            pending_signup ps1_0 
        where
            ps1_0.expiry_time<?
2026-06-20 03:08:51 [scheduling-1] INFO  c.p.b.m.aspect.LoggingAspect - [539f236f-6016-4094-9a97-337396216583] <-- PendingSignupCleanupService.deleteExpiredPendingSignups() | timeMs=0
2026-06-20 03:09:51 [scheduling-1] INFO  c.p.b.m.aspect.LoggingAspect - [fffcd4a9-4807-4ce6-b7e2-ce8f61175328] --> PendingSignupCleanupService.deleteExpiredPendingSignups()
2026-06-20 03:09:51 [scheduling-1] DEBUG org.hibernate.SQL - 
    /* SELECT
        p 
    FROM
        PendingSignup p 
    WHERE
        p.expiryTime < :time */ select
            ps1_0.id,
            ps1_0.email,
            ps1_0.expiry_time,
            ps1_0.otp,
            ps1_0.password,
            ps1_0.username 
        from
            pending_signup ps1_0 
        where
            ps1_0.expiry_time<?
2026-06-20 03:09:51 [scheduling-1] INFO  c.p.b.m.aspect.LoggingAspect - [fffcd4a9-4807-4ce6-b7e2-ce8f61175328] <-- PendingSignupCleanupService.deleteExpiredPendingSignups() | timeMs=0
2026-06-20 03:10:51 [scheduling-1] INFO  c.p.b.m.aspect.LoggingAspect - [10ff0ae2-ce8f-4024-b75f-e732a9629876] --> PendingSignupCleanupService.deleteExpiredPendingSignups()
2026-06-20 03:10:51 [scheduling-1] DEBUG org.hibernate.SQL - 
    /* SELECT
        p 
    FROM
        PendingSignup p 
    WHERE
        p.expiryTime < :time */ select
            ps1_0.id,
            ps1_0.email,
            ps1_0.expiry_time,
            ps1_0.otp,
            ps1_0.password,
            ps1_0.username 
        from
            pending_signup ps1_0 
        where
            ps1_0.expiry_time<?
2026-06-20 03:10:51 [scheduling-1] INFO  c.p.b.m.aspect.LoggingAspect - [10ff0ae2-ce8f-4024-b75f-e732a9629876] <-- PendingSignupCleanupService.deleteExpiredPendingSignups() | timeMs=1
2026-06-20 03:11:51 [scheduling-1] INFO  c.p.b.m.aspect.LoggingAspect - [ef4a9798-e0fe-42f2-81e3-405a98936382] --> PendingSignupCleanupService.deleteExpiredPendingSignups()
2026-06-20 03:11:51 [scheduling-1] DEBUG org.hibernate.SQL - 
    /* SELECT
        p 
    FROM
        PendingSignup p 
    WHERE
        p.expiryTime < :time */ select
            ps1_0.id,
            ps1_0.email,
            ps1_0.expiry_time,
            ps1_0.otp,
            ps1_0.password,
            ps1_0.username 
        from
            pending_signup ps1_0 
        where
            ps1_0.expiry_time<?
2026-06-20 03:11:51 [scheduling-1] INFO  c.p.b.m.aspect.LoggingAspect - [ef4a9798-e0fe-42f2-81e3-405a98936382] <-- PendingSignupCleanupService.deleteExpiredPendingSignups() | timeMs=1
2026-06-20 03:12:51 [scheduling-1] INFO  c.p.b.m.aspect.LoggingAspect - [0cbea612-588c-4b78-a28e-c2370d8d8113] --> PendingSignupCleanupService.deleteExpiredPendingSignups()
2026-06-20 03:12:51 [scheduling-1] DEBUG org.hibernate.SQL - 
    /* SELECT
        p 
    FROM
        PendingSignup p 
    WHERE
        p.expiryTime < :time */ select
            ps1_0.id,
            ps1_0.email,
            ps1_0.expiry_time,
            ps1_0.otp,
            ps1_0.password,
            ps1_0.username 
        from
            pending_signup ps1_0 
        where
            ps1_0.expiry_time<?
2026-06-20 03:12:51 [scheduling-1] INFO  c.p.b.m.aspect.LoggingAspect - [0cbea612-588c-4b78-a28e-c2370d8d8113] <-- PendingSignupCleanupService.deleteExpiredPendingSignups() | timeMs=0
2026-06-20 03:13:51 [scheduling-1] INFO  c.p.b.m.aspect.LoggingAspect - [468c7d50-f3d0-4b12-8a37-8a0b312079ae] --> PendingSignupCleanupService.deleteExpiredPendingSignups()
2026-06-20 03:13:51 [scheduling-1] DEBUG org.hibernate.SQL - 
    /* SELECT
        p 
    FROM
        PendingSignup p 
    WHERE
        p.expiryTime < :time */ select
            ps1_0.id,
            ps1_0.email,
            ps1_0.expiry_time,
            ps1_0.otp,
            ps1_0.password,
            ps1_0.username 
        from
            pending_signup ps1_0 
        where
            ps1_0.expiry_time<?
2026-06-20 03:13:51 [scheduling-1] INFO  c.p.b.m.aspect.LoggingAspect - [468c7d50-f3d0-4b12-8a37-8a0b312079ae] <-- PendingSignupCleanupService.deleteExpiredPendingSignups() | timeMs=1
2026-06-20 03:14:51 [scheduling-1] INFO  c.p.b.m.aspect.LoggingAspect - [8c50ceeb-36e2-4bc5-be01-21ed9113aedd] --> PendingSignupCleanupService.deleteExpiredPendingSignups()
2026-06-20 03:14:51 [scheduling-1] DEBUG org.hibernate.SQL - 
    /* SELECT
        p 
    FROM
        PendingSignup p 
    WHERE
        p.expiryTime < :time */ select
            ps1_0.id,
            ps1_0.email,
            ps1_0.expiry_time,
            ps1_0.otp,
            ps1_0.password,
            ps1_0.username 
        from
            pending_signup ps1_0 
        where
            ps1_0.expiry_time<?
2026-06-20 03:14:51 [scheduling-1] INFO  c.p.b.m.aspect.LoggingAspect - [8c50ceeb-36e2-4bc5-be01-21ed9113aedd] <-- PendingSignupCleanupService.deleteExpiredPendingSignups() | timeMs=0
2026-06-20 03:15:51 [scheduling-1] INFO  c.p.b.m.aspect.LoggingAspect - [dccb6fe7-e51e-4570-b25b-7458085b5866] --> PendingSignupCleanupService.deleteExpiredPendingSignups()
2026-06-20 03:15:51 [scheduling-1] DEBUG org.hibernate.SQL - 
    /* SELECT
        p 
    FROM
        PendingSignup p 
    WHERE
        p.expiryTime < :time */ select
            ps1_0.id,
            ps1_0.email,
            ps1_0.expiry_time,
            ps1_0.otp,
            ps1_0.password,
            ps1_0.username 
        from
            pending_signup ps1_0 
        where
            ps1_0.expiry_time<?
2026-06-20 03:15:51 [scheduling-1] INFO  c.p.b.m.aspect.LoggingAspect - [dccb6fe7-e51e-4570-b25b-7458085b5866] <-- PendingSignupCleanupService.deleteExpiredPendingSignups() | timeMs=1
2026-06-20 03:16:51 [scheduling-1] INFO  c.p.b.m.aspect.LoggingAspect - [70a4baf4-f85d-44ed-a041-6aa22935129b] --> PendingSignupCleanupService.deleteExpiredPendingSignups()
2026-06-20 03:16:51 [scheduling-1] DEBUG org.hibernate.SQL - 
    /* SELECT
        p 
    FROM
        PendingSignup p 
    WHERE
        p.expiryTime < :time */ select
            ps1_0.id,
            ps1_0.email,
            ps1_0.expiry_time,
            ps1_0.otp,
            ps1_0.password,
            ps1_0.username 
        from
            pending_signup ps1_0 
        where
            ps1_0.expiry_time<?
2026-06-20 03:16:51 [scheduling-1] INFO  c.p.b.m.aspect.LoggingAspect - [70a4baf4-f85d-44ed-a041-6aa22935129b] <-- PendingSignupCleanupService.deleteExpiredPendingSignups() | timeMs=0
2026-06-20 03:17:51 [scheduling-1] INFO  c.p.b.m.aspect.LoggingAspect - [44a92f3a-2982-487b-b45b-f0e65f6ab102] --> PendingSignupCleanupService.deleteExpiredPendingSignups()
2026-06-20 03:17:51 [scheduling-1] DEBUG org.hibernate.SQL - 
    /* SELECT
        p 
    FROM
        PendingSignup p 
    WHERE
        p.expiryTime < :time */ select
            ps1_0.id,
            ps1_0.email,
            ps1_0.expiry_time,
            ps1_0.otp,
            ps1_0.password,
            ps1_0.username 
        from
            pending_signup ps1_0 
        where
            ps1_0.expiry_time<?
2026-06-20 03:17:51 [scheduling-1] INFO  c.p.b.m.aspect.LoggingAspect - [44a92f3a-2982-487b-b45b-f0e65f6ab102] <-- PendingSignupCleanupService.deleteExpiredPendingSignups() | timeMs=1
2026-06-20 03:18:51 [scheduling-1] INFO  c.p.b.m.aspect.LoggingAspect - [91008f6d-d4fd-41a6-847c-507c4864737c] --> PendingSignupCleanupService.deleteExpiredPendingSignups()
2026-06-20 03:18:51 [scheduling-1] DEBUG org.hibernate.SQL - 
    /* SELECT
        p 
    FROM
        PendingSignup p 
    WHERE
        p.expiryTime < :time */ select
            ps1_0.id,
            ps1_0.email,
            ps1_0.expiry_time,
            ps1_0.otp,
            ps1_0.password,
            ps1_0.username 
        from
            pending_signup ps1_0 
        where
            ps1_0.expiry_time<?
2026-06-20 03:18:51 [scheduling-1] INFO  c.p.b.m.aspect.LoggingAspect - [91008f6d-d4fd-41a6-847c-507c4864737c] <-- PendingSignupCleanupService.deleteExpiredPendingSignups() | timeMs=1
2026-06-20 03:19:51 [scheduling-1] INFO  c.p.b.m.aspect.LoggingAspect - [5eddd209-f8b7-4999-9453-fedb80782536] --> PendingSignupCleanupService.deleteExpiredPendingSignups()
2026-06-20 03:19:51 [scheduling-1] DEBUG org.hibernate.SQL - 
    /* SELECT
        p 
    FROM
        PendingSignup p 
    WHERE
        p.expiryTime < :time */ select
            ps1_0.id,
            ps1_0.email,
            ps1_0.expiry_time,
            ps1_0.otp,
            ps1_0.password,
            ps1_0.username 
        from
            pending_signup ps1_0 
        where
            ps1_0.expiry_time<?
2026-06-20 03:19:51 [scheduling-1] INFO  c.p.b.m.aspect.LoggingAspect - [5eddd209-f8b7-4999-9453-fedb80782536] <-- PendingSignupCleanupService.deleteExpiredPendingSignups() | timeMs=1
2026-06-20 03:20:51 [scheduling-1] INFO  c.p.b.m.aspect.LoggingAspect - [89246705-f241-4d1f-8560-4538929d5425] --> PendingSignupCleanupService.deleteExpiredPendingSignups()
2026-06-20 03:20:51 [scheduling-1] DEBUG org.hibernate.SQL - 
    /* SELECT
        p 
    FROM
        PendingSignup p 
    WHERE
        p.expiryTime < :time */ select
            ps1_0.id,
            ps1_0.email,
            ps1_0.expiry_time,
            ps1_0.otp,
            ps1_0.password,
            ps1_0.username 
        from
            pending_signup ps1_0 
        where
            ps1_0.expiry_time<?
2026-06-20 03:20:51 [scheduling-1] INFO  c.p.b.m.aspect.LoggingAspect - [89246705-f241-4d1f-8560-4538929d5425] <-- PendingSignupCleanupService.deleteExpiredPendingSignups() | timeMs=1
2026-06-20 03:21:51 [scheduling-1] INFO  c.p.b.m.aspect.LoggingAspect - [bbf970b3-bfee-4224-9f23-75b1d456fd42] --> PendingSignupCleanupService.deleteExpiredPendingSignups()
2026-06-20 03:21:51 [scheduling-1] DEBUG org.hibernate.SQL - 
    /* SELECT
        p 
    FROM
        PendingSignup p 
    WHERE
        p.expiryTime < :time */ select
            ps1_0.id,
            ps1_0.email,
            ps1_0.expiry_time,
            ps1_0.otp,
            ps1_0.password,
            ps1_0.username 
        from
            pending_signup ps1_0 
        where
            ps1_0.expiry_time<?
2026-06-20 03:21:51 [scheduling-1] INFO  c.p.b.m.aspect.LoggingAspect - [bbf970b3-bfee-4224-9f23-75b1d456fd42] <-- PendingSignupCleanupService.deleteExpiredPendingSignups() | timeMs=1
2026-06-20 03:22:51 [scheduling-1] INFO  c.p.b.m.aspect.LoggingAspect - [859e46cf-b7e1-4885-9875-09f18c0efb10] --> PendingSignupCleanupService.deleteExpiredPendingSignups()
2026-06-20 03:22:51 [scheduling-1] DEBUG org.hibernate.SQL - 
    /* SELECT
        p 
    FROM
        PendingSignup p 
    WHERE
        p.expiryTime < :time */ select
            ps1_0.id,
            ps1_0.email,
            ps1_0.expiry_time,
            ps1_0.otp,
            ps1_0.password,
            ps1_0.username 
        from
            pending_signup ps1_0 
        where
            ps1_0.expiry_time<?
2026-06-20 03:22:51 [scheduling-1] INFO  c.p.b.m.aspect.LoggingAspect - [859e46cf-b7e1-4885-9875-09f18c0efb10] <-- PendingSignupCleanupService.deleteExpiredPendingSignups() | timeMs=1
2026-06-20 03:23:51 [scheduling-1] INFO  c.p.b.m.aspect.LoggingAspect - [f9706778-4baa-434c-9439-596a28e6b3f3] --> PendingSignupCleanupService.deleteExpiredPendingSignups()
2026-06-20 03:23:51 [scheduling-1] DEBUG org.hibernate.SQL - 
    /* SELECT
        p 
    FROM
        PendingSignup p 
    WHERE
        p.expiryTime < :time */ select
            ps1_0.id,
            ps1_0.email,
            ps1_0.expiry_time,
            ps1_0.otp,
            ps1_0.password,
            ps1_0.username 
        from
            pending_signup ps1_0 
        where
            ps1_0.expiry_time<?
2026-06-20 03:23:51 [scheduling-1] INFO  c.p.b.m.aspect.LoggingAspect - [f9706778-4baa-434c-9439-596a28e6b3f3] <-- PendingSignupCleanupService.deleteExpiredPendingSignups() | timeMs=0
2026-06-20 03:24:51 [scheduling-1] INFO  c.p.b.m.aspect.LoggingAspect - [7b0bb416-ec91-448e-867e-3b53930a18e9] --> PendingSignupCleanupService.deleteExpiredPendingSignups()
2026-06-20 03:24:51 [scheduling-1] DEBUG org.hibernate.SQL - 
    /* SELECT
        p 
    FROM
        PendingSignup p 
    WHERE
        p.expiryTime < :time */ select
            ps1_0.id,
            ps1_0.email,
            ps1_0.expiry_time,
            ps1_0.otp,
            ps1_0.password,
            ps1_0.username 
        from
            pending_signup ps1_0 
        where
            ps1_0.expiry_time<?
2026-06-20 03:24:51 [scheduling-1] INFO  c.p.b.m.aspect.LoggingAspect - [7b0bb416-ec91-448e-867e-3b53930a18e9] <-- PendingSignupCleanupService.deleteExpiredPendingSignups() | timeMs=1
2026-06-20 03:25:51 [scheduling-1] INFO  c.p.b.m.aspect.LoggingAspect - [f229bbd7-852c-460b-86ce-518e44aa96aa] --> PendingSignupCleanupService.deleteExpiredPendingSignups()
2026-06-20 03:25:51 [scheduling-1] DEBUG org.hibernate.SQL - 
    /* SELECT
        p 
    FROM
        PendingSignup p 
    WHERE
        p.expiryTime < :time */ select
            ps1_0.id,
            ps1_0.email,
            ps1_0.expiry_time,
            ps1_0.otp,
            ps1_0.password,
            ps1_0.username 
        from
            pending_signup ps1_0 
        where
            ps1_0.expiry_time<?
2026-06-20 03:25:51 [scheduling-1] INFO  c.p.b.m.aspect.LoggingAspect - [f229bbd7-852c-460b-86ce-518e44aa96aa] <-- PendingSignupCleanupService.deleteExpiredPendingSignups() | timeMs=0
2026-06-20 03:26:51 [scheduling-1] INFO  c.p.b.m.aspect.LoggingAspect - [7e2cef8d-522c-4f96-a852-a3e04fc1d819] --> PendingSignupCleanupService.deleteExpiredPendingSignups()
2026-06-20 03:26:51 [scheduling-1] DEBUG org.hibernate.SQL - 
    /* SELECT
        p 
    FROM
        PendingSignup p 
    WHERE
        p.expiryTime < :time */ select
            ps1_0.id,
            ps1_0.email,
            ps1_0.expiry_time,
            ps1_0.otp,
            ps1_0.password,
            ps1_0.username 
        from
            pending_signup ps1_0 
        where
            ps1_0.expiry_time<?
2026-06-20 03:26:51 [scheduling-1] INFO  c.p.b.m.aspect.LoggingAspect - [7e2cef8d-522c-4f96-a852-a3e04fc1d819] <-- PendingSignupCleanupService.deleteExpiredPendingSignups() | timeMs=0
2026-06-20 03:27:51 [scheduling-1] INFO  c.p.b.m.aspect.LoggingAspect - [fcfaa82e-c96a-4376-9aca-82454255ac96] --> PendingSignupCleanupService.deleteExpiredPendingSignups()
2026-06-20 03:27:51 [scheduling-1] DEBUG org.hibernate.SQL - 
    /* SELECT
        p 
    FROM
        PendingSignup p 
    WHERE
        p.expiryTime < :time */ select
            ps1_0.id,
            ps1_0.email,
            ps1_0.expiry_time,
            ps1_0.otp,
            ps1_0.password,
            ps1_0.username 
        from
            pending_signup ps1_0 
        where
            ps1_0.expiry_time<?
2026-06-20 03:27:51 [scheduling-1] INFO  c.p.b.m.aspect.LoggingAspect - [fcfaa82e-c96a-4376-9aca-82454255ac96] <-- PendingSignupCleanupService.deleteExpiredPendingSignups() | timeMs=1
2026-06-20 03:28:51 [scheduling-1] INFO  c.p.b.m.aspect.LoggingAspect - [61c1160d-73fe-4727-9d23-b46aebcc271b] --> PendingSignupCleanupService.deleteExpiredPendingSignups()
2026-06-20 03:28:51 [scheduling-1] DEBUG org.hibernate.SQL - 
    /* SELECT
        p 
    FROM
        PendingSignup p 
    WHERE
        p.expiryTime < :time */ select
            ps1_0.id,
            ps1_0.email,
            ps1_0.expiry_time,
            ps1_0.otp,
            ps1_0.password,
            ps1_0.username 
        from
            pending_signup ps1_0 
        where
            ps1_0.expiry_time<?
2026-06-20 03:28:51 [scheduling-1] INFO  c.p.b.m.aspect.LoggingAspect - [61c1160d-73fe-4727-9d23-b46aebcc271b] <-- PendingSignupCleanupService.deleteExpiredPendingSignups() | timeMs=1
2026-06-20 03:29:51 [scheduling-1] INFO  c.p.b.m.aspect.LoggingAspect - [53cf9cda-529a-4fff-8dfc-0270d67629da] --> PendingSignupCleanupService.deleteExpiredPendingSignups()
2026-06-20 03:29:51 [scheduling-1] DEBUG org.hibernate.SQL - 
    /* SELECT
        p 
    FROM
        PendingSignup p 
    WHERE
        p.expiryTime < :time */ select
            ps1_0.id,
            ps1_0.email,
            ps1_0.expiry_time,
            ps1_0.otp,
            ps1_0.password,
            ps1_0.username 
        from
            pending_signup ps1_0 
        where
            ps1_0.expiry_time<?
2026-06-20 03:29:51 [scheduling-1] INFO  c.p.b.m.aspect.LoggingAspect - [53cf9cda-529a-4fff-8dfc-0270d67629da] <-- PendingSignupCleanupService.deleteExpiredPendingSignups() | timeMs=0
2026-06-20 03:30:51 [scheduling-1] INFO  c.p.b.m.aspect.LoggingAspect - [aa1e98ba-d117-4499-a905-a30b4fc7af2e] --> PendingSignupCleanupService.deleteExpiredPendingSignups()
2026-06-20 03:30:51 [scheduling-1] DEBUG org.hibernate.SQL - 
    /* SELECT
        p 
    FROM
        PendingSignup p 
    WHERE
        p.expiryTime < :time */ select
            ps1_0.id,
            ps1_0.email,
            ps1_0.expiry_time,
            ps1_0.otp,
            ps1_0.password,
            ps1_0.username 
        from
            pending_signup ps1_0 
        where
            ps1_0.expiry_time<?
2026-06-20 03:30:51 [scheduling-1] INFO  c.p.b.m.aspect.LoggingAspect - [aa1e98ba-d117-4499-a905-a30b4fc7af2e] <-- PendingSignupCleanupService.deleteExpiredPendingSignups() | timeMs=0
2026-06-20 03:31:51 [scheduling-1] INFO  c.p.b.m.aspect.LoggingAspect - [f252cbb0-a108-4352-bafd-9f7dbebad403] --> PendingSignupCleanupService.deleteExpiredPendingSignups()
2026-06-20 03:31:51 [scheduling-1] DEBUG org.hibernate.SQL - 
    /* SELECT
        p 
    FROM
        PendingSignup p 
    WHERE
        p.expiryTime < :time */ select
            ps1_0.id,
            ps1_0.email,
            ps1_0.expiry_time,
            ps1_0.otp,
            ps1_0.password,
            ps1_0.username 
        from
            pending_signup ps1_0 
        where
            ps1_0.expiry_time<?
2026-06-20 03:31:51 [scheduling-1] INFO  c.p.b.m.aspect.LoggingAspect - [f252cbb0-a108-4352-bafd-9f7dbebad403] <-- PendingSignupCleanupService.deleteExpiredPendingSignups() | timeMs=1
2026-06-20 03:32:51 [scheduling-1] INFO  c.p.b.m.aspect.LoggingAspect - [a2181529-aedf-46f3-badf-03849a0f4bff] --> PendingSignupCleanupService.deleteExpiredPendingSignups()
2026-06-20 03:32:51 [scheduling-1] DEBUG org.hibernate.SQL - 
    /* SELECT
        p 
    FROM
        PendingSignup p 
    WHERE
        p.expiryTime < :time */ select
            ps1_0.id,
            ps1_0.email,
            ps1_0.expiry_time,
            ps1_0.otp,
            ps1_0.password,
            ps1_0.username 
        from
            pending_signup ps1_0 
        where
            ps1_0.expiry_time<?
2026-06-20 03:32:51 [scheduling-1] INFO  c.p.b.m.aspect.LoggingAspect - [a2181529-aedf-46f3-badf-03849a0f4bff] <-- PendingSignupCleanupService.deleteExpiredPendingSignups() | timeMs=1
2026-06-20 03:33:51 [scheduling-1] INFO  c.p.b.m.aspect.LoggingAspect - [8cf3388c-7ded-497d-8f7c-ad0bc9b37641] --> PendingSignupCleanupService.deleteExpiredPendingSignups()
2026-06-20 03:33:51 [scheduling-1] DEBUG org.hibernate.SQL - 
    /* SELECT
        p 
    FROM
        PendingSignup p 
    WHERE
        p.expiryTime < :time */ select
            ps1_0.id,
            ps1_0.email,
            ps1_0.expiry_time,
            ps1_0.otp,
            ps1_0.password,
            ps1_0.username 
        from
            pending_signup ps1_0 
        where
            ps1_0.expiry_time<?
2026-06-20 03:33:51 [scheduling-1] INFO  c.p.b.m.aspect.LoggingAspect - [8cf3388c-7ded-497d-8f7c-ad0bc9b37641] <-- PendingSignupCleanupService.deleteExpiredPendingSignups() | timeMs=1
2026-06-20 03:34:51 [scheduling-1] INFO  c.p.b.m.aspect.LoggingAspect - [ee7cddb8-fcb6-4fcd-ba2a-708a4ae457fe] --> PendingSignupCleanupService.deleteExpiredPendingSignups()
2026-06-20 03:34:51 [scheduling-1] DEBUG org.hibernate.SQL - 
    /* SELECT
        p 
    FROM
        PendingSignup p 
    WHERE
        p.expiryTime < :time */ select
            ps1_0.id,
            ps1_0.email,
            ps1_0.expiry_time,
            ps1_0.otp,
            ps1_0.password,
            ps1_0.username 
        from
            pending_signup ps1_0 
        where
            ps1_0.expiry_time<?
2026-06-20 03:34:51 [scheduling-1] INFO  c.p.b.m.aspect.LoggingAspect - [ee7cddb8-fcb6-4fcd-ba2a-708a4ae457fe] <-- PendingSignupCleanupService.deleteExpiredPendingSignups() | timeMs=1
2026-06-20 03:35:51 [scheduling-1] INFO  c.p.b.m.aspect.LoggingAspect - [94814904-1a2f-4383-9b9c-21a56f472efb] --> PendingSignupCleanupService.deleteExpiredPendingSignups()
2026-06-20 03:35:51 [scheduling-1] DEBUG org.hibernate.SQL - 
    /* SELECT
        p 
    FROM
        PendingSignup p 
    WHERE
        p.expiryTime < :time */ select
            ps1_0.id,
            ps1_0.email,
            ps1_0.expiry_time,
            ps1_0.otp,
            ps1_0.password,
            ps1_0.username 
        from
            pending_signup ps1_0 
        where
            ps1_0.expiry_time<?
2026-06-20 03:35:51 [scheduling-1] INFO  c.p.b.m.aspect.LoggingAspect - [94814904-1a2f-4383-9b9c-21a56f472efb] <-- PendingSignupCleanupService.deleteExpiredPendingSignups() | timeMs=0
2026-06-20 03:36:51 [scheduling-1] INFO  c.p.b.m.aspect.LoggingAspect - [3d2fc600-63bf-4dce-a716-5c0fca71a286] --> PendingSignupCleanupService.deleteExpiredPendingSignups()
2026-06-20 03:36:51 [scheduling-1] DEBUG org.hibernate.SQL - 
    /* SELECT
        p 
    FROM
        PendingSignup p 
    WHERE
        p.expiryTime < :time */ select
            ps1_0.id,
            ps1_0.email,
            ps1_0.expiry_time,
            ps1_0.otp,
            ps1_0.password,
            ps1_0.username 
        from
            pending_signup ps1_0 
        where
            ps1_0.expiry_time<?
2026-06-20 03:36:51 [scheduling-1] INFO  c.p.b.m.aspect.LoggingAspect - [3d2fc600-63bf-4dce-a716-5c0fca71a286] <-- PendingSignupCleanupService.deleteExpiredPendingSignups() | timeMs=0
2026-06-20 03:37:51 [scheduling-1] INFO  c.p.b.m.aspect.LoggingAspect - [f9fd1e9c-43e0-4b9b-af59-2a05dbf5c950] --> PendingSignupCleanupService.deleteExpiredPendingSignups()
2026-06-20 03:37:51 [scheduling-1] DEBUG org.hibernate.SQL - 
    /* SELECT
        p 
    FROM
        PendingSignup p 
    WHERE
        p.expiryTime < :time */ select
            ps1_0.id,
            ps1_0.email,
            ps1_0.expiry_time,
            ps1_0.otp,
            ps1_0.password,
            ps1_0.username 
        from
            pending_signup ps1_0 
        where
            ps1_0.expiry_time<?
2026-06-20 03:37:51 [scheduling-1] INFO  c.p.b.m.aspect.LoggingAspect - [f9fd1e9c-43e0-4b9b-af59-2a05dbf5c950] <-- PendingSignupCleanupService.deleteExpiredPendingSignups() | timeMs=0
2026-06-20 03:38:51 [scheduling-1] INFO  c.p.b.m.aspect.LoggingAspect - [5123dfce-e07e-4beb-804f-7009ce5800d4] --> PendingSignupCleanupService.deleteExpiredPendingSignups()
2026-06-20 03:38:51 [scheduling-1] DEBUG org.hibernate.SQL - 
    /* SELECT
        p 
    FROM
        PendingSignup p 
    WHERE
        p.expiryTime < :time */ select
            ps1_0.id,
            ps1_0.email,
            ps1_0.expiry_time,
            ps1_0.otp,
            ps1_0.password,
            ps1_0.username 
        from
            pending_signup ps1_0 
        where
            ps1_0.expiry_time<?
2026-06-20 03:38:51 [scheduling-1] INFO  c.p.b.m.aspect.LoggingAspect - [5123dfce-e07e-4beb-804f-7009ce5800d4] <-- PendingSignupCleanupService.deleteExpiredPendingSignups() | timeMs=0
2026-06-20 03:39:51 [scheduling-1] INFO  c.p.b.m.aspect.LoggingAspect - [a7dfa046-69ea-430d-9b5f-bf9d7f92261f] --> PendingSignupCleanupService.deleteExpiredPendingSignups()
2026-06-20 03:39:51 [scheduling-1] DEBUG org.hibernate.SQL - 
    /* SELECT
        p 
    FROM
        PendingSignup p 
    WHERE
        p.expiryTime < :time */ select
            ps1_0.id,
            ps1_0.email,
            ps1_0.expiry_time,
            ps1_0.otp,
            ps1_0.password,
            ps1_0.username 
        from
            pending_signup ps1_0 
        where
            ps1_0.expiry_time<?
2026-06-20 03:39:51 [scheduling-1] INFO  c.p.b.m.aspect.LoggingAspect - [a7dfa046-69ea-430d-9b5f-bf9d7f92261f] <-- PendingSignupCleanupService.deleteExpiredPendingSignups() | timeMs=0
2026-06-20 03:40:51 [scheduling-1] INFO  c.p.b.m.aspect.LoggingAspect - [d189d636-94d7-4a6a-9482-3127d7c63b81] --> PendingSignupCleanupService.deleteExpiredPendingSignups()
2026-06-20 03:40:51 [scheduling-1] DEBUG org.hibernate.SQL - 
    /* SELECT
        p 
    FROM
        PendingSignup p 
    WHERE
        p.expiryTime < :time */ select
            ps1_0.id,
            ps1_0.email,
            ps1_0.expiry_time,
            ps1_0.otp,
            ps1_0.password,
            ps1_0.username 
        from
            pending_signup ps1_0 
        where
            ps1_0.expiry_time<?
2026-06-20 03:40:51 [scheduling-1] INFO  c.p.b.m.aspect.LoggingAspect - [d189d636-94d7-4a6a-9482-3127d7c63b81] <-- PendingSignupCleanupService.deleteExpiredPendingSignups() | timeMs=0
2026-06-20 03:41:51 [scheduling-1] INFO  c.p.b.m.aspect.LoggingAspect - [4ae6acdf-497e-4419-a74a-737d8fce8130] --> PendingSignupCleanupService.deleteExpiredPendingSignups()
2026-06-20 03:41:51 [scheduling-1] DEBUG org.hibernate.SQL - 
    /* SELECT
        p 
    FROM
        PendingSignup p 
    WHERE
        p.expiryTime < :time */ select
            ps1_0.id,
            ps1_0.email,
            ps1_0.expiry_time,
            ps1_0.otp,
            ps1_0.password,
            ps1_0.username 
        from
            pending_signup ps1_0 
        where
            ps1_0.expiry_time<?
2026-06-20 03:41:51 [scheduling-1] INFO  c.p.b.m.aspect.LoggingAspect - [4ae6acdf-497e-4419-a74a-737d8fce8130] <-- PendingSignupCleanupService.deleteExpiredPendingSignups() | timeMs=0
2026-06-20 03:42:51 [scheduling-1] INFO  c.p.b.m.aspect.LoggingAspect - [38fb1a34-be26-4ee7-a0f7-efbd2be45fc6] --> PendingSignupCleanupService.deleteExpiredPendingSignups()
2026-06-20 03:42:51 [scheduling-1] DEBUG org.hibernate.SQL - 
    /* SELECT
        p 
    FROM
        PendingSignup p 
    WHERE
        p.expiryTime < :time */ select
            ps1_0.id,
            ps1_0.email,
            ps1_0.expiry_time,
            ps1_0.otp,
            ps1_0.password,
            ps1_0.username 
        from
            pending_signup ps1_0 
        where
            ps1_0.expiry_time<?
2026-06-20 03:42:51 [scheduling-1] INFO  c.p.b.m.aspect.LoggingAspect - [38fb1a34-be26-4ee7-a0f7-efbd2be45fc6] <-- PendingSignupCleanupService.deleteExpiredPendingSignups() | timeMs=0
2026-06-20 03:43:51 [scheduling-1] INFO  c.p.b.m.aspect.LoggingAspect - [e122eda1-02ba-4109-87b6-872fbf52327d] --> PendingSignupCleanupService.deleteExpiredPendingSignups()
2026-06-20 03:43:51 [scheduling-1] DEBUG org.hibernate.SQL - 
    /* SELECT
        p 
    FROM
        PendingSignup p 
    WHERE
        p.expiryTime < :time */ select
            ps1_0.id,
            ps1_0.email,
            ps1_0.expiry_time,
            ps1_0.otp,
            ps1_0.password,
            ps1_0.username 
        from
            pending_signup ps1_0 
        where
            ps1_0.expiry_time<?
2026-06-20 03:43:51 [scheduling-1] INFO  c.p.b.m.aspect.LoggingAspect - [e122eda1-02ba-4109-87b6-872fbf52327d] <-- PendingSignupCleanupService.deleteExpiredPendingSignups() | timeMs=0
2026-06-20 03:44:51 [scheduling-1] INFO  c.p.b.m.aspect.LoggingAspect - [d3eb329f-1ba6-4f46-bf24-3528b2dc1bd9] --> PendingSignupCleanupService.deleteExpiredPendingSignups()
2026-06-20 03:44:51 [scheduling-1] DEBUG org.hibernate.SQL - 
    /* SELECT
        p 
    FROM
        PendingSignup p 
    WHERE
        p.expiryTime < :time */ select
            ps1_0.id,
            ps1_0.email,
            ps1_0.expiry_time,
            ps1_0.otp,
            ps1_0.password,
            ps1_0.username 
        from
            pending_signup ps1_0 
        where
            ps1_0.expiry_time<?
2026-06-20 03:44:51 [scheduling-1] INFO  c.p.b.m.aspect.LoggingAspect - [d3eb329f-1ba6-4f46-bf24-3528b2dc1bd9] <-- PendingSignupCleanupService.deleteExpiredPendingSignups() | timeMs=0
2026-06-20 03:45:51 [scheduling-1] INFO  c.p.b.m.aspect.LoggingAspect - [dc63065f-edc3-405b-a0c4-f25741bc2276] --> PendingSignupCleanupService.deleteExpiredPendingSignups()
2026-06-20 03:45:51 [scheduling-1] DEBUG org.hibernate.SQL - 
    /* SELECT
        p 
    FROM
        PendingSignup p 
    WHERE
        p.expiryTime < :time */ select
            ps1_0.id,
            ps1_0.email,
            ps1_0.expiry_time,
            ps1_0.otp,
            ps1_0.password,
            ps1_0.username 
        from
            pending_signup ps1_0 
        where
            ps1_0.expiry_time<?
2026-06-20 03:45:51 [scheduling-1] INFO  c.p.b.m.aspect.LoggingAspect - [dc63065f-edc3-405b-a0c4-f25741bc2276] <-- PendingSignupCleanupService.deleteExpiredPendingSignups() | timeMs=0
2026-06-20 03:46:51 [scheduling-1] INFO  c.p.b.m.aspect.LoggingAspect - [ba1ec27c-5541-4d2b-ac41-db87a8c4b719] --> PendingSignupCleanupService.deleteExpiredPendingSignups()
2026-06-20 03:46:51 [scheduling-1] DEBUG org.hibernate.SQL - 
    /* SELECT
        p 
    FROM
        PendingSignup p 
    WHERE
        p.expiryTime < :time */ select
            ps1_0.id,
            ps1_0.email,
            ps1_0.expiry_time,
            ps1_0.otp,
            ps1_0.password,
            ps1_0.username 
        from
            pending_signup ps1_0 
        where
            ps1_0.expiry_time<?
2026-06-20 03:46:51 [scheduling-1] INFO  c.p.b.m.aspect.LoggingAspect - [ba1ec27c-5541-4d2b-ac41-db87a8c4b719] <-- PendingSignupCleanupService.deleteExpiredPendingSignups() | timeMs=1
2026-06-20 03:47:51 [scheduling-1] INFO  c.p.b.m.aspect.LoggingAspect - [61578f46-a18f-4b63-8436-7353e43652da] --> PendingSignupCleanupService.deleteExpiredPendingSignups()
2026-06-20 03:47:51 [scheduling-1] DEBUG org.hibernate.SQL - 
    /* SELECT
        p 
    FROM
        PendingSignup p 
    WHERE
        p.expiryTime < :time */ select
            ps1_0.id,
            ps1_0.email,
            ps1_0.expiry_time,
            ps1_0.otp,
            ps1_0.password,
            ps1_0.username 
        from
            pending_signup ps1_0 
        where
            ps1_0.expiry_time<?
2026-06-20 03:47:51 [scheduling-1] INFO  c.p.b.m.aspect.LoggingAspect - [61578f46-a18f-4b63-8436-7353e43652da] <-- PendingSignupCleanupService.deleteExpiredPendingSignups() | timeMs=0
2026-06-20 03:48:51 [scheduling-1] INFO  c.p.b.m.aspect.LoggingAspect - [7cad1fda-90e0-46af-b0ea-71650238b719] --> PendingSignupCleanupService.deleteExpiredPendingSignups()
2026-06-20 03:48:51 [scheduling-1] DEBUG org.hibernate.SQL - 
    /* SELECT
        p 
    FROM
        PendingSignup p 
    WHERE
        p.expiryTime < :time */ select
            ps1_0.id,
            ps1_0.email,
            ps1_0.expiry_time,
            ps1_0.otp,
            ps1_0.password,
            ps1_0.username 
        from
            pending_signup ps1_0 
        where
            ps1_0.expiry_time<?
2026-06-20 03:48:51 [scheduling-1] INFO  c.p.b.m.aspect.LoggingAspect - [7cad1fda-90e0-46af-b0ea-71650238b719] <-- PendingSignupCleanupService.deleteExpiredPendingSignups() | timeMs=0
2026-06-20 03:49:51 [scheduling-1] INFO  c.p.b.m.aspect.LoggingAspect - [8a20e077-10a7-4033-a8f1-947603a83108] --> PendingSignupCleanupService.deleteExpiredPendingSignups()
2026-06-20 03:49:51 [scheduling-1] DEBUG org.hibernate.SQL - 
    /* SELECT
        p 
    FROM
        PendingSignup p 
    WHERE
        p.expiryTime < :time */ select
            ps1_0.id,
            ps1_0.email,
            ps1_0.expiry_time,
            ps1_0.otp,
            ps1_0.password,
            ps1_0.username 
        from
            pending_signup ps1_0 
        where
            ps1_0.expiry_time<?
2026-06-20 03:49:51 [scheduling-1] INFO  c.p.b.m.aspect.LoggingAspect - [8a20e077-10a7-4033-a8f1-947603a83108] <-- PendingSignupCleanupService.deleteExpiredPendingSignups() | timeMs=1
2026-06-20 03:50:51 [scheduling-1] INFO  c.p.b.m.aspect.LoggingAspect - [4be0cb69-d7c7-41ca-9de2-548bcf0ff866] --> PendingSignupCleanupService.deleteExpiredPendingSignups()
2026-06-20 03:50:51 [scheduling-1] DEBUG org.hibernate.SQL - 
    /* SELECT
        p 
    FROM
        PendingSignup p 
    WHERE
        p.expiryTime < :time */ select
            ps1_0.id,
            ps1_0.email,
            ps1_0.expiry_time,
            ps1_0.otp,
            ps1_0.password,
            ps1_0.username 
        from
            pending_signup ps1_0 
        where
            ps1_0.expiry_time<?
2026-06-20 03:50:51 [scheduling-1] INFO  c.p.b.m.aspect.LoggingAspect - [4be0cb69-d7c7-41ca-9de2-548bcf0ff866] <-- PendingSignupCleanupService.deleteExpiredPendingSignups() | timeMs=0
2026-06-20 03:51:51 [scheduling-1] INFO  c.p.b.m.aspect.LoggingAspect - [bd1080db-81f7-48ed-a9ab-1c55c8e92c0d] --> PendingSignupCleanupService.deleteExpiredPendingSignups()
2026-06-20 03:51:51 [scheduling-1] DEBUG org.hibernate.SQL - 
    /* SELECT
        p 
    FROM
        PendingSignup p 
    WHERE
        p.expiryTime < :time */ select
            ps1_0.id,
            ps1_0.email,
            ps1_0.expiry_time,
            ps1_0.otp,
            ps1_0.password,
            ps1_0.username 
        from
            pending_signup ps1_0 
        where
            ps1_0.expiry_time<?
2026-06-20 03:51:51 [scheduling-1] INFO  c.p.b.m.aspect.LoggingAspect - [bd1080db-81f7-48ed-a9ab-1c55c8e92c0d] <-- PendingSignupCleanupService.deleteExpiredPendingSignups() | timeMs=0
2026-06-20 03:52:51 [scheduling-1] INFO  c.p.b.m.aspect.LoggingAspect - [68281ccc-4c68-4c07-8e8f-1f338c2b353a] --> PendingSignupCleanupService.deleteExpiredPendingSignups()
2026-06-20 03:52:51 [scheduling-1] DEBUG org.hibernate.SQL - 
    /* SELECT
        p 
    FROM
        PendingSignup p 
    WHERE
        p.expiryTime < :time */ select
            ps1_0.id,
            ps1_0.email,
            ps1_0.expiry_time,
            ps1_0.otp,
            ps1_0.password,
            ps1_0.username 
        from
            pending_signup ps1_0 
        where
            ps1_0.expiry_time<?
2026-06-20 03:52:51 [scheduling-1] INFO  c.p.b.m.aspect.LoggingAspect - [68281ccc-4c68-4c07-8e8f-1f338c2b353a] <-- PendingSignupCleanupService.deleteExpiredPendingSignups() | timeMs=0
2026-06-20 03:53:51 [scheduling-1] INFO  c.p.b.m.aspect.LoggingAspect - [bbc9dd61-b2f6-4a14-b162-8ba1cd2fcc71] --> PendingSignupCleanupService.deleteExpiredPendingSignups()
2026-06-20 03:53:51 [scheduling-1] DEBUG org.hibernate.SQL - 
    /* SELECT
        p 
    FROM
        PendingSignup p 
    WHERE
        p.expiryTime < :time */ select
            ps1_0.id,
            ps1_0.email,
            ps1_0.expiry_time,
            ps1_0.otp,
            ps1_0.password,
            ps1_0.username 
        from
            pending_signup ps1_0 
        where
            ps1_0.expiry_time<?
2026-06-20 03:53:51 [scheduling-1] INFO  c.p.b.m.aspect.LoggingAspect - [bbc9dd61-b2f6-4a14-b162-8ba1cd2fcc71] <-- PendingSignupCleanupService.deleteExpiredPendingSignups() | timeMs=1
2026-06-20 03:54:51 [scheduling-1] INFO  c.p.b.m.aspect.LoggingAspect - [aa70292d-6334-4fed-96c4-2d10e674959d] --> PendingSignupCleanupService.deleteExpiredPendingSignups()
2026-06-20 03:54:51 [scheduling-1] DEBUG org.hibernate.SQL - 
    /* SELECT
        p 
    FROM
        PendingSignup p 
    WHERE
        p.expiryTime < :time */ select
            ps1_0.id,
            ps1_0.email,
            ps1_0.expiry_time,
            ps1_0.otp,
            ps1_0.password,
            ps1_0.username 
        from
            pending_signup ps1_0 
        where
            ps1_0.expiry_time<?
2026-06-20 03:54:51 [scheduling-1] INFO  c.p.b.m.aspect.LoggingAspect - [aa70292d-6334-4fed-96c4-2d10e674959d] <-- PendingSignupCleanupService.deleteExpiredPendingSignups() | timeMs=0
2026-06-20 03:55:51 [scheduling-1] INFO  c.p.b.m.aspect.LoggingAspect - [5e6c1c26-ba55-4f5b-9b4b-365b51630e30] --> PendingSignupCleanupService.deleteExpiredPendingSignups()
2026-06-20 03:55:51 [scheduling-1] DEBUG org.hibernate.SQL - 
    /* SELECT
        p 
    FROM
        PendingSignup p 
    WHERE
        p.expiryTime < :time */ select
            ps1_0.id,
            ps1_0.email,
            ps1_0.expiry_time,
            ps1_0.otp,
            ps1_0.password,
            ps1_0.username 
        from
            pending_signup ps1_0 
        where
            ps1_0.expiry_time<?
2026-06-20 03:55:51 [scheduling-1] INFO  c.p.b.m.aspect.LoggingAspect - [5e6c1c26-ba55-4f5b-9b4b-365b51630e30] <-- PendingSignupCleanupService.deleteExpiredPendingSignups() | timeMs=0
2026-06-20 03:56:51 [scheduling-1] INFO  c.p.b.m.aspect.LoggingAspect - [4a71dc30-3634-464d-a6b9-f7e99d1ce7cb] --> PendingSignupCleanupService.deleteExpiredPendingSignups()
2026-06-20 03:56:51 [scheduling-1] DEBUG org.hibernate.SQL - 
    /* SELECT
        p 
    FROM
        PendingSignup p 
    WHERE
        p.expiryTime < :time */ select
            ps1_0.id,
            ps1_0.email,
            ps1_0.expiry_time,
            ps1_0.otp,
            ps1_0.password,
            ps1_0.username 
        from
            pending_signup ps1_0 
        where
            ps1_0.expiry_time<?
2026-06-20 03:56:51 [scheduling-1] INFO  c.p.b.m.aspect.LoggingAspect - [4a71dc30-3634-464d-a6b9-f7e99d1ce7cb] <-- PendingSignupCleanupService.deleteExpiredPendingSignups() | timeMs=0
2026-06-20 03:57:51 [scheduling-1] INFO  c.p.b.m.aspect.LoggingAspect - [cdc32f51-0a3a-431a-8cec-c4b6a6db69a9] --> PendingSignupCleanupService.deleteExpiredPendingSignups()
2026-06-20 03:57:51 [scheduling-1] DEBUG org.hibernate.SQL - 
    /* SELECT
        p 
    FROM
        PendingSignup p 
    WHERE
        p.expiryTime < :time */ select
            ps1_0.id,
            ps1_0.email,
            ps1_0.expiry_time,
            ps1_0.otp,
            ps1_0.password,
            ps1_0.username 
        from
            pending_signup ps1_0 
        where
            ps1_0.expiry_time<?
2026-06-20 03:57:51 [scheduling-1] INFO  c.p.b.m.aspect.LoggingAspect - [cdc32f51-0a3a-431a-8cec-c4b6a6db69a9] <-- PendingSignupCleanupService.deleteExpiredPendingSignups() | timeMs=1
2026-06-20 03:58:51 [scheduling-1] INFO  c.p.b.m.aspect.LoggingAspect - [362c5065-0831-452e-9a62-cea0673828f7] --> PendingSignupCleanupService.deleteExpiredPendingSignups()
2026-06-20 03:58:51 [scheduling-1] DEBUG org.hibernate.SQL - 
    /* SELECT
        p 
    FROM
        PendingSignup p 
    WHERE
        p.expiryTime < :time */ select
            ps1_0.id,
            ps1_0.email,
            ps1_0.expiry_time,
            ps1_0.otp,
            ps1_0.password,
            ps1_0.username 
        from
            pending_signup ps1_0 
        where
            ps1_0.expiry_time<?
2026-06-20 03:58:51 [scheduling-1] INFO  c.p.b.m.aspect.LoggingAspect - [362c5065-0831-452e-9a62-cea0673828f7] <-- PendingSignupCleanupService.deleteExpiredPendingSignups() | timeMs=0
2026-06-20 03:59:51 [scheduling-1] INFO  c.p.b.m.aspect.LoggingAspect - [d123723f-7f87-45b3-84db-76205e734b38] --> PendingSignupCleanupService.deleteExpiredPendingSignups()
2026-06-20 03:59:51 [scheduling-1] DEBUG org.hibernate.SQL - 
    /* SELECT
        p 
    FROM
        PendingSignup p 
    WHERE
        p.expiryTime < :time */ select
            ps1_0.id,
            ps1_0.email,
            ps1_0.expiry_time,
            ps1_0.otp,
            ps1_0.password,
            ps1_0.username 
        from
            pending_signup ps1_0 
        where
            ps1_0.expiry_time<?
2026-06-20 03:59:51 [scheduling-1] INFO  c.p.b.m.aspect.LoggingAspect - [d123723f-7f87-45b3-84db-76205e734b38] <-- PendingSignupCleanupService.deleteExpiredPendingSignups() | timeMs=0
2026-06-20 04:00:51 [scheduling-1] INFO  c.p.b.m.aspect.LoggingAspect - [e26793f1-b717-4784-ae47-263b9eabca10] --> PendingSignupCleanupService.deleteExpiredPendingSignups()
2026-06-20 04:00:51 [scheduling-1] DEBUG org.hibernate.SQL - 
    /* SELECT
        p 
    FROM
        PendingSignup p 
    WHERE
        p.expiryTime < :time */ select
            ps1_0.id,
            ps1_0.email,
            ps1_0.expiry_time,
            ps1_0.otp,
            ps1_0.password,
            ps1_0.username 
        from
            pending_signup ps1_0 
        where
            ps1_0.expiry_time<?
2026-06-20 04:00:51 [scheduling-1] INFO  c.p.b.m.aspect.LoggingAspect - [e26793f1-b717-4784-ae47-263b9eabca10] <-- PendingSignupCleanupService.deleteExpiredPendingSignups() | timeMs=1
2026-06-20 04:01:51 [scheduling-1] INFO  c.p.b.m.aspect.LoggingAspect - [309d0cf7-6601-4997-904f-b4bd51c0fb35] --> PendingSignupCleanupService.deleteExpiredPendingSignups()
2026-06-20 04:01:51 [scheduling-1] DEBUG org.hibernate.SQL - 
    /* SELECT
        p 
    FROM
        PendingSignup p 
    WHERE
        p.expiryTime < :time */ select
            ps1_0.id,
            ps1_0.email,
            ps1_0.expiry_time,
            ps1_0.otp,
            ps1_0.password,
            ps1_0.username 
        from
            pending_signup ps1_0 
        where
            ps1_0.expiry_time<?
2026-06-20 04:01:51 [scheduling-1] INFO  c.p.b.m.aspect.LoggingAspect - [309d0cf7-6601-4997-904f-b4bd51c0fb35] <-- PendingSignupCleanupService.deleteExpiredPendingSignups() | timeMs=0
2026-06-20 04:02:51 [scheduling-1] INFO  c.p.b.m.aspect.LoggingAspect - [316c6823-7580-4f14-9911-06fed6b4c1cc] --> PendingSignupCleanupService.deleteExpiredPendingSignups()
2026-06-20 04:02:51 [scheduling-1] DEBUG org.hibernate.SQL - 
    /* SELECT
        p 
    FROM
        PendingSignup p 
    WHERE
        p.expiryTime < :time */ select
            ps1_0.id,
            ps1_0.email,
            ps1_0.expiry_time,
            ps1_0.otp,
            ps1_0.password,
            ps1_0.username 
        from
            pending_signup ps1_0 
        where
            ps1_0.expiry_time<?
2026-06-20 04:02:51 [scheduling-1] INFO  c.p.b.m.aspect.LoggingAspect - [316c6823-7580-4f14-9911-06fed6b4c1cc] <-- PendingSignupCleanupService.deleteExpiredPendingSignups() | timeMs=0
2026-06-20 04:03:51 [scheduling-1] INFO  c.p.b.m.aspect.LoggingAspect - [50c92de3-ebf5-44b1-9711-9fcf21abea7f] --> PendingSignupCleanupService.deleteExpiredPendingSignups()
2026-06-20 04:03:51 [scheduling-1] DEBUG org.hibernate.SQL - 
    /* SELECT
        p 
    FROM
        PendingSignup p 
    WHERE
        p.expiryTime < :time */ select
            ps1_0.id,
            ps1_0.email,
            ps1_0.expiry_time,
            ps1_0.otp,
            ps1_0.password,
            ps1_0.username 
        from
            pending_signup ps1_0 
        where
            ps1_0.expiry_time<?
2026-06-20 04:03:51 [scheduling-1] INFO  c.p.b.m.aspect.LoggingAspect - [50c92de3-ebf5-44b1-9711-9fcf21abea7f] <-- PendingSignupCleanupService.deleteExpiredPendingSignups() | timeMs=1
2026-06-20 04:04:51 [scheduling-1] INFO  c.p.b.m.aspect.LoggingAspect - [85c68778-7a6f-4bec-aee0-b06a365654b4] --> PendingSignupCleanupService.deleteExpiredPendingSignups()
2026-06-20 04:04:51 [scheduling-1] DEBUG org.hibernate.SQL - 
    /* SELECT
        p 
    FROM
        PendingSignup p 
    WHERE
        p.expiryTime < :time */ select
            ps1_0.id,
            ps1_0.email,
            ps1_0.expiry_time,
            ps1_0.otp,
            ps1_0.password,
            ps1_0.username 
        from
            pending_signup ps1_0 
        where
            ps1_0.expiry_time<?
2026-06-20 04:04:51 [scheduling-1] INFO  c.p.b.m.aspect.LoggingAspect - [85c68778-7a6f-4bec-aee0-b06a365654b4] <-- PendingSignupCleanupService.deleteExpiredPendingSignups() | timeMs=0
2026-06-20 04:05:51 [scheduling-1] INFO  c.p.b.m.aspect.LoggingAspect - [183558a6-82b0-4c1c-9e27-9cb3036d314a] --> PendingSignupCleanupService.deleteExpiredPendingSignups()
2026-06-20 04:05:51 [scheduling-1] DEBUG org.hibernate.SQL - 
    /* SELECT
        p 
    FROM
        PendingSignup p 
    WHERE
        p.expiryTime < :time */ select
            ps1_0.id,
            ps1_0.email,
            ps1_0.expiry_time,
            ps1_0.otp,
            ps1_0.password,
            ps1_0.username 
        from
            pending_signup ps1_0 
        where
            ps1_0.expiry_time<?
2026-06-20 04:05:51 [scheduling-1] INFO  c.p.b.m.aspect.LoggingAspect - [183558a6-82b0-4c1c-9e27-9cb3036d314a] <-- PendingSignupCleanupService.deleteExpiredPendingSignups() | timeMs=0
2026-06-20 04:06:51 [scheduling-1] INFO  c.p.b.m.aspect.LoggingAspect - [96fcd034-9ef1-4ab0-a969-ffbaf6ba1560] --> PendingSignupCleanupService.deleteExpiredPendingSignups()
2026-06-20 04:06:51 [scheduling-1] DEBUG org.hibernate.SQL - 
    /* SELECT
        p 
    FROM
        PendingSignup p 
    WHERE
        p.expiryTime < :time */ select
            ps1_0.id,
            ps1_0.email,
            ps1_0.expiry_time,
            ps1_0.otp,
            ps1_0.password,
            ps1_0.username 
        from
            pending_signup ps1_0 
        where
            ps1_0.expiry_time<?
2026-06-20 04:06:51 [scheduling-1] INFO  c.p.b.m.aspect.LoggingAspect - [96fcd034-9ef1-4ab0-a969-ffbaf6ba1560] <-- PendingSignupCleanupService.deleteExpiredPendingSignups() | timeMs=0
2026-06-20 04:07:51 [scheduling-1] INFO  c.p.b.m.aspect.LoggingAspect - [3b2d9a3e-4276-4045-a84a-808cbd42ea20] --> PendingSignupCleanupService.deleteExpiredPendingSignups()
2026-06-20 04:07:51 [scheduling-1] DEBUG org.hibernate.SQL - 
    /* SELECT
        p 
    FROM
        PendingSignup p 
    WHERE
        p.expiryTime < :time */ select
            ps1_0.id,
            ps1_0.email,
            ps1_0.expiry_time,
            ps1_0.otp,
            ps1_0.password,
            ps1_0.username 
        from
            pending_signup ps1_0 
        where
            ps1_0.expiry_time<?
2026-06-20 04:07:51 [scheduling-1] INFO  c.p.b.m.aspect.LoggingAspect - [3b2d9a3e-4276-4045-a84a-808cbd42ea20] <-- PendingSignupCleanupService.deleteExpiredPendingSignups() | timeMs=1
2026-06-20 04:08:51 [scheduling-1] INFO  c.p.b.m.aspect.LoggingAspect - [0d71c105-32bf-4ee8-b5d1-39c77abc4327] --> PendingSignupCleanupService.deleteExpiredPendingSignups()
2026-06-20 04:08:51 [scheduling-1] DEBUG org.hibernate.SQL - 
    /* SELECT
        p 
    FROM
        PendingSignup p 
    WHERE
        p.expiryTime < :time */ select
            ps1_0.id,
            ps1_0.email,
            ps1_0.expiry_time,
            ps1_0.otp,
            ps1_0.password,
            ps1_0.username 
        from
            pending_signup ps1_0 
        where
            ps1_0.expiry_time<?
2026-06-20 04:08:51 [scheduling-1] INFO  c.p.b.m.aspect.LoggingAspect - [0d71c105-32bf-4ee8-b5d1-39c77abc4327] <-- PendingSignupCleanupService.deleteExpiredPendingSignups() | timeMs=0
2026-06-20 04:09:51 [scheduling-1] INFO  c.p.b.m.aspect.LoggingAspect - [19984be7-64de-43ab-8357-003f043b6188] --> PendingSignupCleanupService.deleteExpiredPendingSignups()
2026-06-20 04:09:51 [scheduling-1] DEBUG org.hibernate.SQL - 
    /* SELECT
        p 
    FROM
        PendingSignup p 
    WHERE
        p.expiryTime < :time */ select
            ps1_0.id,
            ps1_0.email,
            ps1_0.expiry_time,
            ps1_0.otp,
            ps1_0.password,
            ps1_0.username 
        from
            pending_signup ps1_0 
        where
            ps1_0.expiry_time<?
2026-06-20 04:09:51 [scheduling-1] INFO  c.p.b.m.aspect.LoggingAspect - [19984be7-64de-43ab-8357-003f043b6188] <-- PendingSignupCleanupService.deleteExpiredPendingSignups() | timeMs=0
2026-06-20 04:10:51 [scheduling-1] INFO  c.p.b.m.aspect.LoggingAspect - [e436583a-f5ab-4e25-a878-2c4c23db72af] --> PendingSignupCleanupService.deleteExpiredPendingSignups()
2026-06-20 04:10:51 [scheduling-1] DEBUG org.hibernate.SQL - 
    /* SELECT
        p 
    FROM
        PendingSignup p 
    WHERE
        p.expiryTime < :time */ select
            ps1_0.id,
            ps1_0.email,
            ps1_0.expiry_time,
            ps1_0.otp,
            ps1_0.password,
            ps1_0.username 
        from
            pending_signup ps1_0 
        where
            ps1_0.expiry_time<?
2026-06-20 04:10:51 [scheduling-1] INFO  c.p.b.m.aspect.LoggingAspect - [e436583a-f5ab-4e25-a878-2c4c23db72af] <-- PendingSignupCleanupService.deleteExpiredPendingSignups() | timeMs=0
2026-06-20 04:11:51 [scheduling-1] INFO  c.p.b.m.aspect.LoggingAspect - [393c3b1f-a80a-499f-8f51-3e3913d2e47a] --> PendingSignupCleanupService.deleteExpiredPendingSignups()
2026-06-20 04:11:51 [scheduling-1] DEBUG org.hibernate.SQL - 
    /* SELECT
        p 
    FROM
        PendingSignup p 
    WHERE
        p.expiryTime < :time */ select
            ps1_0.id,
            ps1_0.email,
            ps1_0.expiry_time,
            ps1_0.otp,
            ps1_0.password,
            ps1_0.username 
        from
            pending_signup ps1_0 
        where
            ps1_0.expiry_time<?
2026-06-20 04:11:51 [scheduling-1] INFO  c.p.b.m.aspect.LoggingAspect - [393c3b1f-a80a-499f-8f51-3e3913d2e47a] <-- PendingSignupCleanupService.deleteExpiredPendingSignups() | timeMs=0
2026-06-20 04:12:51 [scheduling-1] INFO  c.p.b.m.aspect.LoggingAspect - [b37264d8-9afa-4f7d-91e7-aef0990cc658] --> PendingSignupCleanupService.deleteExpiredPendingSignups()
2026-06-20 04:12:51 [scheduling-1] DEBUG org.hibernate.SQL - 
    /* SELECT
        p 
    FROM
        PendingSignup p 
    WHERE
        p.expiryTime < :time */ select
            ps1_0.id,
            ps1_0.email,
            ps1_0.expiry_time,
            ps1_0.otp,
            ps1_0.password,
            ps1_0.username 
        from
            pending_signup ps1_0 
        where
            ps1_0.expiry_time<?
2026-06-20 04:12:51 [scheduling-1] INFO  c.p.b.m.aspect.LoggingAspect - [b37264d8-9afa-4f7d-91e7-aef0990cc658] <-- PendingSignupCleanupService.deleteExpiredPendingSignups() | timeMs=0
2026-06-20 04:13:51 [scheduling-1] INFO  c.p.b.m.aspect.LoggingAspect - [d6fbb105-3983-44c9-bc2e-23e627179d58] --> PendingSignupCleanupService.deleteExpiredPendingSignups()
2026-06-20 04:13:51 [scheduling-1] DEBUG org.hibernate.SQL - 
    /* SELECT
        p 
    FROM
        PendingSignup p 
    WHERE
        p.expiryTime < :time */ select
            ps1_0.id,
            ps1_0.email,
            ps1_0.expiry_time,
            ps1_0.otp,
            ps1_0.password,
            ps1_0.username 
        from
            pending_signup ps1_0 
        where
            ps1_0.expiry_time<?
2026-06-20 04:13:51 [scheduling-1] INFO  c.p.b.m.aspect.LoggingAspect - [d6fbb105-3983-44c9-bc2e-23e627179d58] <-- PendingSignupCleanupService.deleteExpiredPendingSignups() | timeMs=0
2026-06-20 04:14:51 [scheduling-1] INFO  c.p.b.m.aspect.LoggingAspect - [9929e0b6-76fd-44dd-a16f-abbdbc23de03] --> PendingSignupCleanupService.deleteExpiredPendingSignups()
2026-06-20 04:14:51 [scheduling-1] DEBUG org.hibernate.SQL - 
    /* SELECT
        p 
    FROM
        PendingSignup p 
    WHERE
        p.expiryTime < :time */ select
            ps1_0.id,
            ps1_0.email,
            ps1_0.expiry_time,
            ps1_0.otp,
            ps1_0.password,
            ps1_0.username 
        from
            pending_signup ps1_0 
        where
            ps1_0.expiry_time<?
2026-06-20 04:14:51 [scheduling-1] INFO  c.p.b.m.aspect.LoggingAspect - [9929e0b6-76fd-44dd-a16f-abbdbc23de03] <-- PendingSignupCleanupService.deleteExpiredPendingSignups() | timeMs=1
2026-06-20 04:15:51 [scheduling-1] INFO  c.p.b.m.aspect.LoggingAspect - [104ec184-056e-48f5-8baf-ab74ef62802e] --> PendingSignupCleanupService.deleteExpiredPendingSignups()
2026-06-20 04:15:51 [scheduling-1] DEBUG org.hibernate.SQL - 
    /* SELECT
        p 
    FROM
        PendingSignup p 
    WHERE
        p.expiryTime < :time */ select
            ps1_0.id,
            ps1_0.email,
            ps1_0.expiry_time,
            ps1_0.otp,
            ps1_0.password,
            ps1_0.username 
        from
            pending_signup ps1_0 
        where
            ps1_0.expiry_time<?
2026-06-20 04:15:51 [scheduling-1] INFO  c.p.b.m.aspect.LoggingAspect - [104ec184-056e-48f5-8baf-ab74ef62802e] <-- PendingSignupCleanupService.deleteExpiredPendingSignups() | timeMs=1
2026-06-20 04:16:51 [scheduling-1] INFO  c.p.b.m.aspect.LoggingAspect - [e508a4f9-25d4-4e7d-b97f-8febdf1aa3ba] --> PendingSignupCleanupService.deleteExpiredPendingSignups()
2026-06-20 04:16:51 [scheduling-1] DEBUG org.hibernate.SQL - 
    /* SELECT
        p 
    FROM
        PendingSignup p 
    WHERE
        p.expiryTime < :time */ select
            ps1_0.id,
            ps1_0.email,
            ps1_0.expiry_time,
            ps1_0.otp,
            ps1_0.password,
            ps1_0.username 
        from
            pending_signup ps1_0 
        where
            ps1_0.expiry_time<?
2026-06-20 04:16:51 [scheduling-1] INFO  c.p.b.m.aspect.LoggingAspect - [e508a4f9-25d4-4e7d-b97f-8febdf1aa3ba] <-- PendingSignupCleanupService.deleteExpiredPendingSignups() | timeMs=0
2026-06-20 04:17:51 [scheduling-1] INFO  c.p.b.m.aspect.LoggingAspect - [def97f25-00c9-4215-b289-404951a927d2] --> PendingSignupCleanupService.deleteExpiredPendingSignups()
2026-06-20 04:17:51 [scheduling-1] DEBUG org.hibernate.SQL - 
    /* SELECT
        p 
    FROM
        PendingSignup p 
    WHERE
        p.expiryTime < :time */ select
            ps1_0.id,
            ps1_0.email,
            ps1_0.expiry_time,
            ps1_0.otp,
            ps1_0.password,
            ps1_0.username 
        from
            pending_signup ps1_0 
        where
            ps1_0.expiry_time<?
2026-06-20 04:17:51 [scheduling-1] INFO  c.p.b.m.aspect.LoggingAspect - [def97f25-00c9-4215-b289-404951a927d2] <-- PendingSignupCleanupService.deleteExpiredPendingSignups() | timeMs=0
2026-06-20 04:18:51 [scheduling-1] INFO  c.p.b.m.aspect.LoggingAspect - [2102127b-6f19-4871-bce0-96b89775fc69] --> PendingSignupCleanupService.deleteExpiredPendingSignups()
2026-06-20 04:18:51 [scheduling-1] DEBUG org.hibernate.SQL - 
    /* SELECT
        p 
    FROM
        PendingSignup p 
    WHERE
        p.expiryTime < :time */ select
            ps1_0.id,
            ps1_0.email,
            ps1_0.expiry_time,
            ps1_0.otp,
            ps1_0.password,
            ps1_0.username 
        from
            pending_signup ps1_0 
        where
            ps1_0.expiry_time<?
2026-06-20 04:18:51 [scheduling-1] INFO  c.p.b.m.aspect.LoggingAspect - [2102127b-6f19-4871-bce0-96b89775fc69] <-- PendingSignupCleanupService.deleteExpiredPendingSignups() | timeMs=0
2026-06-20 04:19:51 [scheduling-1] INFO  c.p.b.m.aspect.LoggingAspect - [8088fbe7-ee64-46c1-b8bc-e2c0e0651db9] --> PendingSignupCleanupService.deleteExpiredPendingSignups()
2026-06-20 04:19:51 [scheduling-1] DEBUG org.hibernate.SQL - 
    /* SELECT
        p 
    FROM
        PendingSignup p 
    WHERE
        p.expiryTime < :time */ select
            ps1_0.id,
            ps1_0.email,
            ps1_0.expiry_time,
            ps1_0.otp,
            ps1_0.password,
            ps1_0.username 
        from
            pending_signup ps1_0 
        where
            ps1_0.expiry_time<?
2026-06-20 04:19:51 [scheduling-1] INFO  c.p.b.m.aspect.LoggingAspect - [8088fbe7-ee64-46c1-b8bc-e2c0e0651db9] <-- PendingSignupCleanupService.deleteExpiredPendingSignups() | timeMs=0
2026-06-20 04:20:51 [scheduling-1] INFO  c.p.b.m.aspect.LoggingAspect - [8f78450e-0b26-4675-9a20-8c98334f9f84] --> PendingSignupCleanupService.deleteExpiredPendingSignups()
2026-06-20 04:20:51 [scheduling-1] DEBUG org.hibernate.SQL - 
    /* SELECT
        p 
    FROM
        PendingSignup p 
    WHERE
        p.expiryTime < :time */ select
            ps1_0.id,
            ps1_0.email,
            ps1_0.expiry_time,
            ps1_0.otp,
            ps1_0.password,
            ps1_0.username 
        from
            pending_signup ps1_0 
        where
            ps1_0.expiry_time<?
2026-06-20 04:20:51 [scheduling-1] INFO  c.p.b.m.aspect.LoggingAspect - [8f78450e-0b26-4675-9a20-8c98334f9f84] <-- PendingSignupCleanupService.deleteExpiredPendingSignups() | timeMs=0
2026-06-20 04:21:51 [scheduling-1] INFO  c.p.b.m.aspect.LoggingAspect - [53538f45-d1ac-4a70-97d4-a215364f802b] --> PendingSignupCleanupService.deleteExpiredPendingSignups()
2026-06-20 04:21:51 [scheduling-1] DEBUG org.hibernate.SQL - 
    /* SELECT
        p 
    FROM
        PendingSignup p 
    WHERE
        p.expiryTime < :time */ select
            ps1_0.id,
            ps1_0.email,
            ps1_0.expiry_time,
            ps1_0.otp,
            ps1_0.password,
            ps1_0.username 
        from
            pending_signup ps1_0 
        where
            ps1_0.expiry_time<?
2026-06-20 04:21:51 [scheduling-1] INFO  c.p.b.m.aspect.LoggingAspect - [53538f45-d1ac-4a70-97d4-a215364f802b] <-- PendingSignupCleanupService.deleteExpiredPendingSignups() | timeMs=1
2026-06-20 04:22:51 [scheduling-1] INFO  c.p.b.m.aspect.LoggingAspect - [b4162913-b8cb-43d1-a1bb-242d5371434b] --> PendingSignupCleanupService.deleteExpiredPendingSignups()
2026-06-20 04:22:51 [scheduling-1] DEBUG org.hibernate.SQL - 
    /* SELECT
        p 
    FROM
        PendingSignup p 
    WHERE
        p.expiryTime < :time */ select
            ps1_0.id,
            ps1_0.email,
            ps1_0.expiry_time,
            ps1_0.otp,
            ps1_0.password,
            ps1_0.username 
        from
            pending_signup ps1_0 
        where
            ps1_0.expiry_time<?
2026-06-20 04:22:51 [scheduling-1] INFO  c.p.b.m.aspect.LoggingAspect - [b4162913-b8cb-43d1-a1bb-242d5371434b] <-- PendingSignupCleanupService.deleteExpiredPendingSignups() | timeMs=0
2026-06-20 04:23:51 [scheduling-1] INFO  c.p.b.m.aspect.LoggingAspect - [71f87025-93c7-4481-a731-f942e50dc91b] --> PendingSignupCleanupService.deleteExpiredPendingSignups()
2026-06-20 04:23:51 [scheduling-1] DEBUG org.hibernate.SQL - 
    /* SELECT
        p 
    FROM
        PendingSignup p 
    WHERE
        p.expiryTime < :time */ select
            ps1_0.id,
            ps1_0.email,
            ps1_0.expiry_time,
            ps1_0.otp,
            ps1_0.password,
            ps1_0.username 
        from
            pending_signup ps1_0 
        where
            ps1_0.expiry_time<?
2026-06-20 04:23:51 [scheduling-1] INFO  c.p.b.m.aspect.LoggingAspect - [71f87025-93c7-4481-a731-f942e50dc91b] <-- PendingSignupCleanupService.deleteExpiredPendingSignups() | timeMs=0
2026-06-20 04:24:51 [scheduling-1] INFO  c.p.b.m.aspect.LoggingAspect - [79e48467-7cf4-442a-a43f-0682893f5fa3] --> PendingSignupCleanupService.deleteExpiredPendingSignups()
2026-06-20 04:24:51 [scheduling-1] DEBUG org.hibernate.SQL - 
    /* SELECT
        p 
    FROM
        PendingSignup p 
    WHERE
        p.expiryTime < :time */ select
            ps1_0.id,
            ps1_0.email,
            ps1_0.expiry_time,
            ps1_0.otp,
            ps1_0.password,
            ps1_0.username 
        from
            pending_signup ps1_0 
        where
            ps1_0.expiry_time<?
2026-06-20 04:24:51 [scheduling-1] INFO  c.p.b.m.aspect.LoggingAspect - [79e48467-7cf4-442a-a43f-0682893f5fa3] <-- PendingSignupCleanupService.deleteExpiredPendingSignups() | timeMs=0
2026-06-20 04:25:51 [scheduling-1] INFO  c.p.b.m.aspect.LoggingAspect - [589b9712-5144-4c28-836e-7f88a1884546] --> PendingSignupCleanupService.deleteExpiredPendingSignups()
2026-06-20 04:25:51 [scheduling-1] DEBUG org.hibernate.SQL - 
    /* SELECT
        p 
    FROM
        PendingSignup p 
    WHERE
        p.expiryTime < :time */ select
            ps1_0.id,
            ps1_0.email,
            ps1_0.expiry_time,
            ps1_0.otp,
            ps1_0.password,
            ps1_0.username 
        from
            pending_signup ps1_0 
        where
            ps1_0.expiry_time<?
2026-06-20 04:25:51 [scheduling-1] INFO  c.p.b.m.aspect.LoggingAspect - [589b9712-5144-4c28-836e-7f88a1884546] <-- PendingSignupCleanupService.deleteExpiredPendingSignups() | timeMs=0
2026-06-20 04:26:51 [scheduling-1] INFO  c.p.b.m.aspect.LoggingAspect - [ee4d7713-b99f-4c16-ac67-34c68f1ff2bf] --> PendingSignupCleanupService.deleteExpiredPendingSignups()
2026-06-20 04:26:51 [scheduling-1] DEBUG org.hibernate.SQL - 
    /* SELECT
        p 
    FROM
        PendingSignup p 
    WHERE
        p.expiryTime < :time */ select
            ps1_0.id,
            ps1_0.email,
            ps1_0.expiry_time,
            ps1_0.otp,
            ps1_0.password,
            ps1_0.username 
        from
            pending_signup ps1_0 
        where
            ps1_0.expiry_time<?
2026-06-20 04:26:51 [scheduling-1] INFO  c.p.b.m.aspect.LoggingAspect - [ee4d7713-b99f-4c16-ac67-34c68f1ff2bf] <-- PendingSignupCleanupService.deleteExpiredPendingSignups() | timeMs=1
2026-06-20 04:27:51 [scheduling-1] INFO  c.p.b.m.aspect.LoggingAspect - [357b2780-9b90-47c9-b890-2bb4363ee2db] --> PendingSignupCleanupService.deleteExpiredPendingSignups()
2026-06-20 04:27:51 [scheduling-1] DEBUG org.hibernate.SQL - 
    /* SELECT
        p 
    FROM
        PendingSignup p 
    WHERE
        p.expiryTime < :time */ select
            ps1_0.id,
            ps1_0.email,
            ps1_0.expiry_time,
            ps1_0.otp,
            ps1_0.password,
            ps1_0.username 
        from
            pending_signup ps1_0 
        where
            ps1_0.expiry_time<?
2026-06-20 04:27:51 [scheduling-1] INFO  c.p.b.m.aspect.LoggingAspect - [357b2780-9b90-47c9-b890-2bb4363ee2db] <-- PendingSignupCleanupService.deleteExpiredPendingSignups() | timeMs=0
2026-06-20 04:28:51 [scheduling-1] INFO  c.p.b.m.aspect.LoggingAspect - [8ab6ef61-10ce-48c9-92f5-09d240f1308f] --> PendingSignupCleanupService.deleteExpiredPendingSignups()
2026-06-20 04:28:51 [scheduling-1] DEBUG org.hibernate.SQL - 
    /* SELECT
        p 
    FROM
        PendingSignup p 
    WHERE
        p.expiryTime < :time */ select
            ps1_0.id,
            ps1_0.email,
            ps1_0.expiry_time,
            ps1_0.otp,
            ps1_0.password,
            ps1_0.username 
        from
            pending_signup ps1_0 
        where
            ps1_0.expiry_time<?
2026-06-20 04:28:51 [scheduling-1] INFO  c.p.b.m.aspect.LoggingAspect - [8ab6ef61-10ce-48c9-92f5-09d240f1308f] <-- PendingSignupCleanupService.deleteExpiredPendingSignups() | timeMs=0
2026-06-20 04:29:51 [scheduling-1] INFO  c.p.b.m.aspect.LoggingAspect - [aacee02a-586f-468e-bb49-a32299f75914] --> PendingSignupCleanupService.deleteExpiredPendingSignups()
2026-06-20 04:29:51 [scheduling-1] DEBUG org.hibernate.SQL - 
    /* SELECT
        p 
    FROM
        PendingSignup p 
    WHERE
        p.expiryTime < :time */ select
            ps1_0.id,
            ps1_0.email,
            ps1_0.expiry_time,
            ps1_0.otp,
            ps1_0.password,
            ps1_0.username 
        from
            pending_signup ps1_0 
        where
            ps1_0.expiry_time<?
2026-06-20 04:29:51 [scheduling-1] INFO  c.p.b.m.aspect.LoggingAspect - [aacee02a-586f-468e-bb49-a32299f75914] <-- PendingSignupCleanupService.deleteExpiredPendingSignups() | timeMs=0
2026-06-20 04:30:51 [scheduling-1] INFO  c.p.b.m.aspect.LoggingAspect - [381d3cce-bf90-4e88-8852-1be6241aa47c] --> PendingSignupCleanupService.deleteExpiredPendingSignups()
2026-06-20 04:30:51 [scheduling-1] DEBUG org.hibernate.SQL - 
    /* SELECT
        p 
    FROM
        PendingSignup p 
    WHERE
        p.expiryTime < :time */ select
            ps1_0.id,
            ps1_0.email,
            ps1_0.expiry_time,
            ps1_0.otp,
            ps1_0.password,
            ps1_0.username 
        from
            pending_signup ps1_0 
        where
            ps1_0.expiry_time<?
2026-06-20 04:30:51 [scheduling-1] INFO  c.p.b.m.aspect.LoggingAspect - [381d3cce-bf90-4e88-8852-1be6241aa47c] <-- PendingSignupCleanupService.deleteExpiredPendingSignups() | timeMs=0
2026-06-20 04:31:51 [scheduling-1] INFO  c.p.b.m.aspect.LoggingAspect - [f8f07a9f-ed89-4c31-baa9-7b84defc374d] --> PendingSignupCleanupService.deleteExpiredPendingSignups()
2026-06-20 04:31:51 [scheduling-1] DEBUG org.hibernate.SQL - 
    /* SELECT
        p 
    FROM
        PendingSignup p 
    WHERE
        p.expiryTime < :time */ select
            ps1_0.id,
            ps1_0.email,
            ps1_0.expiry_time,
            ps1_0.otp,
            ps1_0.password,
            ps1_0.username 
        from
            pending_signup ps1_0 
        where
            ps1_0.expiry_time<?
2026-06-20 04:31:51 [scheduling-1] INFO  c.p.b.m.aspect.LoggingAspect - [f8f07a9f-ed89-4c31-baa9-7b84defc374d] <-- PendingSignupCleanupService.deleteExpiredPendingSignups() | timeMs=0
2026-06-20 04:32:51 [scheduling-1] INFO  c.p.b.m.aspect.LoggingAspect - [c0b69b7a-6730-49f0-9454-def2b28c7ba8] --> PendingSignupCleanupService.deleteExpiredPendingSignups()
2026-06-20 04:32:51 [scheduling-1] DEBUG org.hibernate.SQL - 
    /* SELECT
        p 
    FROM
        PendingSignup p 
    WHERE
        p.expiryTime < :time */ select
            ps1_0.id,
            ps1_0.email,
            ps1_0.expiry_time,
            ps1_0.otp,
            ps1_0.password,
            ps1_0.username 
        from
            pending_signup ps1_0 
        where
            ps1_0.expiry_time<?
2026-06-20 04:32:51 [scheduling-1] INFO  c.p.b.m.aspect.LoggingAspect - [c0b69b7a-6730-49f0-9454-def2b28c7ba8] <-- PendingSignupCleanupService.deleteExpiredPendingSignups() | timeMs=0
2026-06-20 04:33:51 [scheduling-1] INFO  c.p.b.m.aspect.LoggingAspect - [47d7ba41-19f7-4634-9b4f-c25b4e1e13ca] --> PendingSignupCleanupService.deleteExpiredPendingSignups()
2026-06-20 04:33:51 [scheduling-1] DEBUG org.hibernate.SQL - 
    /* SELECT
        p 
    FROM
        PendingSignup p 
    WHERE
        p.expiryTime < :time */ select
            ps1_0.id,
            ps1_0.email,
            ps1_0.expiry_time,
            ps1_0.otp,
            ps1_0.password,
            ps1_0.username 
        from
            pending_signup ps1_0 
        where
            ps1_0.expiry_time<?
2026-06-20 04:33:51 [scheduling-1] INFO  c.p.b.m.aspect.LoggingAspect - [47d7ba41-19f7-4634-9b4f-c25b4e1e13ca] <-- PendingSignupCleanupService.deleteExpiredPendingSignups() | timeMs=1
2026-06-20 04:34:51 [scheduling-1] INFO  c.p.b.m.aspect.LoggingAspect - [ef384406-64a0-4c0b-95ef-84553d6d4cc3] --> PendingSignupCleanupService.deleteExpiredPendingSignups()
2026-06-20 04:34:51 [scheduling-1] DEBUG org.hibernate.SQL - 
    /* SELECT
        p 
    FROM
        PendingSignup p 
    WHERE
        p.expiryTime < :time */ select
            ps1_0.id,
            ps1_0.email,
            ps1_0.expiry_time,
            ps1_0.otp,
            ps1_0.password,
            ps1_0.username 
        from
            pending_signup ps1_0 
        where
            ps1_0.expiry_time<?
2026-06-20 04:34:51 [scheduling-1] INFO  c.p.b.m.aspect.LoggingAspect - [ef384406-64a0-4c0b-95ef-84553d6d4cc3] <-- PendingSignupCleanupService.deleteExpiredPendingSignups() | timeMs=1
2026-06-20 04:35:51 [scheduling-1] INFO  c.p.b.m.aspect.LoggingAspect - [b766e477-6a65-4024-808d-7f8c1b43d47c] --> PendingSignupCleanupService.deleteExpiredPendingSignups()
2026-06-20 04:35:51 [scheduling-1] DEBUG org.hibernate.SQL - 
    /* SELECT
        p 
    FROM
        PendingSignup p 
    WHERE
        p.expiryTime < :time */ select
            ps1_0.id,
            ps1_0.email,
            ps1_0.expiry_time,
            ps1_0.otp,
            ps1_0.password,
            ps1_0.username 
        from
            pending_signup ps1_0 
        where
            ps1_0.expiry_time<?
2026-06-20 04:35:51 [scheduling-1] INFO  c.p.b.m.aspect.LoggingAspect - [b766e477-6a65-4024-808d-7f8c1b43d47c] <-- PendingSignupCleanupService.deleteExpiredPendingSignups() | timeMs=1
2026-06-20 04:36:51 [scheduling-1] INFO  c.p.b.m.aspect.LoggingAspect - [cd4ee085-4c58-43b0-9fa7-572500cf6d64] --> PendingSignupCleanupService.deleteExpiredPendingSignups()
2026-06-20 04:36:51 [scheduling-1] DEBUG org.hibernate.SQL - 
    /* SELECT
        p 
    FROM
        PendingSignup p 
    WHERE
        p.expiryTime < :time */ select
            ps1_0.id,
            ps1_0.email,
            ps1_0.expiry_time,
            ps1_0.otp,
            ps1_0.password,
            ps1_0.username 
        from
            pending_signup ps1_0 
        where
            ps1_0.expiry_time<?
2026-06-20 04:36:51 [scheduling-1] INFO  c.p.b.m.aspect.LoggingAspect - [cd4ee085-4c58-43b0-9fa7-572500cf6d64] <-- PendingSignupCleanupService.deleteExpiredPendingSignups() | timeMs=0
2026-06-20 04:37:51 [scheduling-1] INFO  c.p.b.m.aspect.LoggingAspect - [3b959694-ca1d-4ed5-a82a-673ccf64e1ab] --> PendingSignupCleanupService.deleteExpiredPendingSignups()
2026-06-20 04:37:51 [scheduling-1] DEBUG org.hibernate.SQL - 
    /* SELECT
        p 
    FROM
        PendingSignup p 
    WHERE
        p.expiryTime < :time */ select
            ps1_0.id,
            ps1_0.email,
            ps1_0.expiry_time,
            ps1_0.otp,
            ps1_0.password,
            ps1_0.username 
        from
            pending_signup ps1_0 
        where
            ps1_0.expiry_time<?
2026-06-20 04:37:51 [scheduling-1] INFO  c.p.b.m.aspect.LoggingAspect - [3b959694-ca1d-4ed5-a82a-673ccf64e1ab] <-- PendingSignupCleanupService.deleteExpiredPendingSignups() | timeMs=0
2026-06-20 04:38:51 [scheduling-1] INFO  c.p.b.m.aspect.LoggingAspect - [7d5807ac-e18d-4b7a-b1f7-31b09f3a99e7] --> PendingSignupCleanupService.deleteExpiredPendingSignups()
2026-06-20 04:38:51 [scheduling-1] DEBUG org.hibernate.SQL - 
    /* SELECT
        p 
    FROM
        PendingSignup p 
    WHERE
        p.expiryTime < :time */ select
            ps1_0.id,
            ps1_0.email,
            ps1_0.expiry_time,
            ps1_0.otp,
            ps1_0.password,
            ps1_0.username 
        from
            pending_signup ps1_0 
        where
            ps1_0.expiry_time<?
2026-06-20 04:38:51 [scheduling-1] INFO  c.p.b.m.aspect.LoggingAspect - [7d5807ac-e18d-4b7a-b1f7-31b09f3a99e7] <-- PendingSignupCleanupService.deleteExpiredPendingSignups() | timeMs=1
2026-06-20 04:39:51 [scheduling-1] INFO  c.p.b.m.aspect.LoggingAspect - [5d4c4a3c-2f4f-4d4d-9d84-3b5af74b7d27] --> PendingSignupCleanupService.deleteExpiredPendingSignups()
2026-06-20 04:39:51 [scheduling-1] DEBUG org.hibernate.SQL - 
    /* SELECT
        p 
    FROM
        PendingSignup p 
    WHERE
        p.expiryTime < :time */ select
            ps1_0.id,
            ps1_0.email,
            ps1_0.expiry_time,
            ps1_0.otp,
            ps1_0.password,
            ps1_0.username 
        from
            pending_signup ps1_0 
        where
            ps1_0.expiry_time<?
2026-06-20 04:39:51 [scheduling-1] INFO  c.p.b.m.aspect.LoggingAspect - [5d4c4a3c-2f4f-4d4d-9d84-3b5af74b7d27] <-- PendingSignupCleanupService.deleteExpiredPendingSignups() | timeMs=0
2026-06-20 04:40:51 [scheduling-1] INFO  c.p.b.m.aspect.LoggingAspect - [8b02fef3-c9db-4d33-ba2c-73c1181e1d8f] --> PendingSignupCleanupService.deleteExpiredPendingSignups()
2026-06-20 04:40:51 [scheduling-1] DEBUG org.hibernate.SQL - 
    /* SELECT
        p 
    FROM
        PendingSignup p 
    WHERE
        p.expiryTime < :time */ select
            ps1_0.id,
            ps1_0.email,
            ps1_0.expiry_time,
            ps1_0.otp,
            ps1_0.password,
            ps1_0.username 
        from
            pending_signup ps1_0 
        where
            ps1_0.expiry_time<?
2026-06-20 04:40:51 [scheduling-1] INFO  c.p.b.m.aspect.LoggingAspect - [8b02fef3-c9db-4d33-ba2c-73c1181e1d8f] <-- PendingSignupCleanupService.deleteExpiredPendingSignups() | timeMs=0
2026-06-20 04:41:51 [scheduling-1] INFO  c.p.b.m.aspect.LoggingAspect - [fd1ddd07-dcfa-49b9-9a21-4e5bb149b499] --> PendingSignupCleanupService.deleteExpiredPendingSignups()
2026-06-20 04:41:51 [scheduling-1] DEBUG org.hibernate.SQL - 
    /* SELECT
        p 
    FROM
        PendingSignup p 
    WHERE
        p.expiryTime < :time */ select
            ps1_0.id,
            ps1_0.email,
            ps1_0.expiry_time,
            ps1_0.otp,
            ps1_0.password,
            ps1_0.username 
        from
            pending_signup ps1_0 
        where
            ps1_0.expiry_time<?
2026-06-20 04:41:51 [scheduling-1] INFO  c.p.b.m.aspect.LoggingAspect - [fd1ddd07-dcfa-49b9-9a21-4e5bb149b499] <-- PendingSignupCleanupService.deleteExpiredPendingSignups() | timeMs=1
2026-06-20 04:42:51 [scheduling-1] INFO  c.p.b.m.aspect.LoggingAspect - [e8c9152c-6842-49d9-bee4-69aeaa654f3d] --> PendingSignupCleanupService.deleteExpiredPendingSignups()
2026-06-20 04:42:51 [scheduling-1] DEBUG org.hibernate.SQL - 
    /* SELECT
        p 
    FROM
        PendingSignup p 
    WHERE
        p.expiryTime < :time */ select
            ps1_0.id,
            ps1_0.email,
            ps1_0.expiry_time,
            ps1_0.otp,
            ps1_0.password,
            ps1_0.username 
        from
            pending_signup ps1_0 
        where
            ps1_0.expiry_time<?
2026-06-20 04:42:51 [scheduling-1] INFO  c.p.b.m.aspect.LoggingAspect - [e8c9152c-6842-49d9-bee4-69aeaa654f3d] <-- PendingSignupCleanupService.deleteExpiredPendingSignups() | timeMs=0
2026-06-20 04:43:51 [scheduling-1] INFO  c.p.b.m.aspect.LoggingAspect - [1461d5e4-7695-486b-ae8b-251551ff7b56] --> PendingSignupCleanupService.deleteExpiredPendingSignups()
2026-06-20 04:43:51 [scheduling-1] DEBUG org.hibernate.SQL - 
    /* SELECT
        p 
    FROM
        PendingSignup p 
    WHERE
        p.expiryTime < :time */ select
            ps1_0.id,
            ps1_0.email,
            ps1_0.expiry_time,
            ps1_0.otp,
            ps1_0.password,
            ps1_0.username 
        from
            pending_signup ps1_0 
        where
            ps1_0.expiry_time<?
2026-06-20 04:43:51 [scheduling-1] INFO  c.p.b.m.aspect.LoggingAspect - [1461d5e4-7695-486b-ae8b-251551ff7b56] <-- PendingSignupCleanupService.deleteExpiredPendingSignups() | timeMs=0
2026-06-20 04:44:51 [scheduling-1] INFO  c.p.b.m.aspect.LoggingAspect - [c71059dc-e2e1-4732-aeb3-24080bf05975] --> PendingSignupCleanupService.deleteExpiredPendingSignups()
2026-06-20 04:44:51 [scheduling-1] DEBUG org.hibernate.SQL - 
    /* SELECT
        p 
    FROM
        PendingSignup p 
    WHERE
        p.expiryTime < :time */ select
            ps1_0.id,
            ps1_0.email,
            ps1_0.expiry_time,
            ps1_0.otp,
            ps1_0.password,
            ps1_0.username 
        from
            pending_signup ps1_0 
        where
            ps1_0.expiry_time<?
2026-06-20 04:44:51 [scheduling-1] INFO  c.p.b.m.aspect.LoggingAspect - [c71059dc-e2e1-4732-aeb3-24080bf05975] <-- PendingSignupCleanupService.deleteExpiredPendingSignups() | timeMs=1
2026-06-20 04:45:51 [scheduling-1] INFO  c.p.b.m.aspect.LoggingAspect - [cd078294-f526-4825-9466-67da9e06f99c] --> PendingSignupCleanupService.deleteExpiredPendingSignups()
2026-06-20 04:45:51 [scheduling-1] DEBUG org.hibernate.SQL - 
    /* SELECT
        p 
    FROM
        PendingSignup p 
    WHERE
        p.expiryTime < :time */ select
            ps1_0.id,
            ps1_0.email,
            ps1_0.expiry_time,
            ps1_0.otp,
            ps1_0.password,
            ps1_0.username 
        from
            pending_signup ps1_0 
        where
            ps1_0.expiry_time<?
2026-06-20 04:45:51 [scheduling-1] INFO  c.p.b.m.aspect.LoggingAspect - [cd078294-f526-4825-9466-67da9e06f99c] <-- PendingSignupCleanupService.deleteExpiredPendingSignups() | timeMs=0
2026-06-20 04:46:51 [scheduling-1] INFO  c.p.b.m.aspect.LoggingAspect - [b3d62e9e-440a-4a4f-a190-9e8dd758f0e8] --> PendingSignupCleanupService.deleteExpiredPendingSignups()
2026-06-20 04:46:51 [scheduling-1] DEBUG org.hibernate.SQL - 
    /* SELECT
        p 
    FROM
        PendingSignup p 
    WHERE
        p.expiryTime < :time */ select
            ps1_0.id,
            ps1_0.email,
            ps1_0.expiry_time,
            ps1_0.otp,
            ps1_0.password,
            ps1_0.username 
        from
            pending_signup ps1_0 
        where
            ps1_0.expiry_time<?
2026-06-20 04:46:51 [scheduling-1] INFO  c.p.b.m.aspect.LoggingAspect - [b3d62e9e-440a-4a4f-a190-9e8dd758f0e8] <-- PendingSignupCleanupService.deleteExpiredPendingSignups() | timeMs=0
2026-06-20 04:47:51 [scheduling-1] INFO  c.p.b.m.aspect.LoggingAspect - [408775b3-d377-4c70-b65f-5da9c5975d00] --> PendingSignupCleanupService.deleteExpiredPendingSignups()
2026-06-20 04:47:51 [scheduling-1] DEBUG org.hibernate.SQL - 
    /* SELECT
        p 
    FROM
        PendingSignup p 
    WHERE
        p.expiryTime < :time */ select
            ps1_0.id,
            ps1_0.email,
            ps1_0.expiry_time,
            ps1_0.otp,
            ps1_0.password,
            ps1_0.username 
        from
            pending_signup ps1_0 
        where
            ps1_0.expiry_time<?
2026-06-20 04:47:51 [scheduling-1] INFO  c.p.b.m.aspect.LoggingAspect - [408775b3-d377-4c70-b65f-5da9c5975d00] <-- PendingSignupCleanupService.deleteExpiredPendingSignups() | timeMs=0
2026-06-20 04:48:51 [scheduling-1] INFO  c.p.b.m.aspect.LoggingAspect - [f0ebce16-9cd2-4caa-8f32-79742f7b79f7] --> PendingSignupCleanupService.deleteExpiredPendingSignups()
2026-06-20 04:48:51 [scheduling-1] DEBUG org.hibernate.SQL - 
    /* SELECT
        p 
    FROM
        PendingSignup p 
    WHERE
        p.expiryTime < :time */ select
            ps1_0.id,
            ps1_0.email,
            ps1_0.expiry_time,
            ps1_0.otp,
            ps1_0.password,
            ps1_0.username 
        from
            pending_signup ps1_0 
        where
            ps1_0.expiry_time<?
2026-06-20 04:48:51 [scheduling-1] INFO  c.p.b.m.aspect.LoggingAspect - [f0ebce16-9cd2-4caa-8f32-79742f7b79f7] <-- PendingSignupCleanupService.deleteExpiredPendingSignups() | timeMs=0
2026-06-20 04:49:51 [scheduling-1] INFO  c.p.b.m.aspect.LoggingAspect - [3ebc47c7-a82b-4080-8784-8ae0139405d4] --> PendingSignupCleanupService.deleteExpiredPendingSignups()
2026-06-20 04:49:51 [scheduling-1] DEBUG org.hibernate.SQL - 
    /* SELECT
        p 
    FROM
        PendingSignup p 
    WHERE
        p.expiryTime < :time */ select
            ps1_0.id,
            ps1_0.email,
            ps1_0.expiry_time,
            ps1_0.otp,
            ps1_0.password,
            ps1_0.username 
        from
            pending_signup ps1_0 
        where
            ps1_0.expiry_time<?
2026-06-20 04:49:51 [scheduling-1] INFO  c.p.b.m.aspect.LoggingAspect - [3ebc47c7-a82b-4080-8784-8ae0139405d4] <-- PendingSignupCleanupService.deleteExpiredPendingSignups() | timeMs=0
2026-06-20 04:50:51 [scheduling-1] INFO  c.p.b.m.aspect.LoggingAspect - [f8340d57-13dd-47ec-942f-7dea76ce220c] --> PendingSignupCleanupService.deleteExpiredPendingSignups()
2026-06-20 04:50:51 [scheduling-1] DEBUG org.hibernate.SQL - 
    /* SELECT
        p 
    FROM
        PendingSignup p 
    WHERE
        p.expiryTime < :time */ select
            ps1_0.id,
            ps1_0.email,
            ps1_0.expiry_time,
            ps1_0.otp,
            ps1_0.password,
            ps1_0.username 
        from
            pending_signup ps1_0 
        where
            ps1_0.expiry_time<?
2026-06-20 04:50:51 [scheduling-1] INFO  c.p.b.m.aspect.LoggingAspect - [f8340d57-13dd-47ec-942f-7dea76ce220c] <-- PendingSignupCleanupService.deleteExpiredPendingSignups() | timeMs=0
2026-06-20 04:51:51 [scheduling-1] INFO  c.p.b.m.aspect.LoggingAspect - [41a4e23b-b25c-493b-8408-3e77e43c458d] --> PendingSignupCleanupService.deleteExpiredPendingSignups()
2026-06-20 04:51:51 [scheduling-1] DEBUG org.hibernate.SQL - 
    /* SELECT
        p 
    FROM
        PendingSignup p 
    WHERE
        p.expiryTime < :time */ select
            ps1_0.id,
            ps1_0.email,
            ps1_0.expiry_time,
            ps1_0.otp,
            ps1_0.password,
            ps1_0.username 
        from
            pending_signup ps1_0 
        where
            ps1_0.expiry_time<?
2026-06-20 04:51:51 [scheduling-1] INFO  c.p.b.m.aspect.LoggingAspect - [41a4e23b-b25c-493b-8408-3e77e43c458d] <-- PendingSignupCleanupService.deleteExpiredPendingSignups() | timeMs=0
2026-06-20 04:52:51 [scheduling-1] INFO  c.p.b.m.aspect.LoggingAspect - [6ab88d9a-bd52-4490-889f-d82ffdbf46d6] --> PendingSignupCleanupService.deleteExpiredPendingSignups()
2026-06-20 04:52:51 [scheduling-1] DEBUG org.hibernate.SQL - 
    /* SELECT
        p 
    FROM
        PendingSignup p 
    WHERE
        p.expiryTime < :time */ select
            ps1_0.id,
            ps1_0.email,
            ps1_0.expiry_time,
            ps1_0.otp,
            ps1_0.password,
            ps1_0.username 
        from
            pending_signup ps1_0 
        where
            ps1_0.expiry_time<?
2026-06-20 04:52:51 [scheduling-1] INFO  c.p.b.m.aspect.LoggingAspect - [6ab88d9a-bd52-4490-889f-d82ffdbf46d6] <-- PendingSignupCleanupService.deleteExpiredPendingSignups() | timeMs=0
2026-06-20 04:53:51 [scheduling-1] INFO  c.p.b.m.aspect.LoggingAspect - [30b872cf-c07c-4c0d-b008-cd532968496d] --> PendingSignupCleanupService.deleteExpiredPendingSignups()
2026-06-20 04:53:51 [scheduling-1] DEBUG org.hibernate.SQL - 
    /* SELECT
        p 
    FROM
        PendingSignup p 
    WHERE
        p.expiryTime < :time */ select
            ps1_0.id,
            ps1_0.email,
            ps1_0.expiry_time,
            ps1_0.otp,
            ps1_0.password,
            ps1_0.username 
        from
            pending_signup ps1_0 
        where
            ps1_0.expiry_time<?
2026-06-20 04:53:51 [scheduling-1] INFO  c.p.b.m.aspect.LoggingAspect - [30b872cf-c07c-4c0d-b008-cd532968496d] <-- PendingSignupCleanupService.deleteExpiredPendingSignups() | timeMs=0
2026-06-20 04:54:51 [scheduling-1] INFO  c.p.b.m.aspect.LoggingAspect - [1eb66004-b5fc-465e-8226-4ba975b670c8] --> PendingSignupCleanupService.deleteExpiredPendingSignups()
2026-06-20 04:54:51 [scheduling-1] DEBUG org.hibernate.SQL - 
    /* SELECT
        p 
    FROM
        PendingSignup p 
    WHERE
        p.expiryTime < :time */ select
            ps1_0.id,
            ps1_0.email,
            ps1_0.expiry_time,
            ps1_0.otp,
            ps1_0.password,
            ps1_0.username 
        from
            pending_signup ps1_0 
        where
            ps1_0.expiry_time<?
2026-06-20 04:54:51 [scheduling-1] INFO  c.p.b.m.aspect.LoggingAspect - [1eb66004-b5fc-465e-8226-4ba975b670c8] <-- PendingSignupCleanupService.deleteExpiredPendingSignups() | timeMs=1
2026-06-20 04:55:51 [scheduling-1] INFO  c.p.b.m.aspect.LoggingAspect - [5e809bec-8eb6-409e-9fbf-133b3a676fa6] --> PendingSignupCleanupService.deleteExpiredPendingSignups()
2026-06-20 04:55:51 [scheduling-1] DEBUG org.hibernate.SQL - 
    /* SELECT
        p 
    FROM
        PendingSignup p 
    WHERE
        p.expiryTime < :time */ select
            ps1_0.id,
            ps1_0.email,
            ps1_0.expiry_time,
            ps1_0.otp,
            ps1_0.password,
            ps1_0.username 
        from
            pending_signup ps1_0 
        where
            ps1_0.expiry_time<?
2026-06-20 04:55:51 [scheduling-1] INFO  c.p.b.m.aspect.LoggingAspect - [5e809bec-8eb6-409e-9fbf-133b3a676fa6] <-- PendingSignupCleanupService.deleteExpiredPendingSignups() | timeMs=0
2026-06-20 04:56:51 [scheduling-1] INFO  c.p.b.m.aspect.LoggingAspect - [e83b6526-836a-42df-9675-0a510f70c154] --> PendingSignupCleanupService.deleteExpiredPendingSignups()
2026-06-20 04:56:51 [scheduling-1] DEBUG org.hibernate.SQL - 
    /* SELECT
        p 
    FROM
        PendingSignup p 
    WHERE
        p.expiryTime < :time */ select
            ps1_0.id,
            ps1_0.email,
            ps1_0.expiry_time,
            ps1_0.otp,
            ps1_0.password,
            ps1_0.username 
        from
            pending_signup ps1_0 
        where
            ps1_0.expiry_time<?
2026-06-20 04:56:51 [scheduling-1] INFO  c.p.b.m.aspect.LoggingAspect - [e83b6526-836a-42df-9675-0a510f70c154] <-- PendingSignupCleanupService.deleteExpiredPendingSignups() | timeMs=0
2026-06-20 04:57:51 [scheduling-1] INFO  c.p.b.m.aspect.LoggingAspect - [bb089039-e8dc-469b-b998-2178696cec11] --> PendingSignupCleanupService.deleteExpiredPendingSignups()
2026-06-20 04:57:51 [scheduling-1] DEBUG org.hibernate.SQL - 
    /* SELECT
        p 
    FROM
        PendingSignup p 
    WHERE
        p.expiryTime < :time */ select
            ps1_0.id,
            ps1_0.email,
            ps1_0.expiry_time,
            ps1_0.otp,
            ps1_0.password,
            ps1_0.username 
        from
            pending_signup ps1_0 
        where
            ps1_0.expiry_time<?
2026-06-20 04:57:51 [scheduling-1] INFO  c.p.b.m.aspect.LoggingAspect - [bb089039-e8dc-469b-b998-2178696cec11] <-- PendingSignupCleanupService.deleteExpiredPendingSignups() | timeMs=0
2026-06-20 04:58:51 [scheduling-1] INFO  c.p.b.m.aspect.LoggingAspect - [a821450e-d179-4fc9-9962-1c9492cf2a14] --> PendingSignupCleanupService.deleteExpiredPendingSignups()
2026-06-20 04:58:51 [scheduling-1] DEBUG org.hibernate.SQL - 
    /* SELECT
        p 
    FROM
        PendingSignup p 
    WHERE
        p.expiryTime < :time */ select
            ps1_0.id,
            ps1_0.email,
            ps1_0.expiry_time,
            ps1_0.otp,
            ps1_0.password,
            ps1_0.username 
        from
            pending_signup ps1_0 
        where
            ps1_0.expiry_time<?
2026-06-20 04:58:51 [scheduling-1] INFO  c.p.b.m.aspect.LoggingAspect - [a821450e-d179-4fc9-9962-1c9492cf2a14] <-- PendingSignupCleanupService.deleteExpiredPendingSignups() | timeMs=0
2026-06-20 04:59:51 [scheduling-1] INFO  c.p.b.m.aspect.LoggingAspect - [ef8b020b-483b-4eae-b7b9-1b59d5bb2b8f] --> PendingSignupCleanupService.deleteExpiredPendingSignups()
2026-06-20 04:59:51 [scheduling-1] DEBUG org.hibernate.SQL - 
    /* SELECT
        p 
    FROM
        PendingSignup p 
    WHERE
        p.expiryTime < :time */ select
            ps1_0.id,
            ps1_0.email,
            ps1_0.expiry_time,
            ps1_0.otp,
            ps1_0.password,
            ps1_0.username 
        from
            pending_signup ps1_0 
        where
            ps1_0.expiry_time<?
2026-06-20 04:59:51 [scheduling-1] INFO  c.p.b.m.aspect.LoggingAspect - [ef8b020b-483b-4eae-b7b9-1b59d5bb2b8f] <-- PendingSignupCleanupService.deleteExpiredPendingSignups() | timeMs=0
2026-06-20 05:00:51 [scheduling-1] INFO  c.p.b.m.aspect.LoggingAspect - [9832ad43-e240-4625-a626-7a8aa00f9e41] --> PendingSignupCleanupService.deleteExpiredPendingSignups()
2026-06-20 05:00:51 [scheduling-1] DEBUG org.hibernate.SQL - 
    /* SELECT
        p 
    FROM
        PendingSignup p 
    WHERE
        p.expiryTime < :time */ select
            ps1_0.id,
            ps1_0.email,
            ps1_0.expiry_time,
            ps1_0.otp,
            ps1_0.password,
            ps1_0.username 
        from
            pending_signup ps1_0 
        where
            ps1_0.expiry_time<?
2026-06-20 05:00:51 [scheduling-1] INFO  c.p.b.m.aspect.LoggingAspect - [9832ad43-e240-4625-a626-7a8aa00f9e41] <-- PendingSignupCleanupService.deleteExpiredPendingSignups() | timeMs=0
2026-06-20 05:01:51 [scheduling-1] INFO  c.p.b.m.aspect.LoggingAspect - [43372347-890e-4666-92cc-efbcac6f14c9] --> PendingSignupCleanupService.deleteExpiredPendingSignups()
2026-06-20 05:01:51 [scheduling-1] DEBUG org.hibernate.SQL - 
    /* SELECT
        p 
    FROM
        PendingSignup p 
    WHERE
        p.expiryTime < :time */ select
            ps1_0.id,
            ps1_0.email,
            ps1_0.expiry_time,
            ps1_0.otp,
            ps1_0.password,
            ps1_0.username 
        from
            pending_signup ps1_0 
        where
            ps1_0.expiry_time<?
2026-06-20 05:01:51 [scheduling-1] INFO  c.p.b.m.aspect.LoggingAspect - [43372347-890e-4666-92cc-efbcac6f14c9] <-- PendingSignupCleanupService.deleteExpiredPendingSignups() | timeMs=1
2026-06-20 05:02:51 [scheduling-1] INFO  c.p.b.m.aspect.LoggingAspect - [3906d511-9621-4782-90bc-80b0b8896f7e] --> PendingSignupCleanupService.deleteExpiredPendingSignups()
2026-06-20 05:02:51 [scheduling-1] DEBUG org.hibernate.SQL - 
    /* SELECT
        p 
    FROM
        PendingSignup p 
    WHERE
        p.expiryTime < :time */ select
            ps1_0.id,
            ps1_0.email,
            ps1_0.expiry_time,
            ps1_0.otp,
            ps1_0.password,
            ps1_0.username 
        from
            pending_signup ps1_0 
        where
            ps1_0.expiry_time<?
2026-06-20 05:02:51 [scheduling-1] INFO  c.p.b.m.aspect.LoggingAspect - [3906d511-9621-4782-90bc-80b0b8896f7e] <-- PendingSignupCleanupService.deleteExpiredPendingSignups() | timeMs=0
2026-06-20 05:03:51 [scheduling-1] INFO  c.p.b.m.aspect.LoggingAspect - [412ef0e2-f7bf-4757-97f2-0c4aca8693ce] --> PendingSignupCleanupService.deleteExpiredPendingSignups()
2026-06-20 05:03:51 [scheduling-1] DEBUG org.hibernate.SQL - 
    /* SELECT
        p 
    FROM
        PendingSignup p 
    WHERE
        p.expiryTime < :time */ select
            ps1_0.id,
            ps1_0.email,
            ps1_0.expiry_time,
            ps1_0.otp,
            ps1_0.password,
            ps1_0.username 
        from
            pending_signup ps1_0 
        where
            ps1_0.expiry_time<?
2026-06-20 05:03:51 [scheduling-1] INFO  c.p.b.m.aspect.LoggingAspect - [412ef0e2-f7bf-4757-97f2-0c4aca8693ce] <-- PendingSignupCleanupService.deleteExpiredPendingSignups() | timeMs=1
2026-06-20 05:04:51 [scheduling-1] INFO  c.p.b.m.aspect.LoggingAspect - [eb2cd22d-d046-4cb1-ba38-f7e6282e702b] --> PendingSignupCleanupService.deleteExpiredPendingSignups()
2026-06-20 05:04:51 [scheduling-1] DEBUG org.hibernate.SQL - 
    /* SELECT
        p 
    FROM
        PendingSignup p 
    WHERE
        p.expiryTime < :time */ select
            ps1_0.id,
            ps1_0.email,
            ps1_0.expiry_time,
            ps1_0.otp,
            ps1_0.password,
            ps1_0.username 
        from
            pending_signup ps1_0 
        where
            ps1_0.expiry_time<?
2026-06-20 05:04:51 [scheduling-1] INFO  c.p.b.m.aspect.LoggingAspect - [eb2cd22d-d046-4cb1-ba38-f7e6282e702b] <-- PendingSignupCleanupService.deleteExpiredPendingSignups() | timeMs=0
2026-06-20 05:05:51 [scheduling-1] INFO  c.p.b.m.aspect.LoggingAspect - [af05cc34-4813-4ace-999d-17e7b71a0d6d] --> PendingSignupCleanupService.deleteExpiredPendingSignups()
2026-06-20 05:05:51 [scheduling-1] DEBUG org.hibernate.SQL - 
    /* SELECT
        p 
    FROM
        PendingSignup p 
    WHERE
        p.expiryTime < :time */ select
            ps1_0.id,
            ps1_0.email,
            ps1_0.expiry_time,
            ps1_0.otp,
            ps1_0.password,
            ps1_0.username 
        from
            pending_signup ps1_0 
        where
            ps1_0.expiry_time<?
2026-06-20 05:05:51 [scheduling-1] INFO  c.p.b.m.aspect.LoggingAspect - [af05cc34-4813-4ace-999d-17e7b71a0d6d] <-- PendingSignupCleanupService.deleteExpiredPendingSignups() | timeMs=0
2026-06-20 05:06:51 [scheduling-1] INFO  c.p.b.m.aspect.LoggingAspect - [29e2b764-8501-4bec-bf01-1fd35ead0155] --> PendingSignupCleanupService.deleteExpiredPendingSignups()
2026-06-20 05:06:51 [scheduling-1] DEBUG org.hibernate.SQL - 
    /* SELECT
        p 
    FROM
        PendingSignup p 
    WHERE
        p.expiryTime < :time */ select
            ps1_0.id,
            ps1_0.email,
            ps1_0.expiry_time,
            ps1_0.otp,
            ps1_0.password,
            ps1_0.username 
        from
            pending_signup ps1_0 
        where
            ps1_0.expiry_time<?
2026-06-20 05:06:51 [scheduling-1] INFO  c.p.b.m.aspect.LoggingAspect - [29e2b764-8501-4bec-bf01-1fd35ead0155] <-- PendingSignupCleanupService.deleteExpiredPendingSignups() | timeMs=1
2026-06-20 05:07:51 [scheduling-1] INFO  c.p.b.m.aspect.LoggingAspect - [0e866c62-cbef-4fb9-9580-4a7af1135d26] --> PendingSignupCleanupService.deleteExpiredPendingSignups()
2026-06-20 05:07:51 [scheduling-1] DEBUG org.hibernate.SQL - 
    /* SELECT
        p 
    FROM
        PendingSignup p 
    WHERE
        p.expiryTime < :time */ select
            ps1_0.id,
            ps1_0.email,
            ps1_0.expiry_time,
            ps1_0.otp,
            ps1_0.password,
            ps1_0.username 
        from
            pending_signup ps1_0 
        where
            ps1_0.expiry_time<?
2026-06-20 05:07:51 [scheduling-1] INFO  c.p.b.m.aspect.LoggingAspect - [0e866c62-cbef-4fb9-9580-4a7af1135d26] <-- PendingSignupCleanupService.deleteExpiredPendingSignups() | timeMs=1
2026-06-20 05:08:51 [scheduling-1] INFO  c.p.b.m.aspect.LoggingAspect - [a3d77e0e-923f-4be3-9657-86432c2ec8f8] --> PendingSignupCleanupService.deleteExpiredPendingSignups()
2026-06-20 05:08:51 [scheduling-1] DEBUG org.hibernate.SQL - 
    /* SELECT
        p 
    FROM
        PendingSignup p 
    WHERE
        p.expiryTime < :time */ select
            ps1_0.id,
            ps1_0.email,
            ps1_0.expiry_time,
            ps1_0.otp,
            ps1_0.password,
            ps1_0.username 
        from
            pending_signup ps1_0 
        where
            ps1_0.expiry_time<?
2026-06-20 05:08:51 [scheduling-1] INFO  c.p.b.m.aspect.LoggingAspect - [a3d77e0e-923f-4be3-9657-86432c2ec8f8] <-- PendingSignupCleanupService.deleteExpiredPendingSignups() | timeMs=0
2026-06-20 05:09:51 [scheduling-1] INFO  c.p.b.m.aspect.LoggingAspect - [4200f058-1220-4a1e-9f2b-cb4e86dd02aa] --> PendingSignupCleanupService.deleteExpiredPendingSignups()
2026-06-20 05:09:51 [scheduling-1] DEBUG org.hibernate.SQL - 
    /* SELECT
        p 
    FROM
        PendingSignup p 
    WHERE
        p.expiryTime < :time */ select
            ps1_0.id,
            ps1_0.email,
            ps1_0.expiry_time,
            ps1_0.otp,
            ps1_0.password,
            ps1_0.username 
        from
            pending_signup ps1_0 
        where
            ps1_0.expiry_time<?
2026-06-20 05:09:51 [scheduling-1] INFO  c.p.b.m.aspect.LoggingAspect - [4200f058-1220-4a1e-9f2b-cb4e86dd02aa] <-- PendingSignupCleanupService.deleteExpiredPendingSignups() | timeMs=0
2026-06-20 05:10:51 [scheduling-1] INFO  c.p.b.m.aspect.LoggingAspect - [449bea71-9cf8-4964-9082-b5bcae1585eb] --> PendingSignupCleanupService.deleteExpiredPendingSignups()
2026-06-20 05:10:51 [scheduling-1] DEBUG org.hibernate.SQL - 
    /* SELECT
        p 
    FROM
        PendingSignup p 
    WHERE
        p.expiryTime < :time */ select
            ps1_0.id,
            ps1_0.email,
            ps1_0.expiry_time,
            ps1_0.otp,
            ps1_0.password,
            ps1_0.username 
        from
            pending_signup ps1_0 
        where
            ps1_0.expiry_time<?
2026-06-20 05:10:51 [scheduling-1] INFO  c.p.b.m.aspect.LoggingAspect - [449bea71-9cf8-4964-9082-b5bcae1585eb] <-- PendingSignupCleanupService.deleteExpiredPendingSignups() | timeMs=0
2026-06-20 05:11:51 [scheduling-1] INFO  c.p.b.m.aspect.LoggingAspect - [ca4cefe2-316c-4270-a53a-3e9542af57e7] --> PendingSignupCleanupService.deleteExpiredPendingSignups()
2026-06-20 05:11:51 [scheduling-1] DEBUG org.hibernate.SQL - 
    /* SELECT
        p 
    FROM
        PendingSignup p 
    WHERE
        p.expiryTime < :time */ select
            ps1_0.id,
            ps1_0.email,
            ps1_0.expiry_time,
            ps1_0.otp,
            ps1_0.password,
            ps1_0.username 
        from
            pending_signup ps1_0 
        where
            ps1_0.expiry_time<?
2026-06-20 05:11:51 [scheduling-1] INFO  c.p.b.m.aspect.LoggingAspect - [ca4cefe2-316c-4270-a53a-3e9542af57e7] <-- PendingSignupCleanupService.deleteExpiredPendingSignups() | timeMs=0
2026-06-20 05:12:51 [scheduling-1] INFO  c.p.b.m.aspect.LoggingAspect - [22b1714f-a326-4635-9678-df6929bf0649] --> PendingSignupCleanupService.deleteExpiredPendingSignups()
2026-06-20 05:12:51 [scheduling-1] DEBUG org.hibernate.SQL - 
    /* SELECT
        p 
    FROM
        PendingSignup p 
    WHERE
        p.expiryTime < :time */ select
            ps1_0.id,
            ps1_0.email,
            ps1_0.expiry_time,
            ps1_0.otp,
            ps1_0.password,
            ps1_0.username 
        from
            pending_signup ps1_0 
        where
            ps1_0.expiry_time<?
2026-06-20 05:12:51 [scheduling-1] INFO  c.p.b.m.aspect.LoggingAspect - [22b1714f-a326-4635-9678-df6929bf0649] <-- PendingSignupCleanupService.deleteExpiredPendingSignups() | timeMs=0
2026-06-20 05:13:51 [scheduling-1] INFO  c.p.b.m.aspect.LoggingAspect - [79324eff-111a-483b-af07-d7ba1844f7c1] --> PendingSignupCleanupService.deleteExpiredPendingSignups()
2026-06-20 05:13:51 [scheduling-1] DEBUG org.hibernate.SQL - 
    /* SELECT
        p 
    FROM
        PendingSignup p 
    WHERE
        p.expiryTime < :time */ select
            ps1_0.id,
            ps1_0.email,
            ps1_0.expiry_time,
            ps1_0.otp,
            ps1_0.password,
            ps1_0.username 
        from
            pending_signup ps1_0 
        where
            ps1_0.expiry_time<?
2026-06-20 05:13:51 [scheduling-1] INFO  c.p.b.m.aspect.LoggingAspect - [79324eff-111a-483b-af07-d7ba1844f7c1] <-- PendingSignupCleanupService.deleteExpiredPendingSignups() | timeMs=1
2026-06-20 05:14:51 [scheduling-1] INFO  c.p.b.m.aspect.LoggingAspect - [f5c287db-c6db-4383-817e-4b484f1490f2] --> PendingSignupCleanupService.deleteExpiredPendingSignups()
2026-06-20 05:14:51 [scheduling-1] DEBUG org.hibernate.SQL - 
    /* SELECT
        p 
    FROM
        PendingSignup p 
    WHERE
        p.expiryTime < :time */ select
            ps1_0.id,
            ps1_0.email,
            ps1_0.expiry_time,
            ps1_0.otp,
            ps1_0.password,
            ps1_0.username 
        from
            pending_signup ps1_0 
        where
            ps1_0.expiry_time<?
2026-06-20 05:14:51 [scheduling-1] INFO  c.p.b.m.aspect.LoggingAspect - [f5c287db-c6db-4383-817e-4b484f1490f2] <-- PendingSignupCleanupService.deleteExpiredPendingSignups() | timeMs=0
2026-06-20 05:15:51 [scheduling-1] INFO  c.p.b.m.aspect.LoggingAspect - [cd5022fe-194a-47b3-8b2e-409e22ea5f4b] --> PendingSignupCleanupService.deleteExpiredPendingSignups()
2026-06-20 05:15:51 [scheduling-1] DEBUG org.hibernate.SQL - 
    /* SELECT
        p 
    FROM
        PendingSignup p 
    WHERE
        p.expiryTime < :time */ select
            ps1_0.id,
            ps1_0.email,
            ps1_0.expiry_time,
            ps1_0.otp,
            ps1_0.password,
            ps1_0.username 
        from
            pending_signup ps1_0 
        where
            ps1_0.expiry_time<?
2026-06-20 05:15:51 [scheduling-1] INFO  c.p.b.m.aspect.LoggingAspect - [cd5022fe-194a-47b3-8b2e-409e22ea5f4b] <-- PendingSignupCleanupService.deleteExpiredPendingSignups() | timeMs=0
2026-06-20 05:16:51 [scheduling-1] INFO  c.p.b.m.aspect.LoggingAspect - [8aac1f7b-150e-4d22-adb8-daf7753b64a2] --> PendingSignupCleanupService.deleteExpiredPendingSignups()
2026-06-20 05:16:51 [scheduling-1] DEBUG org.hibernate.SQL - 
    /* SELECT
        p 
    FROM
        PendingSignup p 
    WHERE
        p.expiryTime < :time */ select
            ps1_0.id,
            ps1_0.email,
            ps1_0.expiry_time,
            ps1_0.otp,
            ps1_0.password,
            ps1_0.username 
        from
            pending_signup ps1_0 
        where
            ps1_0.expiry_time<?
2026-06-20 05:16:51 [scheduling-1] INFO  c.p.b.m.aspect.LoggingAspect - [8aac1f7b-150e-4d22-adb8-daf7753b64a2] <-- PendingSignupCleanupService.deleteExpiredPendingSignups() | timeMs=0
2026-06-20 05:17:51 [scheduling-1] INFO  c.p.b.m.aspect.LoggingAspect - [7e936866-ee82-4792-a182-1cd002914c94] --> PendingSignupCleanupService.deleteExpiredPendingSignups()
2026-06-20 05:17:51 [scheduling-1] DEBUG org.hibernate.SQL - 
    /* SELECT
        p 
    FROM
        PendingSignup p 
    WHERE
        p.expiryTime < :time */ select
            ps1_0.id,
            ps1_0.email,
            ps1_0.expiry_time,
            ps1_0.otp,
            ps1_0.password,
            ps1_0.username 
        from
            pending_signup ps1_0 
        where
            ps1_0.expiry_time<?
2026-06-20 05:17:51 [scheduling-1] INFO  c.p.b.m.aspect.LoggingAspect - [7e936866-ee82-4792-a182-1cd002914c94] <-- PendingSignupCleanupService.deleteExpiredPendingSignups() | timeMs=0
2026-06-20 05:18:51 [scheduling-1] INFO  c.p.b.m.aspect.LoggingAspect - [9952333f-ff35-4c84-85ef-200cdcdc63bf] --> PendingSignupCleanupService.deleteExpiredPendingSignups()
2026-06-20 05:18:51 [scheduling-1] DEBUG org.hibernate.SQL - 
    /* SELECT
        p 
    FROM
        PendingSignup p 
    WHERE
        p.expiryTime < :time */ select
            ps1_0.id,
            ps1_0.email,
            ps1_0.expiry_time,
            ps1_0.otp,
            ps1_0.password,
            ps1_0.username 
        from
            pending_signup ps1_0 
        where
            ps1_0.expiry_time<?
2026-06-20 05:18:51 [scheduling-1] INFO  c.p.b.m.aspect.LoggingAspect - [9952333f-ff35-4c84-85ef-200cdcdc63bf] <-- PendingSignupCleanupService.deleteExpiredPendingSignups() | timeMs=0
2026-06-20 05:19:51 [scheduling-1] INFO  c.p.b.m.aspect.LoggingAspect - [d7514dd6-540d-4242-a1d2-14f3ad35e038] --> PendingSignupCleanupService.deleteExpiredPendingSignups()
2026-06-20 05:19:51 [scheduling-1] DEBUG org.hibernate.SQL - 
    /* SELECT
        p 
    FROM
        PendingSignup p 
    WHERE
        p.expiryTime < :time */ select
            ps1_0.id,
            ps1_0.email,
            ps1_0.expiry_time,
            ps1_0.otp,
            ps1_0.password,
            ps1_0.username 
        from
            pending_signup ps1_0 
        where
            ps1_0.expiry_time<?
2026-06-20 05:19:51 [scheduling-1] INFO  c.p.b.m.aspect.LoggingAspect - [d7514dd6-540d-4242-a1d2-14f3ad35e038] <-- PendingSignupCleanupService.deleteExpiredPendingSignups() | timeMs=1
2026-06-20 05:20:51 [scheduling-1] INFO  c.p.b.m.aspect.LoggingAspect - [42227630-0a2d-4108-9dd5-47b32a23cedd] --> PendingSignupCleanupService.deleteExpiredPendingSignups()
2026-06-20 05:20:51 [scheduling-1] DEBUG org.hibernate.SQL - 
    /* SELECT
        p 
    FROM
        PendingSignup p 
    WHERE
        p.expiryTime < :time */ select
            ps1_0.id,
            ps1_0.email,
            ps1_0.expiry_time,
            ps1_0.otp,
            ps1_0.password,
            ps1_0.username 
        from
            pending_signup ps1_0 
        where
            ps1_0.expiry_time<?
2026-06-20 05:20:51 [scheduling-1] INFO  c.p.b.m.aspect.LoggingAspect - [42227630-0a2d-4108-9dd5-47b32a23cedd] <-- PendingSignupCleanupService.deleteExpiredPendingSignups() | timeMs=0
2026-06-20 05:21:51 [scheduling-1] INFO  c.p.b.m.aspect.LoggingAspect - [32eb4568-dd91-4b2b-acdc-13e4bd871ef0] --> PendingSignupCleanupService.deleteExpiredPendingSignups()
2026-06-20 05:21:51 [scheduling-1] DEBUG org.hibernate.SQL - 
    /* SELECT
        p 
    FROM
        PendingSignup p 
    WHERE
        p.expiryTime < :time */ select
            ps1_0.id,
            ps1_0.email,
            ps1_0.expiry_time,
            ps1_0.otp,
            ps1_0.password,
            ps1_0.username 
        from
            pending_signup ps1_0 
        where
            ps1_0.expiry_time<?
2026-06-20 05:21:51 [scheduling-1] INFO  c.p.b.m.aspect.LoggingAspect - [32eb4568-dd91-4b2b-acdc-13e4bd871ef0] <-- PendingSignupCleanupService.deleteExpiredPendingSignups() | timeMs=0
2026-06-20 05:22:51 [scheduling-1] INFO  c.p.b.m.aspect.LoggingAspect - [3ef0d2fb-882c-45cd-b146-1a2feff85c24] --> PendingSignupCleanupService.deleteExpiredPendingSignups()
2026-06-20 05:22:51 [scheduling-1] DEBUG org.hibernate.SQL - 
    /* SELECT
        p 
    FROM
        PendingSignup p 
    WHERE
        p.expiryTime < :time */ select
            ps1_0.id,
            ps1_0.email,
            ps1_0.expiry_time,
            ps1_0.otp,
            ps1_0.password,
            ps1_0.username 
        from
            pending_signup ps1_0 
        where
            ps1_0.expiry_time<?
2026-06-20 05:22:51 [scheduling-1] INFO  c.p.b.m.aspect.LoggingAspect - [3ef0d2fb-882c-45cd-b146-1a2feff85c24] <-- PendingSignupCleanupService.deleteExpiredPendingSignups() | timeMs=0
2026-06-20 05:23:51 [scheduling-1] INFO  c.p.b.m.aspect.LoggingAspect - [11905c03-7110-4384-9dcc-78077fd2f49e] --> PendingSignupCleanupService.deleteExpiredPendingSignups()
2026-06-20 05:23:51 [scheduling-1] DEBUG org.hibernate.SQL - 
    /* SELECT
        p 
    FROM
        PendingSignup p 
    WHERE
        p.expiryTime < :time */ select
            ps1_0.id,
            ps1_0.email,
            ps1_0.expiry_time,
            ps1_0.otp,
            ps1_0.password,
            ps1_0.username 
        from
            pending_signup ps1_0 
        where
            ps1_0.expiry_time<?
2026-06-20 05:23:51 [scheduling-1] INFO  c.p.b.m.aspect.LoggingAspect - [11905c03-7110-4384-9dcc-78077fd2f49e] <-- PendingSignupCleanupService.deleteExpiredPendingSignups() | timeMs=0
2026-06-20 05:24:51 [scheduling-1] INFO  c.p.b.m.aspect.LoggingAspect - [35ba8180-9d74-4225-834c-6c0c8ea5b798] --> PendingSignupCleanupService.deleteExpiredPendingSignups()
2026-06-20 05:24:51 [scheduling-1] DEBUG org.hibernate.SQL - 
    /* SELECT
        p 
    FROM
        PendingSignup p 
    WHERE
        p.expiryTime < :time */ select
            ps1_0.id,
            ps1_0.email,
            ps1_0.expiry_time,
            ps1_0.otp,
            ps1_0.password,
            ps1_0.username 
        from
            pending_signup ps1_0 
        where
            ps1_0.expiry_time<?
2026-06-20 05:24:51 [scheduling-1] INFO  c.p.b.m.aspect.LoggingAspect - [35ba8180-9d74-4225-834c-6c0c8ea5b798] <-- PendingSignupCleanupService.deleteExpiredPendingSignups() | timeMs=0
2026-06-20 05:25:51 [scheduling-1] INFO  c.p.b.m.aspect.LoggingAspect - [818c6cd1-88d5-4266-8d03-fc698071e428] --> PendingSignupCleanupService.deleteExpiredPendingSignups()
2026-06-20 05:25:51 [scheduling-1] DEBUG org.hibernate.SQL - 
    /* SELECT
        p 
    FROM
        PendingSignup p 
    WHERE
        p.expiryTime < :time */ select
            ps1_0.id,
            ps1_0.email,
            ps1_0.expiry_time,
            ps1_0.otp,
            ps1_0.password,
            ps1_0.username 
        from
            pending_signup ps1_0 
        where
            ps1_0.expiry_time<?
2026-06-20 05:25:51 [scheduling-1] INFO  c.p.b.m.aspect.LoggingAspect - [818c6cd1-88d5-4266-8d03-fc698071e428] <-- PendingSignupCleanupService.deleteExpiredPendingSignups() | timeMs=0
2026-06-20 05:26:51 [scheduling-1] INFO  c.p.b.m.aspect.LoggingAspect - [78d44fc9-cebb-4e81-b7e8-6112b3685d62] --> PendingSignupCleanupService.deleteExpiredPendingSignups()
2026-06-20 05:26:51 [scheduling-1] DEBUG org.hibernate.SQL - 
    /* SELECT
        p 
    FROM
        PendingSignup p 
    WHERE
        p.expiryTime < :time */ select
            ps1_0.id,
            ps1_0.email,
            ps1_0.expiry_time,
            ps1_0.otp,
            ps1_0.password,
            ps1_0.username 
        from
            pending_signup ps1_0 
        where
            ps1_0.expiry_time<?
2026-06-20 05:26:51 [scheduling-1] INFO  c.p.b.m.aspect.LoggingAspect - [78d44fc9-cebb-4e81-b7e8-6112b3685d62] <-- PendingSignupCleanupService.deleteExpiredPendingSignups() | timeMs=0
2026-06-20 05:27:51 [scheduling-1] INFO  c.p.b.m.aspect.LoggingAspect - [dfddffc8-c63d-4171-8b2b-814e55d06ed5] --> PendingSignupCleanupService.deleteExpiredPendingSignups()
2026-06-20 05:27:51 [scheduling-1] DEBUG org.hibernate.SQL - 
    /* SELECT
        p 
    FROM
        PendingSignup p 
    WHERE
        p.expiryTime < :time */ select
            ps1_0.id,
            ps1_0.email,
            ps1_0.expiry_time,
            ps1_0.otp,
            ps1_0.password,
            ps1_0.username 
        from
            pending_signup ps1_0 
        where
            ps1_0.expiry_time<?
2026-06-20 05:27:51 [scheduling-1] INFO  c.p.b.m.aspect.LoggingAspect - [dfddffc8-c63d-4171-8b2b-814e55d06ed5] <-- PendingSignupCleanupService.deleteExpiredPendingSignups() | timeMs=0
2026-06-20 05:28:51 [scheduling-1] INFO  c.p.b.m.aspect.LoggingAspect - [46f3d3f9-467c-40bf-b955-9d7c33b14cda] --> PendingSignupCleanupService.deleteExpiredPendingSignups()
2026-06-20 05:28:51 [scheduling-1] DEBUG org.hibernate.SQL - 
    /* SELECT
        p 
    FROM
        PendingSignup p 
    WHERE
        p.expiryTime < :time */ select
            ps1_0.id,
            ps1_0.email,
            ps1_0.expiry_time,
            ps1_0.otp,
            ps1_0.password,
            ps1_0.username 
        from
            pending_signup ps1_0 
        where
            ps1_0.expiry_time<?
2026-06-20 05:28:51 [scheduling-1] INFO  c.p.b.m.aspect.LoggingAspect - [46f3d3f9-467c-40bf-b955-9d7c33b14cda] <-- PendingSignupCleanupService.deleteExpiredPendingSignups() | timeMs=0
2026-06-20 05:29:51 [scheduling-1] INFO  c.p.b.m.aspect.LoggingAspect - [6b3ceb8e-e624-4cfe-8946-6f31bc284d00] --> PendingSignupCleanupService.deleteExpiredPendingSignups()
2026-06-20 05:29:51 [scheduling-1] DEBUG org.hibernate.SQL - 
    /* SELECT
        p 
    FROM
        PendingSignup p 
    WHERE
        p.expiryTime < :time */ select
            ps1_0.id,
            ps1_0.email,
            ps1_0.expiry_time,
            ps1_0.otp,
            ps1_0.password,
            ps1_0.username 
        from
            pending_signup ps1_0 
        where
            ps1_0.expiry_time<?
2026-06-20 05:29:51 [scheduling-1] INFO  c.p.b.m.aspect.LoggingAspect - [6b3ceb8e-e624-4cfe-8946-6f31bc284d00] <-- PendingSignupCleanupService.deleteExpiredPendingSignups() | timeMs=1
2026-06-20 05:30:51 [scheduling-1] INFO  c.p.b.m.aspect.LoggingAspect - [179dbc5d-486b-439a-9f49-d5b2750df48e] --> PendingSignupCleanupService.deleteExpiredPendingSignups()
2026-06-20 05:30:51 [scheduling-1] DEBUG org.hibernate.SQL - 
    /* SELECT
        p 
    FROM
        PendingSignup p 
    WHERE
        p.expiryTime < :time */ select
            ps1_0.id,
            ps1_0.email,
            ps1_0.expiry_time,
            ps1_0.otp,
            ps1_0.password,
            ps1_0.username 
        from
            pending_signup ps1_0 
        where
            ps1_0.expiry_time<?
2026-06-20 05:30:51 [scheduling-1] INFO  c.p.b.m.aspect.LoggingAspect - [179dbc5d-486b-439a-9f49-d5b2750df48e] <-- PendingSignupCleanupService.deleteExpiredPendingSignups() | timeMs=1
2026-06-20 05:31:51 [scheduling-1] INFO  c.p.b.m.aspect.LoggingAspect - [241e1eed-276c-4bce-963d-dca5d1c80c1c] --> PendingSignupCleanupService.deleteExpiredPendingSignups()
2026-06-20 05:31:51 [scheduling-1] DEBUG org.hibernate.SQL - 
    /* SELECT
        p 
    FROM
        PendingSignup p 
    WHERE
        p.expiryTime < :time */ select
            ps1_0.id,
            ps1_0.email,
            ps1_0.expiry_time,
            ps1_0.otp,
            ps1_0.password,
            ps1_0.username 
        from
            pending_signup ps1_0 
        where
            ps1_0.expiry_time<?
2026-06-20 05:31:51 [scheduling-1] INFO  c.p.b.m.aspect.LoggingAspect - [241e1eed-276c-4bce-963d-dca5d1c80c1c] <-- PendingSignupCleanupService.deleteExpiredPendingSignups() | timeMs=0
2026-06-20 05:32:51 [scheduling-1] INFO  c.p.b.m.aspect.LoggingAspect - [47955b87-5613-4e89-8b41-8e384699da86] --> PendingSignupCleanupService.deleteExpiredPendingSignups()
2026-06-20 05:32:51 [scheduling-1] DEBUG org.hibernate.SQL - 
    /* SELECT
        p 
    FROM
        PendingSignup p 
    WHERE
        p.expiryTime < :time */ select
            ps1_0.id,
            ps1_0.email,
            ps1_0.expiry_time,
            ps1_0.otp,
            ps1_0.password,
            ps1_0.username 
        from
            pending_signup ps1_0 
        where
            ps1_0.expiry_time<?
2026-06-20 05:32:51 [scheduling-1] INFO  c.p.b.m.aspect.LoggingAspect - [47955b87-5613-4e89-8b41-8e384699da86] <-- PendingSignupCleanupService.deleteExpiredPendingSignups() | timeMs=0
2026-06-20 05:33:51 [scheduling-1] INFO  c.p.b.m.aspect.LoggingAspect - [47b256fe-5dcb-4fe9-8c02-159d88ad1f7f] --> PendingSignupCleanupService.deleteExpiredPendingSignups()
2026-06-20 05:33:51 [scheduling-1] DEBUG org.hibernate.SQL - 
    /* SELECT
        p 
    FROM
        PendingSignup p 
    WHERE
        p.expiryTime < :time */ select
            ps1_0.id,
            ps1_0.email,
            ps1_0.expiry_time,
            ps1_0.otp,
            ps1_0.password,
            ps1_0.username 
        from
            pending_signup ps1_0 
        where
            ps1_0.expiry_time<?
2026-06-20 05:33:51 [scheduling-1] INFO  c.p.b.m.aspect.LoggingAspect - [47b256fe-5dcb-4fe9-8c02-159d88ad1f7f] <-- PendingSignupCleanupService.deleteExpiredPendingSignups() | timeMs=0
2026-06-20 05:34:51 [scheduling-1] INFO  c.p.b.m.aspect.LoggingAspect - [af6a314c-ac81-44db-a559-da312632b039] --> PendingSignupCleanupService.deleteExpiredPendingSignups()
2026-06-20 05:34:51 [scheduling-1] DEBUG org.hibernate.SQL - 
    /* SELECT
        p 
    FROM
        PendingSignup p 
    WHERE
        p.expiryTime < :time */ select
            ps1_0.id,
            ps1_0.email,
            ps1_0.expiry_time,
            ps1_0.otp,
            ps1_0.password,
            ps1_0.username 
        from
            pending_signup ps1_0 
        where
            ps1_0.expiry_time<?
2026-06-20 05:34:51 [scheduling-1] INFO  c.p.b.m.aspect.LoggingAspect - [af6a314c-ac81-44db-a559-da312632b039] <-- PendingSignupCleanupService.deleteExpiredPendingSignups() | timeMs=0
2026-06-20 05:35:51 [scheduling-1] INFO  c.p.b.m.aspect.LoggingAspect - [716eae3f-c372-4900-b428-667716b33faa] --> PendingSignupCleanupService.deleteExpiredPendingSignups()
2026-06-20 05:35:51 [scheduling-1] DEBUG org.hibernate.SQL - 
    /* SELECT
        p 
    FROM
        PendingSignup p 
    WHERE
        p.expiryTime < :time */ select
            ps1_0.id,
            ps1_0.email,
            ps1_0.expiry_time,
            ps1_0.otp,
            ps1_0.password,
            ps1_0.username 
        from
            pending_signup ps1_0 
        where
            ps1_0.expiry_time<?
2026-06-20 05:35:51 [scheduling-1] INFO  c.p.b.m.aspect.LoggingAspect - [716eae3f-c372-4900-b428-667716b33faa] <-- PendingSignupCleanupService.deleteExpiredPendingSignups() | timeMs=0
2026-06-20 05:36:51 [scheduling-1] INFO  c.p.b.m.aspect.LoggingAspect - [af6b6771-f3fa-4cef-8cb1-73048238fde6] --> PendingSignupCleanupService.deleteExpiredPendingSignups()
2026-06-20 05:36:51 [scheduling-1] DEBUG org.hibernate.SQL - 
    /* SELECT
        p 
    FROM
        PendingSignup p 
    WHERE
        p.expiryTime < :time */ select
            ps1_0.id,
            ps1_0.email,
            ps1_0.expiry_time,
            ps1_0.otp,
            ps1_0.password,
            ps1_0.username 
        from
            pending_signup ps1_0 
        where
            ps1_0.expiry_time<?
2026-06-20 05:36:51 [scheduling-1] INFO  c.p.b.m.aspect.LoggingAspect - [af6b6771-f3fa-4cef-8cb1-73048238fde6] <-- PendingSignupCleanupService.deleteExpiredPendingSignups() | timeMs=0
2026-06-20 05:37:51 [scheduling-1] INFO  c.p.b.m.aspect.LoggingAspect - [4d78a65a-6e3f-444d-bb78-48d35b4672b5] --> PendingSignupCleanupService.deleteExpiredPendingSignups()
2026-06-20 05:37:51 [scheduling-1] DEBUG org.hibernate.SQL - 
    /* SELECT
        p 
    FROM
        PendingSignup p 
    WHERE
        p.expiryTime < :time */ select
            ps1_0.id,
            ps1_0.email,
            ps1_0.expiry_time,
            ps1_0.otp,
            ps1_0.password,
            ps1_0.username 
        from
            pending_signup ps1_0 
        where
            ps1_0.expiry_time<?
2026-06-20 05:37:51 [scheduling-1] INFO  c.p.b.m.aspect.LoggingAspect - [4d78a65a-6e3f-444d-bb78-48d35b4672b5] <-- PendingSignupCleanupService.deleteExpiredPendingSignups() | timeMs=0
2026-06-20 05:38:51 [scheduling-1] INFO  c.p.b.m.aspect.LoggingAspect - [3a497b7d-9678-4779-9a9d-69db6ab552a8] --> PendingSignupCleanupService.deleteExpiredPendingSignups()
2026-06-20 05:38:51 [scheduling-1] DEBUG org.hibernate.SQL - 
    /* SELECT
        p 
    FROM
        PendingSignup p 
    WHERE
        p.expiryTime < :time */ select
            ps1_0.id,
            ps1_0.email,
            ps1_0.expiry_time,
            ps1_0.otp,
            ps1_0.password,
            ps1_0.username 
        from
            pending_signup ps1_0 
        where
            ps1_0.expiry_time<?
2026-06-20 05:38:51 [scheduling-1] INFO  c.p.b.m.aspect.LoggingAspect - [3a497b7d-9678-4779-9a9d-69db6ab552a8] <-- PendingSignupCleanupService.deleteExpiredPendingSignups() | timeMs=0
2026-06-20 05:39:51 [scheduling-1] INFO  c.p.b.m.aspect.LoggingAspect - [164a602e-f1fd-44ec-acc7-64d31cfa660f] --> PendingSignupCleanupService.deleteExpiredPendingSignups()
2026-06-20 05:39:51 [scheduling-1] DEBUG org.hibernate.SQL - 
    /* SELECT
        p 
    FROM
        PendingSignup p 
    WHERE
        p.expiryTime < :time */ select
            ps1_0.id,
            ps1_0.email,
            ps1_0.expiry_time,
            ps1_0.otp,
            ps1_0.password,
            ps1_0.username 
        from
            pending_signup ps1_0 
        where
            ps1_0.expiry_time<?
2026-06-20 05:39:51 [scheduling-1] INFO  c.p.b.m.aspect.LoggingAspect - [164a602e-f1fd-44ec-acc7-64d31cfa660f] <-- PendingSignupCleanupService.deleteExpiredPendingSignups() | timeMs=0
2026-06-20 05:40:51 [scheduling-1] INFO  c.p.b.m.aspect.LoggingAspect - [9124a7ef-3b5f-46cf-b2b7-294cb2b59377] --> PendingSignupCleanupService.deleteExpiredPendingSignups()
2026-06-20 05:40:51 [scheduling-1] DEBUG org.hibernate.SQL - 
    /* SELECT
        p 
    FROM
        PendingSignup p 
    WHERE
        p.expiryTime < :time */ select
            ps1_0.id,
            ps1_0.email,
            ps1_0.expiry_time,
            ps1_0.otp,
            ps1_0.password,
            ps1_0.username 
        from
            pending_signup ps1_0 
        where
            ps1_0.expiry_time<?
2026-06-20 05:40:51 [scheduling-1] INFO  c.p.b.m.aspect.LoggingAspect - [9124a7ef-3b5f-46cf-b2b7-294cb2b59377] <-- PendingSignupCleanupService.deleteExpiredPendingSignups() | timeMs=1
2026-06-20 05:41:51 [scheduling-1] INFO  c.p.b.m.aspect.LoggingAspect - [872bb181-cbd9-4c32-b2c7-8fcf15e90e52] --> PendingSignupCleanupService.deleteExpiredPendingSignups()
2026-06-20 05:41:51 [scheduling-1] DEBUG org.hibernate.SQL - 
    /* SELECT
        p 
    FROM
        PendingSignup p 
    WHERE
        p.expiryTime < :time */ select
            ps1_0.id,
            ps1_0.email,
            ps1_0.expiry_time,
            ps1_0.otp,
            ps1_0.password,
            ps1_0.username 
        from
            pending_signup ps1_0 
        where
            ps1_0.expiry_time<?
2026-06-20 05:41:51 [scheduling-1] INFO  c.p.b.m.aspect.LoggingAspect - [872bb181-cbd9-4c32-b2c7-8fcf15e90e52] <-- PendingSignupCleanupService.deleteExpiredPendingSignups() | timeMs=1
2026-06-20 05:42:51 [scheduling-1] INFO  c.p.b.m.aspect.LoggingAspect - [71a1a092-7cbd-4fb4-8d19-d472f244737b] --> PendingSignupCleanupService.deleteExpiredPendingSignups()
2026-06-20 05:42:51 [scheduling-1] DEBUG org.hibernate.SQL - 
    /* SELECT
        p 
    FROM
        PendingSignup p 
    WHERE
        p.expiryTime < :time */ select
            ps1_0.id,
            ps1_0.email,
            ps1_0.expiry_time,
            ps1_0.otp,
            ps1_0.password,
            ps1_0.username 
        from
            pending_signup ps1_0 
        where
            ps1_0.expiry_time<?
2026-06-20 05:42:51 [scheduling-1] INFO  c.p.b.m.aspect.LoggingAspect - [71a1a092-7cbd-4fb4-8d19-d472f244737b] <-- PendingSignupCleanupService.deleteExpiredPendingSignups() | timeMs=0
2026-06-20 05:43:51 [scheduling-1] INFO  c.p.b.m.aspect.LoggingAspect - [5ea16d1e-8e08-4001-9ef7-8525847580f7] --> PendingSignupCleanupService.deleteExpiredPendingSignups()
2026-06-20 05:43:51 [scheduling-1] DEBUG org.hibernate.SQL - 
    /* SELECT
        p 
    FROM
        PendingSignup p 
    WHERE
        p.expiryTime < :time */ select
            ps1_0.id,
            ps1_0.email,
            ps1_0.expiry_time,
            ps1_0.otp,
            ps1_0.password,
            ps1_0.username 
        from
            pending_signup ps1_0 
        where
            ps1_0.expiry_time<?
2026-06-20 05:43:51 [scheduling-1] INFO  c.p.b.m.aspect.LoggingAspect - [5ea16d1e-8e08-4001-9ef7-8525847580f7] <-- PendingSignupCleanupService.deleteExpiredPendingSignups() | timeMs=0
2026-06-20 05:44:51 [scheduling-1] INFO  c.p.b.m.aspect.LoggingAspect - [54f9d0cf-018f-4b97-831d-f506f41b4d7e] --> PendingSignupCleanupService.deleteExpiredPendingSignups()
2026-06-20 05:44:51 [scheduling-1] DEBUG org.hibernate.SQL - 
    /* SELECT
        p 
    FROM
        PendingSignup p 
    WHERE
        p.expiryTime < :time */ select
            ps1_0.id,
            ps1_0.email,
            ps1_0.expiry_time,
            ps1_0.otp,
            ps1_0.password,
            ps1_0.username 
        from
            pending_signup ps1_0 
        where
            ps1_0.expiry_time<?
2026-06-20 05:44:51 [scheduling-1] INFO  c.p.b.m.aspect.LoggingAspect - [54f9d0cf-018f-4b97-831d-f506f41b4d7e] <-- PendingSignupCleanupService.deleteExpiredPendingSignups() | timeMs=0
2026-06-20 05:45:51 [scheduling-1] INFO  c.p.b.m.aspect.LoggingAspect - [8df177e8-11ec-4542-b63c-9eb0d1e415f9] --> PendingSignupCleanupService.deleteExpiredPendingSignups()
2026-06-20 05:45:51 [scheduling-1] DEBUG org.hibernate.SQL - 
    /* SELECT
        p 
    FROM
        PendingSignup p 
    WHERE
        p.expiryTime < :time */ select
            ps1_0.id,
            ps1_0.email,
            ps1_0.expiry_time,
            ps1_0.otp,
            ps1_0.password,
            ps1_0.username 
        from
            pending_signup ps1_0 
        where
            ps1_0.expiry_time<?
2026-06-20 05:45:51 [scheduling-1] INFO  c.p.b.m.aspect.LoggingAspect - [8df177e8-11ec-4542-b63c-9eb0d1e415f9] <-- PendingSignupCleanupService.deleteExpiredPendingSignups() | timeMs=0
2026-06-20 05:46:51 [scheduling-1] INFO  c.p.b.m.aspect.LoggingAspect - [acf4c4af-9cf4-4155-b39b-7b66f578c1e3] --> PendingSignupCleanupService.deleteExpiredPendingSignups()
2026-06-20 05:46:51 [scheduling-1] DEBUG org.hibernate.SQL - 
    /* SELECT
        p 
    FROM
        PendingSignup p 
    WHERE
        p.expiryTime < :time */ select
            ps1_0.id,
            ps1_0.email,
            ps1_0.expiry_time,
            ps1_0.otp,
            ps1_0.password,
            ps1_0.username 
        from
            pending_signup ps1_0 
        where
            ps1_0.expiry_time<?
2026-06-20 05:46:51 [scheduling-1] INFO  c.p.b.m.aspect.LoggingAspect - [acf4c4af-9cf4-4155-b39b-7b66f578c1e3] <-- PendingSignupCleanupService.deleteExpiredPendingSignups() | timeMs=0
2026-06-20 05:47:51 [scheduling-1] INFO  c.p.b.m.aspect.LoggingAspect - [ddbe9a76-d55d-45ea-9827-c14ad35551f3] --> PendingSignupCleanupService.deleteExpiredPendingSignups()
2026-06-20 05:47:51 [scheduling-1] DEBUG org.hibernate.SQL - 
    /* SELECT
        p 
    FROM
        PendingSignup p 
    WHERE
        p.expiryTime < :time */ select
            ps1_0.id,
            ps1_0.email,
            ps1_0.expiry_time,
            ps1_0.otp,
            ps1_0.password,
            ps1_0.username 
        from
            pending_signup ps1_0 
        where
            ps1_0.expiry_time<?
2026-06-20 05:47:51 [scheduling-1] INFO  c.p.b.m.aspect.LoggingAspect - [ddbe9a76-d55d-45ea-9827-c14ad35551f3] <-- PendingSignupCleanupService.deleteExpiredPendingSignups() | timeMs=0
2026-06-20 05:48:51 [scheduling-1] INFO  c.p.b.m.aspect.LoggingAspect - [515a0e2d-31ee-48c1-9498-6762ba95f03e] --> PendingSignupCleanupService.deleteExpiredPendingSignups()
2026-06-20 05:48:51 [scheduling-1] DEBUG org.hibernate.SQL - 
    /* SELECT
        p 
    FROM
        PendingSignup p 
    WHERE
        p.expiryTime < :time */ select
            ps1_0.id,
            ps1_0.email,
            ps1_0.expiry_time,
            ps1_0.otp,
            ps1_0.password,
            ps1_0.username 
        from
            pending_signup ps1_0 
        where
            ps1_0.expiry_time<?
2026-06-20 05:48:51 [scheduling-1] INFO  c.p.b.m.aspect.LoggingAspect - [515a0e2d-31ee-48c1-9498-6762ba95f03e] <-- PendingSignupCleanupService.deleteExpiredPendingSignups() | timeMs=0
2026-06-20 05:49:51 [scheduling-1] INFO  c.p.b.m.aspect.LoggingAspect - [e9bb017b-cc46-40f2-8bdd-02b6be0cc490] --> PendingSignupCleanupService.deleteExpiredPendingSignups()
2026-06-20 05:49:51 [scheduling-1] DEBUG org.hibernate.SQL - 
    /* SELECT
        p 
    FROM
        PendingSignup p 
    WHERE
        p.expiryTime < :time */ select
            ps1_0.id,
            ps1_0.email,
            ps1_0.expiry_time,
            ps1_0.otp,
            ps1_0.password,
            ps1_0.username 
        from
            pending_signup ps1_0 
        where
            ps1_0.expiry_time<?
2026-06-20 05:49:51 [scheduling-1] INFO  c.p.b.m.aspect.LoggingAspect - [e9bb017b-cc46-40f2-8bdd-02b6be0cc490] <-- PendingSignupCleanupService.deleteExpiredPendingSignups() | timeMs=0
2026-06-20 05:50:51 [scheduling-1] INFO  c.p.b.m.aspect.LoggingAspect - [1a4d25a4-3128-4e8d-af87-62af7e4e8b94] --> PendingSignupCleanupService.deleteExpiredPendingSignups()
2026-06-20 05:50:51 [scheduling-1] DEBUG org.hibernate.SQL - 
    /* SELECT
        p 
    FROM
        PendingSignup p 
    WHERE
        p.expiryTime < :time */ select
            ps1_0.id,
            ps1_0.email,
            ps1_0.expiry_time,
            ps1_0.otp,
            ps1_0.password,
            ps1_0.username 
        from
            pending_signup ps1_0 
        where
            ps1_0.expiry_time<?
2026-06-20 05:50:51 [scheduling-1] INFO  c.p.b.m.aspect.LoggingAspect - [1a4d25a4-3128-4e8d-af87-62af7e4e8b94] <-- PendingSignupCleanupService.deleteExpiredPendingSignups() | timeMs=0
2026-06-20 05:51:51 [scheduling-1] INFO  c.p.b.m.aspect.LoggingAspect - [a668410f-895a-4c9b-a01f-7b63b275c0aa] --> PendingSignupCleanupService.deleteExpiredPendingSignups()
2026-06-20 05:51:51 [scheduling-1] DEBUG org.hibernate.SQL - 
    /* SELECT
        p 
    FROM
        PendingSignup p 
    WHERE
        p.expiryTime < :time */ select
            ps1_0.id,
            ps1_0.email,
            ps1_0.expiry_time,
            ps1_0.otp,
            ps1_0.password,
            ps1_0.username 
        from
            pending_signup ps1_0 
        where
            ps1_0.expiry_time<?
2026-06-20 05:51:51 [scheduling-1] INFO  c.p.b.m.aspect.LoggingAspect - [a668410f-895a-4c9b-a01f-7b63b275c0aa] <-- PendingSignupCleanupService.deleteExpiredPendingSignups() | timeMs=0
2026-06-20 05:52:51 [scheduling-1] INFO  c.p.b.m.aspect.LoggingAspect - [f939ca9d-1c14-4ecb-aab4-4717d8e5a4fb] --> PendingSignupCleanupService.deleteExpiredPendingSignups()
2026-06-20 05:52:51 [scheduling-1] DEBUG org.hibernate.SQL - 
    /* SELECT
        p 
    FROM
        PendingSignup p 
    WHERE
        p.expiryTime < :time */ select
            ps1_0.id,
            ps1_0.email,
            ps1_0.expiry_time,
            ps1_0.otp,
            ps1_0.password,
            ps1_0.username 
        from
            pending_signup ps1_0 
        where
            ps1_0.expiry_time<?
2026-06-20 05:52:51 [scheduling-1] INFO  c.p.b.m.aspect.LoggingAspect - [f939ca9d-1c14-4ecb-aab4-4717d8e5a4fb] <-- PendingSignupCleanupService.deleteExpiredPendingSignups() | timeMs=0
2026-06-20 05:53:51 [scheduling-1] INFO  c.p.b.m.aspect.LoggingAspect - [c1d8b311-77f9-4117-a68d-3270bb38ce0e] --> PendingSignupCleanupService.deleteExpiredPendingSignups()
2026-06-20 05:53:51 [scheduling-1] DEBUG org.hibernate.SQL - 
    /* SELECT
        p 
    FROM
        PendingSignup p 
    WHERE
        p.expiryTime < :time */ select
            ps1_0.id,
            ps1_0.email,
            ps1_0.expiry_time,
            ps1_0.otp,
            ps1_0.password,
            ps1_0.username 
        from
            pending_signup ps1_0 
        where
            ps1_0.expiry_time<?
2026-06-20 05:53:51 [scheduling-1] INFO  c.p.b.m.aspect.LoggingAspect - [c1d8b311-77f9-4117-a68d-3270bb38ce0e] <-- PendingSignupCleanupService.deleteExpiredPendingSignups() | timeMs=0
2026-06-20 05:54:51 [scheduling-1] INFO  c.p.b.m.aspect.LoggingAspect - [b7888998-cbf9-4f03-9716-b9b929582bb9] --> PendingSignupCleanupService.deleteExpiredPendingSignups()
2026-06-20 05:54:51 [scheduling-1] DEBUG org.hibernate.SQL - 
    /* SELECT
        p 
    FROM
        PendingSignup p 
    WHERE
        p.expiryTime < :time */ select
            ps1_0.id,
            ps1_0.email,
            ps1_0.expiry_time,
            ps1_0.otp,
            ps1_0.password,
            ps1_0.username 
        from
            pending_signup ps1_0 
        where
            ps1_0.expiry_time<?
2026-06-20 05:54:51 [scheduling-1] INFO  c.p.b.m.aspect.LoggingAspect - [b7888998-cbf9-4f03-9716-b9b929582bb9] <-- PendingSignupCleanupService.deleteExpiredPendingSignups() | timeMs=1
2026-06-20 05:55:51 [scheduling-1] INFO  c.p.b.m.aspect.LoggingAspect - [4476e68d-7d1b-4875-b23f-b35e220f2ab3] --> PendingSignupCleanupService.deleteExpiredPendingSignups()
2026-06-20 05:55:51 [scheduling-1] DEBUG org.hibernate.SQL - 
    /* SELECT
        p 
    FROM
        PendingSignup p 
    WHERE
        p.expiryTime < :time */ select
            ps1_0.id,
            ps1_0.email,
            ps1_0.expiry_time,
            ps1_0.otp,
            ps1_0.password,
            ps1_0.username 
        from
            pending_signup ps1_0 
        where
            ps1_0.expiry_time<?
2026-06-20 05:55:51 [scheduling-1] INFO  c.p.b.m.aspect.LoggingAspect - [4476e68d-7d1b-4875-b23f-b35e220f2ab3] <-- PendingSignupCleanupService.deleteExpiredPendingSignups() | timeMs=0
2026-06-20 05:56:51 [scheduling-1] INFO  c.p.b.m.aspect.LoggingAspect - [48c7fdad-5490-4371-bbd1-d0cb7d9df573] --> PendingSignupCleanupService.deleteExpiredPendingSignups()
2026-06-20 05:56:51 [scheduling-1] DEBUG org.hibernate.SQL - 
    /* SELECT
        p 
    FROM
        PendingSignup p 
    WHERE
        p.expiryTime < :time */ select
            ps1_0.id,
            ps1_0.email,
            ps1_0.expiry_time,
            ps1_0.otp,
            ps1_0.password,
            ps1_0.username 
        from
            pending_signup ps1_0 
        where
            ps1_0.expiry_time<?
2026-06-20 05:56:51 [scheduling-1] INFO  c.p.b.m.aspect.LoggingAspect - [48c7fdad-5490-4371-bbd1-d0cb7d9df573] <-- PendingSignupCleanupService.deleteExpiredPendingSignups() | timeMs=0
2026-06-20 05:57:51 [scheduling-1] INFO  c.p.b.m.aspect.LoggingAspect - [37667ae0-a6c0-4a76-815a-26b9ab8d19dc] --> PendingSignupCleanupService.deleteExpiredPendingSignups()
2026-06-20 05:57:51 [scheduling-1] DEBUG org.hibernate.SQL - 
    /* SELECT
        p 
    FROM
        PendingSignup p 
    WHERE
        p.expiryTime < :time */ select
            ps1_0.id,
            ps1_0.email,
            ps1_0.expiry_time,
            ps1_0.otp,
            ps1_0.password,
            ps1_0.username 
        from
            pending_signup ps1_0 
        where
            ps1_0.expiry_time<?
2026-06-20 05:57:51 [scheduling-1] INFO  c.p.b.m.aspect.LoggingAspect - [37667ae0-a6c0-4a76-815a-26b9ab8d19dc] <-- PendingSignupCleanupService.deleteExpiredPendingSignups() | timeMs=0
2026-06-20 05:58:51 [scheduling-1] INFO  c.p.b.m.aspect.LoggingAspect - [24cf5123-731d-459c-8b4d-4a05cd97fe99] --> PendingSignupCleanupService.deleteExpiredPendingSignups()
2026-06-20 05:58:51 [scheduling-1] DEBUG org.hibernate.SQL - 
    /* SELECT
        p 
    FROM
        PendingSignup p 
    WHERE
        p.expiryTime < :time */ select
            ps1_0.id,
            ps1_0.email,
            ps1_0.expiry_time,
            ps1_0.otp,
            ps1_0.password,
            ps1_0.username 
        from
            pending_signup ps1_0 
        where
            ps1_0.expiry_time<?
2026-06-20 05:58:51 [scheduling-1] INFO  c.p.b.m.aspect.LoggingAspect - [24cf5123-731d-459c-8b4d-4a05cd97fe99] <-- PendingSignupCleanupService.deleteExpiredPendingSignups() | timeMs=0
2026-06-20 05:59:51 [scheduling-1] INFO  c.p.b.m.aspect.LoggingAspect - [ae02c59e-b99f-4f51-91b2-0f7066c2a2f9] --> PendingSignupCleanupService.deleteExpiredPendingSignups()
2026-06-20 05:59:51 [scheduling-1] DEBUG org.hibernate.SQL - 
    /* SELECT
        p 
    FROM
        PendingSignup p 
    WHERE
        p.expiryTime < :time */ select
            ps1_0.id,
            ps1_0.email,
            ps1_0.expiry_time,
            ps1_0.otp,
            ps1_0.password,
            ps1_0.username 
        from
            pending_signup ps1_0 
        where
            ps1_0.expiry_time<?
2026-06-20 05:59:51 [scheduling-1] INFO  c.p.b.m.aspect.LoggingAspect - [ae02c59e-b99f-4f51-91b2-0f7066c2a2f9] <-- PendingSignupCleanupService.deleteExpiredPendingSignups() | timeMs=0
2026-06-20 06:00:51 [scheduling-1] INFO  c.p.b.m.aspect.LoggingAspect - [116e7d70-259c-4cc4-ba51-9cafea35a392] --> PendingSignupCleanupService.deleteExpiredPendingSignups()
2026-06-20 06:00:51 [scheduling-1] DEBUG org.hibernate.SQL - 
    /* SELECT
        p 
    FROM
        PendingSignup p 
    WHERE
        p.expiryTime < :time */ select
            ps1_0.id,
            ps1_0.email,
            ps1_0.expiry_time,
            ps1_0.otp,
            ps1_0.password,
            ps1_0.username 
        from
            pending_signup ps1_0 
        where
            ps1_0.expiry_time<?
2026-06-20 06:00:51 [scheduling-1] INFO  c.p.b.m.aspect.LoggingAspect - [116e7d70-259c-4cc4-ba51-9cafea35a392] <-- PendingSignupCleanupService.deleteExpiredPendingSignups() | timeMs=0
2026-06-20 06:01:51 [scheduling-1] INFO  c.p.b.m.aspect.LoggingAspect - [955f27f0-e9d5-4aaf-9a12-ab3488e79552] --> PendingSignupCleanupService.deleteExpiredPendingSignups()
2026-06-20 06:01:51 [scheduling-1] DEBUG org.hibernate.SQL - 
    /* SELECT
        p 
    FROM
        PendingSignup p 
    WHERE
        p.expiryTime < :time */ select
            ps1_0.id,
            ps1_0.email,
            ps1_0.expiry_time,
            ps1_0.otp,
            ps1_0.password,
            ps1_0.username 
        from
            pending_signup ps1_0 
        where
            ps1_0.expiry_time<?
2026-06-20 06:01:51 [scheduling-1] INFO  c.p.b.m.aspect.LoggingAspect - [955f27f0-e9d5-4aaf-9a12-ab3488e79552] <-- PendingSignupCleanupService.deleteExpiredPendingSignups() | timeMs=0
2026-06-20 06:02:51 [scheduling-1] INFO  c.p.b.m.aspect.LoggingAspect - [aa21178e-c676-4c7a-98e2-b2f399c0ca29] --> PendingSignupCleanupService.deleteExpiredPendingSignups()
2026-06-20 06:02:51 [scheduling-1] DEBUG org.hibernate.SQL - 
    /* SELECT
        p 
    FROM
        PendingSignup p 
    WHERE
        p.expiryTime < :time */ select
            ps1_0.id,
            ps1_0.email,
            ps1_0.expiry_time,
            ps1_0.otp,
            ps1_0.password,
            ps1_0.username 
        from
            pending_signup ps1_0 
        where
            ps1_0.expiry_time<?
2026-06-20 06:02:51 [scheduling-1] INFO  c.p.b.m.aspect.LoggingAspect - [aa21178e-c676-4c7a-98e2-b2f399c0ca29] <-- PendingSignupCleanupService.deleteExpiredPendingSignups() | timeMs=0
2026-06-20 06:03:51 [scheduling-1] INFO  c.p.b.m.aspect.LoggingAspect - [dd173e23-e4ff-4132-bb68-e8dbc948f507] --> PendingSignupCleanupService.deleteExpiredPendingSignups()
2026-06-20 06:03:51 [scheduling-1] DEBUG org.hibernate.SQL - 
    /* SELECT
        p 
    FROM
        PendingSignup p 
    WHERE
        p.expiryTime < :time */ select
            ps1_0.id,
            ps1_0.email,
            ps1_0.expiry_time,
            ps1_0.otp,
            ps1_0.password,
            ps1_0.username 
        from
            pending_signup ps1_0 
        where
            ps1_0.expiry_time<?
2026-06-20 06:03:51 [scheduling-1] INFO  c.p.b.m.aspect.LoggingAspect - [dd173e23-e4ff-4132-bb68-e8dbc948f507] <-- PendingSignupCleanupService.deleteExpiredPendingSignups() | timeMs=0
2026-06-20 06:04:51 [scheduling-1] INFO  c.p.b.m.aspect.LoggingAspect - [d5eb5abf-4df7-4aba-8f52-ccf14c7c4945] --> PendingSignupCleanupService.deleteExpiredPendingSignups()
2026-06-20 06:04:51 [scheduling-1] DEBUG org.hibernate.SQL - 
    /* SELECT
        p 
    FROM
        PendingSignup p 
    WHERE
        p.expiryTime < :time */ select
            ps1_0.id,
            ps1_0.email,
            ps1_0.expiry_time,
            ps1_0.otp,
            ps1_0.password,
            ps1_0.username 
        from
            pending_signup ps1_0 
        where
            ps1_0.expiry_time<?
2026-06-20 06:04:51 [scheduling-1] INFO  c.p.b.m.aspect.LoggingAspect - [d5eb5abf-4df7-4aba-8f52-ccf14c7c4945] <-- PendingSignupCleanupService.deleteExpiredPendingSignups() | timeMs=0
2026-06-20 06:05:51 [scheduling-1] INFO  c.p.b.m.aspect.LoggingAspect - [ab35a554-2f6d-4bed-a418-687554111221] --> PendingSignupCleanupService.deleteExpiredPendingSignups()
2026-06-20 06:05:51 [scheduling-1] DEBUG org.hibernate.SQL - 
    /* SELECT
        p 
    FROM
        PendingSignup p 
    WHERE
        p.expiryTime < :time */ select
            ps1_0.id,
            ps1_0.email,
            ps1_0.expiry_time,
            ps1_0.otp,
            ps1_0.password,
            ps1_0.username 
        from
            pending_signup ps1_0 
        where
            ps1_0.expiry_time<?
2026-06-20 06:05:51 [scheduling-1] INFO  c.p.b.m.aspect.LoggingAspect - [ab35a554-2f6d-4bed-a418-687554111221] <-- PendingSignupCleanupService.deleteExpiredPendingSignups() | timeMs=0
2026-06-20 06:06:51 [scheduling-1] INFO  c.p.b.m.aspect.LoggingAspect - [ea6a4a64-bb86-49ff-be70-32a2eae744d7] --> PendingSignupCleanupService.deleteExpiredPendingSignups()
2026-06-20 06:06:51 [scheduling-1] DEBUG org.hibernate.SQL - 
    /* SELECT
        p 
    FROM
        PendingSignup p 
    WHERE
        p.expiryTime < :time */ select
            ps1_0.id,
            ps1_0.email,
            ps1_0.expiry_time,
            ps1_0.otp,
            ps1_0.password,
            ps1_0.username 
        from
            pending_signup ps1_0 
        where
            ps1_0.expiry_time<?
2026-06-20 06:06:51 [scheduling-1] INFO  c.p.b.m.aspect.LoggingAspect - [ea6a4a64-bb86-49ff-be70-32a2eae744d7] <-- PendingSignupCleanupService.deleteExpiredPendingSignups() | timeMs=0
2026-06-20 06:07:51 [scheduling-1] INFO  c.p.b.m.aspect.LoggingAspect - [8cd24278-282a-4d5a-9fdc-2244903c481d] --> PendingSignupCleanupService.deleteExpiredPendingSignups()
2026-06-20 06:07:51 [scheduling-1] DEBUG org.hibernate.SQL - 
    /* SELECT
        p 
    FROM
        PendingSignup p 
    WHERE
        p.expiryTime < :time */ select
            ps1_0.id,
            ps1_0.email,
            ps1_0.expiry_time,
            ps1_0.otp,
            ps1_0.password,
            ps1_0.username 
        from
            pending_signup ps1_0 
        where
            ps1_0.expiry_time<?
2026-06-20 06:07:51 [scheduling-1] INFO  c.p.b.m.aspect.LoggingAspect - [8cd24278-282a-4d5a-9fdc-2244903c481d] <-- PendingSignupCleanupService.deleteExpiredPendingSignups() | timeMs=1
2026-06-20 06:08:51 [scheduling-1] INFO  c.p.b.m.aspect.LoggingAspect - [c54917da-f24d-40c1-bb58-09c8d5f50d10] --> PendingSignupCleanupService.deleteExpiredPendingSignups()
2026-06-20 06:08:51 [scheduling-1] DEBUG org.hibernate.SQL - 
    /* SELECT
        p 
    FROM
        PendingSignup p 
    WHERE
        p.expiryTime < :time */ select
            ps1_0.id,
            ps1_0.email,
            ps1_0.expiry_time,
            ps1_0.otp,
            ps1_0.password,
            ps1_0.username 
        from
            pending_signup ps1_0 
        where
            ps1_0.expiry_time<?
2026-06-20 06:08:51 [scheduling-1] INFO  c.p.b.m.aspect.LoggingAspect - [c54917da-f24d-40c1-bb58-09c8d5f50d10] <-- PendingSignupCleanupService.deleteExpiredPendingSignups() | timeMs=0
2026-06-20 06:09:51 [scheduling-1] INFO  c.p.b.m.aspect.LoggingAspect - [51cbcdee-f518-48b4-994c-7be50bc5f9b0] --> PendingSignupCleanupService.deleteExpiredPendingSignups()
2026-06-20 06:09:51 [scheduling-1] DEBUG org.hibernate.SQL - 
    /* SELECT
        p 
    FROM
        PendingSignup p 
    WHERE
        p.expiryTime < :time */ select
            ps1_0.id,
            ps1_0.email,
            ps1_0.expiry_time,
            ps1_0.otp,
            ps1_0.password,
            ps1_0.username 
        from
            pending_signup ps1_0 
        where
            ps1_0.expiry_time<?
2026-06-20 06:09:51 [scheduling-1] INFO  c.p.b.m.aspect.LoggingAspect - [51cbcdee-f518-48b4-994c-7be50bc5f9b0] <-- PendingSignupCleanupService.deleteExpiredPendingSignups() | timeMs=0
2026-06-20 06:10:51 [scheduling-1] INFO  c.p.b.m.aspect.LoggingAspect - [2771a1d9-1e7e-4aa5-8d90-db7e3bd12bd5] --> PendingSignupCleanupService.deleteExpiredPendingSignups()
2026-06-20 06:10:51 [scheduling-1] DEBUG org.hibernate.SQL - 
    /* SELECT
        p 
    FROM
        PendingSignup p 
    WHERE
        p.expiryTime < :time */ select
            ps1_0.id,
            ps1_0.email,
            ps1_0.expiry_time,
            ps1_0.otp,
            ps1_0.password,
            ps1_0.username 
        from
            pending_signup ps1_0 
        where
            ps1_0.expiry_time<?
2026-06-20 06:10:51 [scheduling-1] INFO  c.p.b.m.aspect.LoggingAspect - [2771a1d9-1e7e-4aa5-8d90-db7e3bd12bd5] <-- PendingSignupCleanupService.deleteExpiredPendingSignups() | timeMs=1
2026-06-20 06:11:51 [scheduling-1] INFO  c.p.b.m.aspect.LoggingAspect - [25a824f0-4ecc-4ab9-ab6d-7894d7fa6b15] --> PendingSignupCleanupService.deleteExpiredPendingSignups()
2026-06-20 06:11:51 [scheduling-1] DEBUG org.hibernate.SQL - 
    /* SELECT
        p 
    FROM
        PendingSignup p 
    WHERE
        p.expiryTime < :time */ select
            ps1_0.id,
            ps1_0.email,
            ps1_0.expiry_time,
            ps1_0.otp,
            ps1_0.password,
            ps1_0.username 
        from
            pending_signup ps1_0 
        where
            ps1_0.expiry_time<?
2026-06-20 06:11:51 [scheduling-1] INFO  c.p.b.m.aspect.LoggingAspect - [25a824f0-4ecc-4ab9-ab6d-7894d7fa6b15] <-- PendingSignupCleanupService.deleteExpiredPendingSignups() | timeMs=0
2026-06-20 06:12:51 [scheduling-1] INFO  c.p.b.m.aspect.LoggingAspect - [f2536f0d-be91-49d5-9dd1-b68335ef0cb1] --> PendingSignupCleanupService.deleteExpiredPendingSignups()
2026-06-20 06:12:51 [scheduling-1] DEBUG org.hibernate.SQL - 
    /* SELECT
        p 
    FROM
        PendingSignup p 
    WHERE
        p.expiryTime < :time */ select
            ps1_0.id,
            ps1_0.email,
            ps1_0.expiry_time,
            ps1_0.otp,
            ps1_0.password,
            ps1_0.username 
        from
            pending_signup ps1_0 
        where
            ps1_0.expiry_time<?
2026-06-20 06:12:51 [scheduling-1] INFO  c.p.b.m.aspect.LoggingAspect - [f2536f0d-be91-49d5-9dd1-b68335ef0cb1] <-- PendingSignupCleanupService.deleteExpiredPendingSignups() | timeMs=0
2026-06-20 06:13:51 [scheduling-1] INFO  c.p.b.m.aspect.LoggingAspect - [0c4a4763-a7a2-4ede-9205-dd68d2f09d92] --> PendingSignupCleanupService.deleteExpiredPendingSignups()
2026-06-20 06:13:51 [scheduling-1] DEBUG org.hibernate.SQL - 
    /* SELECT
        p 
    FROM
        PendingSignup p 
    WHERE
        p.expiryTime < :time */ select
            ps1_0.id,
            ps1_0.email,
            ps1_0.expiry_time,
            ps1_0.otp,
            ps1_0.password,
            ps1_0.username 
        from
            pending_signup ps1_0 
        where
            ps1_0.expiry_time<?
2026-06-20 06:13:51 [scheduling-1] INFO  c.p.b.m.aspect.LoggingAspect - [0c4a4763-a7a2-4ede-9205-dd68d2f09d92] <-- PendingSignupCleanupService.deleteExpiredPendingSignups() | timeMs=0
2026-06-20 06:14:51 [scheduling-1] INFO  c.p.b.m.aspect.LoggingAspect - [e4ba2180-06eb-4057-8642-34c80fe904ef] --> PendingSignupCleanupService.deleteExpiredPendingSignups()
2026-06-20 06:14:51 [scheduling-1] DEBUG org.hibernate.SQL - 
    /* SELECT
        p 
    FROM
        PendingSignup p 
    WHERE
        p.expiryTime < :time */ select
            ps1_0.id,
            ps1_0.email,
            ps1_0.expiry_time,
            ps1_0.otp,
            ps1_0.password,
            ps1_0.username 
        from
            pending_signup ps1_0 
        where
            ps1_0.expiry_time<?
2026-06-20 06:14:51 [scheduling-1] INFO  c.p.b.m.aspect.LoggingAspect - [e4ba2180-06eb-4057-8642-34c80fe904ef] <-- PendingSignupCleanupService.deleteExpiredPendingSignups() | timeMs=0
2026-06-20 06:15:51 [scheduling-1] INFO  c.p.b.m.aspect.LoggingAspect - [ae3717ab-98d5-4bb8-a18d-d639c0300f62] --> PendingSignupCleanupService.deleteExpiredPendingSignups()
2026-06-20 06:15:51 [scheduling-1] DEBUG org.hibernate.SQL - 
    /* SELECT
        p 
    FROM
        PendingSignup p 
    WHERE
        p.expiryTime < :time */ select
            ps1_0.id,
            ps1_0.email,
            ps1_0.expiry_time,
            ps1_0.otp,
            ps1_0.password,
            ps1_0.username 
        from
            pending_signup ps1_0 
        where
            ps1_0.expiry_time<?
2026-06-20 06:15:51 [scheduling-1] INFO  c.p.b.m.aspect.LoggingAspect - [ae3717ab-98d5-4bb8-a18d-d639c0300f62] <-- PendingSignupCleanupService.deleteExpiredPendingSignups() | timeMs=0
2026-06-20 06:16:51 [scheduling-1] INFO  c.p.b.m.aspect.LoggingAspect - [7a2a80cb-6f62-4510-99ad-ae1ae6edff5a] --> PendingSignupCleanupService.deleteExpiredPendingSignups()
2026-06-20 06:16:51 [scheduling-1] DEBUG org.hibernate.SQL - 
    /* SELECT
        p 
    FROM
        PendingSignup p 
    WHERE
        p.expiryTime < :time */ select
            ps1_0.id,
            ps1_0.email,
            ps1_0.expiry_time,
            ps1_0.otp,
            ps1_0.password,
            ps1_0.username 
        from
            pending_signup ps1_0 
        where
            ps1_0.expiry_time<?
2026-06-20 06:16:51 [scheduling-1] INFO  c.p.b.m.aspect.LoggingAspect - [7a2a80cb-6f62-4510-99ad-ae1ae6edff5a] <-- PendingSignupCleanupService.deleteExpiredPendingSignups() | timeMs=0
2026-06-20 06:17:51 [scheduling-1] INFO  c.p.b.m.aspect.LoggingAspect - [ed7e7d77-a5ea-49d2-a16d-702188b3e134] --> PendingSignupCleanupService.deleteExpiredPendingSignups()
2026-06-20 06:17:51 [scheduling-1] DEBUG org.hibernate.SQL - 
    /* SELECT
        p 
    FROM
        PendingSignup p 
    WHERE
        p.expiryTime < :time */ select
            ps1_0.id,
            ps1_0.email,
            ps1_0.expiry_time,
            ps1_0.otp,
            ps1_0.password,
            ps1_0.username 
        from
            pending_signup ps1_0 
        where
            ps1_0.expiry_time<?
2026-06-20 06:17:51 [scheduling-1] INFO  c.p.b.m.aspect.LoggingAspect - [ed7e7d77-a5ea-49d2-a16d-702188b3e134] <-- PendingSignupCleanupService.deleteExpiredPendingSignups() | timeMs=0
2026-06-20 06:18:51 [scheduling-1] INFO  c.p.b.m.aspect.LoggingAspect - [5a4e67b0-418c-4d1d-85dd-701b80c6b9ef] --> PendingSignupCleanupService.deleteExpiredPendingSignups()
2026-06-20 06:18:51 [scheduling-1] DEBUG org.hibernate.SQL - 
    /* SELECT
        p 
    FROM
        PendingSignup p 
    WHERE
        p.expiryTime < :time */ select
            ps1_0.id,
            ps1_0.email,
            ps1_0.expiry_time,
            ps1_0.otp,
            ps1_0.password,
            ps1_0.username 
        from
            pending_signup ps1_0 
        where
            ps1_0.expiry_time<?
2026-06-20 06:18:51 [scheduling-1] INFO  c.p.b.m.aspect.LoggingAspect - [5a4e67b0-418c-4d1d-85dd-701b80c6b9ef] <-- PendingSignupCleanupService.deleteExpiredPendingSignups() | timeMs=1
2026-06-20 06:19:51 [scheduling-1] INFO  c.p.b.m.aspect.LoggingAspect - [c7d00cf4-baf6-4b7a-b199-4457b1d2d84c] --> PendingSignupCleanupService.deleteExpiredPendingSignups()
2026-06-20 06:19:51 [scheduling-1] DEBUG org.hibernate.SQL - 
    /* SELECT
        p 
    FROM
        PendingSignup p 
    WHERE
        p.expiryTime < :time */ select
            ps1_0.id,
            ps1_0.email,
            ps1_0.expiry_time,
            ps1_0.otp,
            ps1_0.password,
            ps1_0.username 
        from
            pending_signup ps1_0 
        where
            ps1_0.expiry_time<?
2026-06-20 06:19:51 [scheduling-1] INFO  c.p.b.m.aspect.LoggingAspect - [c7d00cf4-baf6-4b7a-b199-4457b1d2d84c] <-- PendingSignupCleanupService.deleteExpiredPendingSignups() | timeMs=0
2026-06-20 06:20:51 [scheduling-1] INFO  c.p.b.m.aspect.LoggingAspect - [53868f4b-b779-4b93-9597-beb92a90c569] --> PendingSignupCleanupService.deleteExpiredPendingSignups()
2026-06-20 06:20:51 [scheduling-1] DEBUG org.hibernate.SQL - 
    /* SELECT
        p 
    FROM
        PendingSignup p 
    WHERE
        p.expiryTime < :time */ select
            ps1_0.id,
            ps1_0.email,
            ps1_0.expiry_time,
            ps1_0.otp,
            ps1_0.password,
            ps1_0.username 
        from
            pending_signup ps1_0 
        where
            ps1_0.expiry_time<?
2026-06-20 06:20:51 [scheduling-1] INFO  c.p.b.m.aspect.LoggingAspect - [53868f4b-b779-4b93-9597-beb92a90c569] <-- PendingSignupCleanupService.deleteExpiredPendingSignups() | timeMs=0
2026-06-20 06:21:51 [scheduling-1] INFO  c.p.b.m.aspect.LoggingAspect - [40255c91-0ca3-4d5f-a63f-186abf44c4c8] --> PendingSignupCleanupService.deleteExpiredPendingSignups()
2026-06-20 06:21:51 [scheduling-1] DEBUG org.hibernate.SQL - 
    /* SELECT
        p 
    FROM
        PendingSignup p 
    WHERE
        p.expiryTime < :time */ select
            ps1_0.id,
            ps1_0.email,
            ps1_0.expiry_time,
            ps1_0.otp,
            ps1_0.password,
            ps1_0.username 
        from
            pending_signup ps1_0 
        where
            ps1_0.expiry_time<?
2026-06-20 06:21:51 [scheduling-1] INFO  c.p.b.m.aspect.LoggingAspect - [40255c91-0ca3-4d5f-a63f-186abf44c4c8] <-- PendingSignupCleanupService.deleteExpiredPendingSignups() | timeMs=1
2026-06-20 06:22:51 [scheduling-1] INFO  c.p.b.m.aspect.LoggingAspect - [415170fc-9553-4342-823e-b87e21d781b0] --> PendingSignupCleanupService.deleteExpiredPendingSignups()
2026-06-20 06:22:51 [scheduling-1] DEBUG org.hibernate.SQL - 
    /* SELECT
        p 
    FROM
        PendingSignup p 
    WHERE
        p.expiryTime < :time */ select
            ps1_0.id,
            ps1_0.email,
            ps1_0.expiry_time,
            ps1_0.otp,
            ps1_0.password,
            ps1_0.username 
        from
            pending_signup ps1_0 
        where
            ps1_0.expiry_time<?
2026-06-20 06:22:51 [scheduling-1] INFO  c.p.b.m.aspect.LoggingAspect - [415170fc-9553-4342-823e-b87e21d781b0] <-- PendingSignupCleanupService.deleteExpiredPendingSignups() | timeMs=0
2026-06-20 06:23:51 [scheduling-1] INFO  c.p.b.m.aspect.LoggingAspect - [3d9de348-5cbf-49a3-91b7-4817991fbf4b] --> PendingSignupCleanupService.deleteExpiredPendingSignups()
2026-06-20 06:23:51 [scheduling-1] DEBUG org.hibernate.SQL - 
    /* SELECT
        p 
    FROM
        PendingSignup p 
    WHERE
        p.expiryTime < :time */ select
            ps1_0.id,
            ps1_0.email,
            ps1_0.expiry_time,
            ps1_0.otp,
            ps1_0.password,
            ps1_0.username 
        from
            pending_signup ps1_0 
        where
            ps1_0.expiry_time<?
2026-06-20 06:23:51 [scheduling-1] INFO  c.p.b.m.aspect.LoggingAspect - [3d9de348-5cbf-49a3-91b7-4817991fbf4b] <-- PendingSignupCleanupService.deleteExpiredPendingSignups() | timeMs=0
2026-06-20 06:24:51 [scheduling-1] INFO  c.p.b.m.aspect.LoggingAspect - [2081d681-d34f-4cf0-9b66-b92e1cd21fa5] --> PendingSignupCleanupService.deleteExpiredPendingSignups()
2026-06-20 06:24:51 [scheduling-1] DEBUG org.hibernate.SQL - 
    /* SELECT
        p 
    FROM
        PendingSignup p 
    WHERE
        p.expiryTime < :time */ select
            ps1_0.id,
            ps1_0.email,
            ps1_0.expiry_time,
            ps1_0.otp,
            ps1_0.password,
            ps1_0.username 
        from
            pending_signup ps1_0 
        where
            ps1_0.expiry_time<?
2026-06-20 06:24:51 [scheduling-1] INFO  c.p.b.m.aspect.LoggingAspect - [2081d681-d34f-4cf0-9b66-b92e1cd21fa5] <-- PendingSignupCleanupService.deleteExpiredPendingSignups() | timeMs=0
2026-06-20 06:25:51 [scheduling-1] INFO  c.p.b.m.aspect.LoggingAspect - [f486a32a-e1f8-454d-a06d-207f07ae477a] --> PendingSignupCleanupService.deleteExpiredPendingSignups()
2026-06-20 06:25:51 [scheduling-1] DEBUG org.hibernate.SQL - 
    /* SELECT
        p 
    FROM
        PendingSignup p 
    WHERE
        p.expiryTime < :time */ select
            ps1_0.id,
            ps1_0.email,
            ps1_0.expiry_time,
            ps1_0.otp,
            ps1_0.password,
            ps1_0.username 
        from
            pending_signup ps1_0 
        where
            ps1_0.expiry_time<?
2026-06-20 06:25:51 [scheduling-1] INFO  c.p.b.m.aspect.LoggingAspect - [f486a32a-e1f8-454d-a06d-207f07ae477a] <-- PendingSignupCleanupService.deleteExpiredPendingSignups() | timeMs=0
2026-06-20 06:26:51 [scheduling-1] INFO  c.p.b.m.aspect.LoggingAspect - [9e61801f-412b-47a7-abad-aff8ccc156b1] --> PendingSignupCleanupService.deleteExpiredPendingSignups()
2026-06-20 06:26:51 [scheduling-1] DEBUG org.hibernate.SQL - 
    /* SELECT
        p 
    FROM
        PendingSignup p 
    WHERE
        p.expiryTime < :time */ select
            ps1_0.id,
            ps1_0.email,
            ps1_0.expiry_time,
            ps1_0.otp,
            ps1_0.password,
            ps1_0.username 
        from
            pending_signup ps1_0 
        where
            ps1_0.expiry_time<?
2026-06-20 06:26:51 [scheduling-1] INFO  c.p.b.m.aspect.LoggingAspect - [9e61801f-412b-47a7-abad-aff8ccc156b1] <-- PendingSignupCleanupService.deleteExpiredPendingSignups() | timeMs=0
2026-06-20 06:27:51 [scheduling-1] INFO  c.p.b.m.aspect.LoggingAspect - [2a2d8c61-9460-4a13-9c12-4e74c2e797af] --> PendingSignupCleanupService.deleteExpiredPendingSignups()
2026-06-20 06:27:51 [scheduling-1] DEBUG org.hibernate.SQL - 
    /* SELECT
        p 
    FROM
        PendingSignup p 
    WHERE
        p.expiryTime < :time */ select
            ps1_0.id,
            ps1_0.email,
            ps1_0.expiry_time,
            ps1_0.otp,
            ps1_0.password,
            ps1_0.username 
        from
            pending_signup ps1_0 
        where
            ps1_0.expiry_time<?
2026-06-20 06:27:51 [scheduling-1] INFO  c.p.b.m.aspect.LoggingAspect - [2a2d8c61-9460-4a13-9c12-4e74c2e797af] <-- PendingSignupCleanupService.deleteExpiredPendingSignups() | timeMs=0
2026-06-20 06:28:51 [scheduling-1] INFO  c.p.b.m.aspect.LoggingAspect - [deb8cfa0-1a27-48b6-9eba-e220ce6c2974] --> PendingSignupCleanupService.deleteExpiredPendingSignups()
2026-06-20 06:28:51 [scheduling-1] DEBUG org.hibernate.SQL - 
    /* SELECT
        p 
    FROM
        PendingSignup p 
    WHERE
        p.expiryTime < :time */ select
            ps1_0.id,
            ps1_0.email,
            ps1_0.expiry_time,
            ps1_0.otp,
            ps1_0.password,
            ps1_0.username 
        from
            pending_signup ps1_0 
        where
            ps1_0.expiry_time<?
2026-06-20 06:28:51 [scheduling-1] INFO  c.p.b.m.aspect.LoggingAspect - [deb8cfa0-1a27-48b6-9eba-e220ce6c2974] <-- PendingSignupCleanupService.deleteExpiredPendingSignups() | timeMs=0
2026-06-20 06:29:51 [scheduling-1] INFO  c.p.b.m.aspect.LoggingAspect - [fd71029e-25c6-4c01-aacc-7df932a8f269] --> PendingSignupCleanupService.deleteExpiredPendingSignups()
2026-06-20 06:29:51 [scheduling-1] DEBUG org.hibernate.SQL - 
    /* SELECT
        p 
    FROM
        PendingSignup p 
    WHERE
        p.expiryTime < :time */ select
            ps1_0.id,
            ps1_0.email,
            ps1_0.expiry_time,
            ps1_0.otp,
            ps1_0.password,
            ps1_0.username 
        from
            pending_signup ps1_0 
        where
            ps1_0.expiry_time<?
2026-06-20 06:29:51 [scheduling-1] INFO  c.p.b.m.aspect.LoggingAspect - [fd71029e-25c6-4c01-aacc-7df932a8f269] <-- PendingSignupCleanupService.deleteExpiredPendingSignups() | timeMs=0
2026-06-20 06:30:51 [scheduling-1] INFO  c.p.b.m.aspect.LoggingAspect - [7cdacc4a-f95e-462c-bf58-3bb6b3271d04] --> PendingSignupCleanupService.deleteExpiredPendingSignups()
2026-06-20 06:30:51 [scheduling-1] DEBUG org.hibernate.SQL - 
    /* SELECT
        p 
    FROM
        PendingSignup p 
    WHERE
        p.expiryTime < :time */ select
            ps1_0.id,
            ps1_0.email,
            ps1_0.expiry_time,
            ps1_0.otp,
            ps1_0.password,
            ps1_0.username 
        from
            pending_signup ps1_0 
        where
            ps1_0.expiry_time<?
2026-06-20 06:30:51 [scheduling-1] INFO  c.p.b.m.aspect.LoggingAspect - [7cdacc4a-f95e-462c-bf58-3bb6b3271d04] <-- PendingSignupCleanupService.deleteExpiredPendingSignups() | timeMs=0
2026-06-20 06:31:51 [scheduling-1] INFO  c.p.b.m.aspect.LoggingAspect - [fe50805f-de7c-4c66-8903-b22455c6b1e4] --> PendingSignupCleanupService.deleteExpiredPendingSignups()
2026-06-20 06:31:51 [scheduling-1] DEBUG org.hibernate.SQL - 
    /* SELECT
        p 
    FROM
        PendingSignup p 
    WHERE
        p.expiryTime < :time */ select
            ps1_0.id,
            ps1_0.email,
            ps1_0.expiry_time,
            ps1_0.otp,
            ps1_0.password,
            ps1_0.username 
        from
            pending_signup ps1_0 
        where
            ps1_0.expiry_time<?
2026-06-20 06:31:51 [scheduling-1] INFO  c.p.b.m.aspect.LoggingAspect - [fe50805f-de7c-4c66-8903-b22455c6b1e4] <-- PendingSignupCleanupService.deleteExpiredPendingSignups() | timeMs=0
2026-06-20 06:32:51 [scheduling-1] INFO  c.p.b.m.aspect.LoggingAspect - [7ccd3ed6-0cd5-4534-a29c-80c16f68ea3c] --> PendingSignupCleanupService.deleteExpiredPendingSignups()
2026-06-20 06:32:51 [scheduling-1] DEBUG org.hibernate.SQL - 
    /* SELECT
        p 
    FROM
        PendingSignup p 
    WHERE
        p.expiryTime < :time */ select
            ps1_0.id,
            ps1_0.email,
            ps1_0.expiry_time,
            ps1_0.otp,
            ps1_0.password,
            ps1_0.username 
        from
            pending_signup ps1_0 
        where
            ps1_0.expiry_time<?
2026-06-20 06:32:51 [scheduling-1] INFO  c.p.b.m.aspect.LoggingAspect - [7ccd3ed6-0cd5-4534-a29c-80c16f68ea3c] <-- PendingSignupCleanupService.deleteExpiredPendingSignups() | timeMs=0
2026-06-20 06:33:51 [scheduling-1] INFO  c.p.b.m.aspect.LoggingAspect - [9d5349c3-153b-4e31-b5a0-47c70f2489f8] --> PendingSignupCleanupService.deleteExpiredPendingSignups()
2026-06-20 06:33:51 [scheduling-1] DEBUG org.hibernate.SQL - 
    /* SELECT
        p 
    FROM
        PendingSignup p 
    WHERE
        p.expiryTime < :time */ select
            ps1_0.id,
            ps1_0.email,
            ps1_0.expiry_time,
            ps1_0.otp,
            ps1_0.password,
            ps1_0.username 
        from
            pending_signup ps1_0 
        where
            ps1_0.expiry_time<?
2026-06-20 06:33:51 [scheduling-1] INFO  c.p.b.m.aspect.LoggingAspect - [9d5349c3-153b-4e31-b5a0-47c70f2489f8] <-- PendingSignupCleanupService.deleteExpiredPendingSignups() | timeMs=0
2026-06-20 06:34:51 [scheduling-1] INFO  c.p.b.m.aspect.LoggingAspect - [e8b5db88-c94c-468b-9bb5-39c017c792e7] --> PendingSignupCleanupService.deleteExpiredPendingSignups()
2026-06-20 06:34:51 [scheduling-1] DEBUG org.hibernate.SQL - 
    /* SELECT
        p 
    FROM
        PendingSignup p 
    WHERE
        p.expiryTime < :time */ select
            ps1_0.id,
            ps1_0.email,
            ps1_0.expiry_time,
            ps1_0.otp,
            ps1_0.password,
            ps1_0.username 
        from
            pending_signup ps1_0 
        where
            ps1_0.expiry_time<?
2026-06-20 06:34:51 [scheduling-1] INFO  c.p.b.m.aspect.LoggingAspect - [e8b5db88-c94c-468b-9bb5-39c017c792e7] <-- PendingSignupCleanupService.deleteExpiredPendingSignups() | timeMs=0
2026-06-20 06:35:51 [scheduling-1] INFO  c.p.b.m.aspect.LoggingAspect - [b7883430-cffe-4423-849c-e0c25eb54199] --> PendingSignupCleanupService.deleteExpiredPendingSignups()
2026-06-20 06:35:51 [scheduling-1] DEBUG org.hibernate.SQL - 
    /* SELECT
        p 
    FROM
        PendingSignup p 
    WHERE
        p.expiryTime < :time */ select
            ps1_0.id,
            ps1_0.email,
            ps1_0.expiry_time,
            ps1_0.otp,
            ps1_0.password,
            ps1_0.username 
        from
            pending_signup ps1_0 
        where
            ps1_0.expiry_time<?
2026-06-20 06:35:51 [scheduling-1] INFO  c.p.b.m.aspect.LoggingAspect - [b7883430-cffe-4423-849c-e0c25eb54199] <-- PendingSignupCleanupService.deleteExpiredPendingSignups() | timeMs=0
2026-06-20 06:36:51 [scheduling-1] INFO  c.p.b.m.aspect.LoggingAspect - [315e28af-7d00-4ead-8d74-d5dc11b72e5b] --> PendingSignupCleanupService.deleteExpiredPendingSignups()
2026-06-20 06:36:51 [scheduling-1] DEBUG org.hibernate.SQL - 
    /* SELECT
        p 
    FROM
        PendingSignup p 
    WHERE
        p.expiryTime < :time */ select
            ps1_0.id,
            ps1_0.email,
            ps1_0.expiry_time,
            ps1_0.otp,
            ps1_0.password,
            ps1_0.username 
        from
            pending_signup ps1_0 
        where
            ps1_0.expiry_time<?
2026-06-20 06:36:51 [scheduling-1] INFO  c.p.b.m.aspect.LoggingAspect - [315e28af-7d00-4ead-8d74-d5dc11b72e5b] <-- PendingSignupCleanupService.deleteExpiredPendingSignups() | timeMs=0
2026-06-20 06:37:51 [scheduling-1] INFO  c.p.b.m.aspect.LoggingAspect - [c71d241f-614d-4a66-b699-84eba98b514a] --> PendingSignupCleanupService.deleteExpiredPendingSignups()
2026-06-20 06:37:51 [scheduling-1] DEBUG org.hibernate.SQL - 
    /* SELECT
        p 
    FROM
        PendingSignup p 
    WHERE
        p.expiryTime < :time */ select
            ps1_0.id,
            ps1_0.email,
            ps1_0.expiry_time,
            ps1_0.otp,
            ps1_0.password,
            ps1_0.username 
        from
            pending_signup ps1_0 
        where
            ps1_0.expiry_time<?
2026-06-20 06:37:51 [scheduling-1] INFO  c.p.b.m.aspect.LoggingAspect - [c71d241f-614d-4a66-b699-84eba98b514a] <-- PendingSignupCleanupService.deleteExpiredPendingSignups() | timeMs=0
2026-06-20 06:38:51 [scheduling-1] INFO  c.p.b.m.aspect.LoggingAspect - [0fdf0096-0a3a-46c6-8519-be1a33ad2927] --> PendingSignupCleanupService.deleteExpiredPendingSignups()
2026-06-20 06:38:51 [scheduling-1] DEBUG org.hibernate.SQL - 
    /* SELECT
        p 
    FROM
        PendingSignup p 
    WHERE
        p.expiryTime < :time */ select
            ps1_0.id,
            ps1_0.email,
            ps1_0.expiry_time,
            ps1_0.otp,
            ps1_0.password,
            ps1_0.username 
        from
            pending_signup ps1_0 
        where
            ps1_0.expiry_time<?
2026-06-20 06:38:51 [scheduling-1] INFO  c.p.b.m.aspect.LoggingAspect - [0fdf0096-0a3a-46c6-8519-be1a33ad2927] <-- PendingSignupCleanupService.deleteExpiredPendingSignups() | timeMs=0
2026-06-20 06:39:51 [scheduling-1] INFO  c.p.b.m.aspect.LoggingAspect - [286fe3b6-d225-4e61-b2df-196c2c2cfbd4] --> PendingSignupCleanupService.deleteExpiredPendingSignups()
2026-06-20 06:39:51 [scheduling-1] DEBUG org.hibernate.SQL - 
    /* SELECT
        p 
    FROM
        PendingSignup p 
    WHERE
        p.expiryTime < :time */ select
            ps1_0.id,
            ps1_0.email,
            ps1_0.expiry_time,
            ps1_0.otp,
            ps1_0.password,
            ps1_0.username 
        from
            pending_signup ps1_0 
        where
            ps1_0.expiry_time<?
2026-06-20 06:39:51 [scheduling-1] INFO  c.p.b.m.aspect.LoggingAspect - [286fe3b6-d225-4e61-b2df-196c2c2cfbd4] <-- PendingSignupCleanupService.deleteExpiredPendingSignups() | timeMs=0
2026-06-20 06:40:51 [scheduling-1] INFO  c.p.b.m.aspect.LoggingAspect - [c294fbfb-5ef2-4f7b-abf8-388c2c2a40dc] --> PendingSignupCleanupService.deleteExpiredPendingSignups()
2026-06-20 06:40:51 [scheduling-1] DEBUG org.hibernate.SQL - 
    /* SELECT
        p 
    FROM
        PendingSignup p 
    WHERE
        p.expiryTime < :time */ select
            ps1_0.id,
            ps1_0.email,
            ps1_0.expiry_time,
            ps1_0.otp,
            ps1_0.password,
            ps1_0.username 
        from
            pending_signup ps1_0 
        where
            ps1_0.expiry_time<?
2026-06-20 06:40:51 [scheduling-1] INFO  c.p.b.m.aspect.LoggingAspect - [c294fbfb-5ef2-4f7b-abf8-388c2c2a40dc] <-- PendingSignupCleanupService.deleteExpiredPendingSignups() | timeMs=0
2026-06-20 06:41:51 [scheduling-1] INFO  c.p.b.m.aspect.LoggingAspect - [14e2c9f3-99bd-4ed2-bacc-11a8e2c5e0e0] --> PendingSignupCleanupService.deleteExpiredPendingSignups()
2026-06-20 06:41:51 [scheduling-1] DEBUG org.hibernate.SQL - 
    /* SELECT
        p 
    FROM
        PendingSignup p 
    WHERE
        p.expiryTime < :time */ select
            ps1_0.id,
            ps1_0.email,
            ps1_0.expiry_time,
            ps1_0.otp,
            ps1_0.password,
            ps1_0.username 
        from
            pending_signup ps1_0 
        where
            ps1_0.expiry_time<?
2026-06-20 06:41:51 [scheduling-1] INFO  c.p.b.m.aspect.LoggingAspect - [14e2c9f3-99bd-4ed2-bacc-11a8e2c5e0e0] <-- PendingSignupCleanupService.deleteExpiredPendingSignups() | timeMs=0
2026-06-20 06:42:51 [scheduling-1] INFO  c.p.b.m.aspect.LoggingAspect - [1241ced1-a85f-4556-b08a-95033b67e780] --> PendingSignupCleanupService.deleteExpiredPendingSignups()
2026-06-20 06:42:51 [scheduling-1] DEBUG org.hibernate.SQL - 
    /* SELECT
        p 
    FROM
        PendingSignup p 
    WHERE
        p.expiryTime < :time */ select
            ps1_0.id,
            ps1_0.email,
            ps1_0.expiry_time,
            ps1_0.otp,
            ps1_0.password,
            ps1_0.username 
        from
            pending_signup ps1_0 
        where
            ps1_0.expiry_time<?
2026-06-20 06:42:51 [scheduling-1] INFO  c.p.b.m.aspect.LoggingAspect - [1241ced1-a85f-4556-b08a-95033b67e780] <-- PendingSignupCleanupService.deleteExpiredPendingSignups() | timeMs=0
2026-06-20 06:43:51 [scheduling-1] INFO  c.p.b.m.aspect.LoggingAspect - [1536e9fc-d6f4-4484-83eb-92767fbd4690] --> PendingSignupCleanupService.deleteExpiredPendingSignups()
2026-06-20 06:43:51 [scheduling-1] DEBUG org.hibernate.SQL - 
    /* SELECT
        p 
    FROM
        PendingSignup p 
    WHERE
        p.expiryTime < :time */ select
            ps1_0.id,
            ps1_0.email,
            ps1_0.expiry_time,
            ps1_0.otp,
            ps1_0.password,
            ps1_0.username 
        from
            pending_signup ps1_0 
        where
            ps1_0.expiry_time<?
2026-06-20 06:43:51 [scheduling-1] INFO  c.p.b.m.aspect.LoggingAspect - [1536e9fc-d6f4-4484-83eb-92767fbd4690] <-- PendingSignupCleanupService.deleteExpiredPendingSignups() | timeMs=0
2026-06-20 06:44:51 [scheduling-1] INFO  c.p.b.m.aspect.LoggingAspect - [17636292-4610-40d0-a694-806f6d798e18] --> PendingSignupCleanupService.deleteExpiredPendingSignups()
2026-06-20 06:44:51 [scheduling-1] DEBUG org.hibernate.SQL - 
    /* SELECT
        p 
    FROM
        PendingSignup p 
    WHERE
        p.expiryTime < :time */ select
            ps1_0.id,
            ps1_0.email,
            ps1_0.expiry_time,
            ps1_0.otp,
            ps1_0.password,
            ps1_0.username 
        from
            pending_signup ps1_0 
        where
            ps1_0.expiry_time<?
2026-06-20 06:44:51 [scheduling-1] INFO  c.p.b.m.aspect.LoggingAspect - [17636292-4610-40d0-a694-806f6d798e18] <-- PendingSignupCleanupService.deleteExpiredPendingSignups() | timeMs=0
2026-06-20 06:45:51 [scheduling-1] INFO  c.p.b.m.aspect.LoggingAspect - [16e7b771-fa2e-4f97-9176-a63597dce021] --> PendingSignupCleanupService.deleteExpiredPendingSignups()
2026-06-20 06:45:51 [scheduling-1] DEBUG org.hibernate.SQL - 
    /* SELECT
        p 
    FROM
        PendingSignup p 
    WHERE
        p.expiryTime < :time */ select
            ps1_0.id,
            ps1_0.email,
            ps1_0.expiry_time,
            ps1_0.otp,
            ps1_0.password,
            ps1_0.username 
        from
            pending_signup ps1_0 
        where
            ps1_0.expiry_time<?
2026-06-20 06:45:51 [scheduling-1] INFO  c.p.b.m.aspect.LoggingAspect - [16e7b771-fa2e-4f97-9176-a63597dce021] <-- PendingSignupCleanupService.deleteExpiredPendingSignups() | timeMs=0
2026-06-20 06:46:51 [scheduling-1] INFO  c.p.b.m.aspect.LoggingAspect - [1cfd29d9-27fa-4cf1-88ef-2e38c443dd2a] --> PendingSignupCleanupService.deleteExpiredPendingSignups()
2026-06-20 06:46:51 [scheduling-1] DEBUG org.hibernate.SQL - 
    /* SELECT
        p 
    FROM
        PendingSignup p 
    WHERE
        p.expiryTime < :time */ select
            ps1_0.id,
            ps1_0.email,
            ps1_0.expiry_time,
            ps1_0.otp,
            ps1_0.password,
            ps1_0.username 
        from
            pending_signup ps1_0 
        where
            ps1_0.expiry_time<?
2026-06-20 06:46:51 [scheduling-1] INFO  c.p.b.m.aspect.LoggingAspect - [1cfd29d9-27fa-4cf1-88ef-2e38c443dd2a] <-- PendingSignupCleanupService.deleteExpiredPendingSignups() | timeMs=0
2026-06-20 06:47:51 [scheduling-1] INFO  c.p.b.m.aspect.LoggingAspect - [2b211b18-aa6d-4113-99d4-84b6555ed51c] --> PendingSignupCleanupService.deleteExpiredPendingSignups()
2026-06-20 06:47:51 [scheduling-1] DEBUG org.hibernate.SQL - 
    /* SELECT
        p 
    FROM
        PendingSignup p 
    WHERE
        p.expiryTime < :time */ select
            ps1_0.id,
            ps1_0.email,
            ps1_0.expiry_time,
            ps1_0.otp,
            ps1_0.password,
            ps1_0.username 
        from
            pending_signup ps1_0 
        where
            ps1_0.expiry_time<?
2026-06-20 06:47:51 [scheduling-1] INFO  c.p.b.m.aspect.LoggingAspect - [2b211b18-aa6d-4113-99d4-84b6555ed51c] <-- PendingSignupCleanupService.deleteExpiredPendingSignups() | timeMs=0
2026-06-20 06:48:51 [scheduling-1] INFO  c.p.b.m.aspect.LoggingAspect - [53848b8d-12bf-4c1e-a6ca-b204e83cd490] --> PendingSignupCleanupService.deleteExpiredPendingSignups()
2026-06-20 06:48:51 [scheduling-1] DEBUG org.hibernate.SQL - 
    /* SELECT
        p 
    FROM
        PendingSignup p 
    WHERE
        p.expiryTime < :time */ select
            ps1_0.id,
            ps1_0.email,
            ps1_0.expiry_time,
            ps1_0.otp,
            ps1_0.password,
            ps1_0.username 
        from
            pending_signup ps1_0 
        where
            ps1_0.expiry_time<?
2026-06-20 06:48:51 [scheduling-1] INFO  c.p.b.m.aspect.LoggingAspect - [53848b8d-12bf-4c1e-a6ca-b204e83cd490] <-- PendingSignupCleanupService.deleteExpiredPendingSignups() | timeMs=0
2026-06-20 06:49:51 [scheduling-1] INFO  c.p.b.m.aspect.LoggingAspect - [d8b7c6ca-04fd-4bbb-b998-3e6e026dfdf6] --> PendingSignupCleanupService.deleteExpiredPendingSignups()
2026-06-20 06:49:51 [scheduling-1] DEBUG org.hibernate.SQL - 
    /* SELECT
        p 
    FROM
        PendingSignup p 
    WHERE
        p.expiryTime < :time */ select
            ps1_0.id,
            ps1_0.email,
            ps1_0.expiry_time,
            ps1_0.otp,
            ps1_0.password,
            ps1_0.username 
        from
            pending_signup ps1_0 
        where
            ps1_0.expiry_time<?
2026-06-20 06:49:51 [scheduling-1] INFO  c.p.b.m.aspect.LoggingAspect - [d8b7c6ca-04fd-4bbb-b998-3e6e026dfdf6] <-- PendingSignupCleanupService.deleteExpiredPendingSignups() | timeMs=0
2026-06-20 06:50:51 [scheduling-1] INFO  c.p.b.m.aspect.LoggingAspect - [6920627a-4a2f-4853-aff7-c12d399225bf] --> PendingSignupCleanupService.deleteExpiredPendingSignups()
2026-06-20 06:50:51 [scheduling-1] DEBUG org.hibernate.SQL - 
    /* SELECT
        p 
    FROM
        PendingSignup p 
    WHERE
        p.expiryTime < :time */ select
            ps1_0.id,
            ps1_0.email,
            ps1_0.expiry_time,
            ps1_0.otp,
            ps1_0.password,
            ps1_0.username 
        from
            pending_signup ps1_0 
        where
            ps1_0.expiry_time<?
2026-06-20 06:50:51 [scheduling-1] INFO  c.p.b.m.aspect.LoggingAspect - [6920627a-4a2f-4853-aff7-c12d399225bf] <-- PendingSignupCleanupService.deleteExpiredPendingSignups() | timeMs=0
2026-06-20 06:51:51 [scheduling-1] INFO  c.p.b.m.aspect.LoggingAspect - [7768b016-330d-4a2f-a44c-4493b944ec10] --> PendingSignupCleanupService.deleteExpiredPendingSignups()
2026-06-20 06:51:51 [scheduling-1] DEBUG org.hibernate.SQL - 
    /* SELECT
        p 
    FROM
        PendingSignup p 
    WHERE
        p.expiryTime < :time */ select
            ps1_0.id,
            ps1_0.email,
            ps1_0.expiry_time,
            ps1_0.otp,
            ps1_0.password,
            ps1_0.username 
        from
            pending_signup ps1_0 
        where
            ps1_0.expiry_time<?
2026-06-20 06:51:51 [scheduling-1] INFO  c.p.b.m.aspect.LoggingAspect - [7768b016-330d-4a2f-a44c-4493b944ec10] <-- PendingSignupCleanupService.deleteExpiredPendingSignups() | timeMs=0
2026-06-20 06:52:51 [scheduling-1] INFO  c.p.b.m.aspect.LoggingAspect - [18dc176e-adb1-4db2-b1bb-40b0b07da856] --> PendingSignupCleanupService.deleteExpiredPendingSignups()
2026-06-20 06:52:51 [scheduling-1] DEBUG org.hibernate.SQL - 
    /* SELECT
        p 
    FROM
        PendingSignup p 
    WHERE
        p.expiryTime < :time */ select
            ps1_0.id,
            ps1_0.email,
            ps1_0.expiry_time,
            ps1_0.otp,
            ps1_0.password,
            ps1_0.username 
        from
            pending_signup ps1_0 
        where
            ps1_0.expiry_time<?
2026-06-20 06:52:51 [scheduling-1] INFO  c.p.b.m.aspect.LoggingAspect - [18dc176e-adb1-4db2-b1bb-40b0b07da856] <-- PendingSignupCleanupService.deleteExpiredPendingSignups() | timeMs=1
2026-06-20 06:53:51 [scheduling-1] INFO  c.p.b.m.aspect.LoggingAspect - [4ee53f5c-e359-4537-a1d7-6bf47bbe80f8] --> PendingSignupCleanupService.deleteExpiredPendingSignups()
2026-06-20 06:53:51 [scheduling-1] DEBUG org.hibernate.SQL - 
    /* SELECT
        p 
    FROM
        PendingSignup p 
    WHERE
        p.expiryTime < :time */ select
            ps1_0.id,
            ps1_0.email,
            ps1_0.expiry_time,
            ps1_0.otp,
            ps1_0.password,
            ps1_0.username 
        from
            pending_signup ps1_0 
        where
            ps1_0.expiry_time<?
2026-06-20 06:53:51 [scheduling-1] INFO  c.p.b.m.aspect.LoggingAspect - [4ee53f5c-e359-4537-a1d7-6bf47bbe80f8] <-- PendingSignupCleanupService.deleteExpiredPendingSignups() | timeMs=0
2026-06-20 06:54:51 [scheduling-1] INFO  c.p.b.m.aspect.LoggingAspect - [74d59e5e-a681-4795-8efa-28d47d283d80] --> PendingSignupCleanupService.deleteExpiredPendingSignups()
2026-06-20 06:54:51 [scheduling-1] DEBUG org.hibernate.SQL - 
    /* SELECT
        p 
    FROM
        PendingSignup p 
    WHERE
        p.expiryTime < :time */ select
            ps1_0.id,
            ps1_0.email,
            ps1_0.expiry_time,
            ps1_0.otp,
            ps1_0.password,
            ps1_0.username 
        from
            pending_signup ps1_0 
        where
            ps1_0.expiry_time<?
2026-06-20 06:54:51 [scheduling-1] INFO  c.p.b.m.aspect.LoggingAspect - [74d59e5e-a681-4795-8efa-28d47d283d80] <-- PendingSignupCleanupService.deleteExpiredPendingSignups() | timeMs=0
2026-06-20 06:55:51 [scheduling-1] INFO  c.p.b.m.aspect.LoggingAspect - [3a21ac37-3dcf-4bc3-8faf-c089d1faec92] --> PendingSignupCleanupService.deleteExpiredPendingSignups()
2026-06-20 06:55:51 [scheduling-1] DEBUG org.hibernate.SQL - 
    /* SELECT
        p 
    FROM
        PendingSignup p 
    WHERE
        p.expiryTime < :time */ select
            ps1_0.id,
            ps1_0.email,
            ps1_0.expiry_time,
            ps1_0.otp,
            ps1_0.password,
            ps1_0.username 
        from
            pending_signup ps1_0 
        where
            ps1_0.expiry_time<?
2026-06-20 06:55:51 [scheduling-1] INFO  c.p.b.m.aspect.LoggingAspect - [3a21ac37-3dcf-4bc3-8faf-c089d1faec92] <-- PendingSignupCleanupService.deleteExpiredPendingSignups() | timeMs=0
2026-06-20 06:56:51 [scheduling-1] INFO  c.p.b.m.aspect.LoggingAspect - [4f43ca1f-0187-4541-9577-e51c874cf989] --> PendingSignupCleanupService.deleteExpiredPendingSignups()
2026-06-20 06:56:51 [scheduling-1] DEBUG org.hibernate.SQL - 
    /* SELECT
        p 
    FROM
        PendingSignup p 
    WHERE
        p.expiryTime < :time */ select
            ps1_0.id,
            ps1_0.email,
            ps1_0.expiry_time,
            ps1_0.otp,
            ps1_0.password,
            ps1_0.username 
        from
            pending_signup ps1_0 
        where
            ps1_0.expiry_time<?
2026-06-20 06:56:51 [scheduling-1] INFO  c.p.b.m.aspect.LoggingAspect - [4f43ca1f-0187-4541-9577-e51c874cf989] <-- PendingSignupCleanupService.deleteExpiredPendingSignups() | timeMs=0
2026-06-20 06:57:51 [scheduling-1] INFO  c.p.b.m.aspect.LoggingAspect - [480b4441-00a4-4160-ac25-2a413736924f] --> PendingSignupCleanupService.deleteExpiredPendingSignups()
2026-06-20 06:57:51 [scheduling-1] DEBUG org.hibernate.SQL - 
    /* SELECT
        p 
    FROM
        PendingSignup p 
    WHERE
        p.expiryTime < :time */ select
            ps1_0.id,
            ps1_0.email,
            ps1_0.expiry_time,
            ps1_0.otp,
            ps1_0.password,
            ps1_0.username 
        from
            pending_signup ps1_0 
        where
            ps1_0.expiry_time<?
2026-06-20 06:57:51 [scheduling-1] INFO  c.p.b.m.aspect.LoggingAspect - [480b4441-00a4-4160-ac25-2a413736924f] <-- PendingSignupCleanupService.deleteExpiredPendingSignups() | timeMs=0
2026-06-20 06:58:51 [scheduling-1] INFO  c.p.b.m.aspect.LoggingAspect - [593fa187-be48-4fd3-988e-2d44ed759bf0] --> PendingSignupCleanupService.deleteExpiredPendingSignups()
2026-06-20 06:58:51 [scheduling-1] DEBUG org.hibernate.SQL - 
    /* SELECT
        p 
    FROM
        PendingSignup p 
    WHERE
        p.expiryTime < :time */ select
            ps1_0.id,
            ps1_0.email,
            ps1_0.expiry_time,
            ps1_0.otp,
            ps1_0.password,
            ps1_0.username 
        from
            pending_signup ps1_0 
        where
            ps1_0.expiry_time<?
2026-06-20 06:58:51 [scheduling-1] INFO  c.p.b.m.aspect.LoggingAspect - [593fa187-be48-4fd3-988e-2d44ed759bf0] <-- PendingSignupCleanupService.deleteExpiredPendingSignups() | timeMs=0
2026-06-20 06:59:51 [scheduling-1] INFO  c.p.b.m.aspect.LoggingAspect - [55298607-0935-4776-a75a-609d18b3d4d2] --> PendingSignupCleanupService.deleteExpiredPendingSignups()
2026-06-20 06:59:51 [scheduling-1] DEBUG org.hibernate.SQL - 
    /* SELECT
        p 
    FROM
        PendingSignup p 
    WHERE
        p.expiryTime < :time */ select
            ps1_0.id,
            ps1_0.email,
            ps1_0.expiry_time,
            ps1_0.otp,
            ps1_0.password,
            ps1_0.username 
        from
            pending_signup ps1_0 
        where
            ps1_0.expiry_time<?
2026-06-20 06:59:51 [scheduling-1] INFO  c.p.b.m.aspect.LoggingAspect - [55298607-0935-4776-a75a-609d18b3d4d2] <-- PendingSignupCleanupService.deleteExpiredPendingSignups() | timeMs=0
2026-06-20 07:00:51 [scheduling-1] INFO  c.p.b.m.aspect.LoggingAspect - [d22ce976-4cf2-4409-a24d-deb2c7c20281] --> PendingSignupCleanupService.deleteExpiredPendingSignups()
2026-06-20 07:00:51 [scheduling-1] DEBUG org.hibernate.SQL - 
    /* SELECT
        p 
    FROM
        PendingSignup p 
    WHERE
        p.expiryTime < :time */ select
            ps1_0.id,
            ps1_0.email,
            ps1_0.expiry_time,
            ps1_0.otp,
            ps1_0.password,
            ps1_0.username 
        from
            pending_signup ps1_0 
        where
            ps1_0.expiry_time<?
2026-06-20 07:00:51 [scheduling-1] INFO  c.p.b.m.aspect.LoggingAspect - [d22ce976-4cf2-4409-a24d-deb2c7c20281] <-- PendingSignupCleanupService.deleteExpiredPendingSignups() | timeMs=0
2026-06-20 07:01:51 [scheduling-1] INFO  c.p.b.m.aspect.LoggingAspect - [5b347f7a-05eb-478b-807d-65c78bebe9d9] --> PendingSignupCleanupService.deleteExpiredPendingSignups()
2026-06-20 07:01:51 [scheduling-1] DEBUG org.hibernate.SQL - 
    /* SELECT
        p 
    FROM
        PendingSignup p 
    WHERE
        p.expiryTime < :time */ select
            ps1_0.id,
            ps1_0.email,
            ps1_0.expiry_time,
            ps1_0.otp,
            ps1_0.password,
            ps1_0.username 
        from
            pending_signup ps1_0 
        where
            ps1_0.expiry_time<?
2026-06-20 07:01:51 [scheduling-1] INFO  c.p.b.m.aspect.LoggingAspect - [5b347f7a-05eb-478b-807d-65c78bebe9d9] <-- PendingSignupCleanupService.deleteExpiredPendingSignups() | timeMs=0
2026-06-20 07:02:51 [scheduling-1] INFO  c.p.b.m.aspect.LoggingAspect - [35707be8-88fc-4f7d-92b7-47926bfc21f9] --> PendingSignupCleanupService.deleteExpiredPendingSignups()
2026-06-20 07:02:51 [scheduling-1] DEBUG org.hibernate.SQL - 
    /* SELECT
        p 
    FROM
        PendingSignup p 
    WHERE
        p.expiryTime < :time */ select
            ps1_0.id,
            ps1_0.email,
            ps1_0.expiry_time,
            ps1_0.otp,
            ps1_0.password,
            ps1_0.username 
        from
            pending_signup ps1_0 
        where
            ps1_0.expiry_time<?
2026-06-20 07:02:51 [scheduling-1] INFO  c.p.b.m.aspect.LoggingAspect - [35707be8-88fc-4f7d-92b7-47926bfc21f9] <-- PendingSignupCleanupService.deleteExpiredPendingSignups() | timeMs=0
2026-06-20 07:03:51 [scheduling-1] INFO  c.p.b.m.aspect.LoggingAspect - [9d945d5d-ad75-4460-a313-c30547bd22b5] --> PendingSignupCleanupService.deleteExpiredPendingSignups()
2026-06-20 07:03:51 [scheduling-1] DEBUG org.hibernate.SQL - 
    /* SELECT
        p 
    FROM
        PendingSignup p 
    WHERE
        p.expiryTime < :time */ select
            ps1_0.id,
            ps1_0.email,
            ps1_0.expiry_time,
            ps1_0.otp,
            ps1_0.password,
            ps1_0.username 
        from
            pending_signup ps1_0 
        where
            ps1_0.expiry_time<?
2026-06-20 07:03:51 [scheduling-1] INFO  c.p.b.m.aspect.LoggingAspect - [9d945d5d-ad75-4460-a313-c30547bd22b5] <-- PendingSignupCleanupService.deleteExpiredPendingSignups() | timeMs=0
2026-06-20 07:04:51 [scheduling-1] INFO  c.p.b.m.aspect.LoggingAspect - [201c14d2-82ef-41ea-87c5-31ef8c950d2f] --> PendingSignupCleanupService.deleteExpiredPendingSignups()
2026-06-20 07:04:51 [scheduling-1] DEBUG org.hibernate.SQL - 
    /* SELECT
        p 
    FROM
        PendingSignup p 
    WHERE
        p.expiryTime < :time */ select
            ps1_0.id,
            ps1_0.email,
            ps1_0.expiry_time,
            ps1_0.otp,
            ps1_0.password,
            ps1_0.username 
        from
            pending_signup ps1_0 
        where
            ps1_0.expiry_time<?
2026-06-20 07:04:51 [scheduling-1] INFO  c.p.b.m.aspect.LoggingAspect - [201c14d2-82ef-41ea-87c5-31ef8c950d2f] <-- PendingSignupCleanupService.deleteExpiredPendingSignups() | timeMs=1
2026-06-20 07:05:51 [scheduling-1] INFO  c.p.b.m.aspect.LoggingAspect - [4e579397-4cc9-4b41-af96-af2dd8a9fb76] --> PendingSignupCleanupService.deleteExpiredPendingSignups()
2026-06-20 07:05:51 [scheduling-1] DEBUG org.hibernate.SQL - 
    /* SELECT
        p 
    FROM
        PendingSignup p 
    WHERE
        p.expiryTime < :time */ select
            ps1_0.id,
            ps1_0.email,
            ps1_0.expiry_time,
            ps1_0.otp,
            ps1_0.password,
            ps1_0.username 
        from
            pending_signup ps1_0 
        where
            ps1_0.expiry_time<?
2026-06-20 07:05:51 [scheduling-1] INFO  c.p.b.m.aspect.LoggingAspect - [4e579397-4cc9-4b41-af96-af2dd8a9fb76] <-- PendingSignupCleanupService.deleteExpiredPendingSignups() | timeMs=0
2026-06-20 07:06:51 [scheduling-1] INFO  c.p.b.m.aspect.LoggingAspect - [94a4445a-6d0b-4eea-ba6a-53d57a945b4d] --> PendingSignupCleanupService.deleteExpiredPendingSignups()
2026-06-20 07:06:51 [scheduling-1] DEBUG org.hibernate.SQL - 
    /* SELECT
        p 
    FROM
        PendingSignup p 
    WHERE
        p.expiryTime < :time */ select
            ps1_0.id,
            ps1_0.email,
            ps1_0.expiry_time,
            ps1_0.otp,
            ps1_0.password,
            ps1_0.username 
        from
            pending_signup ps1_0 
        where
            ps1_0.expiry_time<?
2026-06-20 07:06:51 [scheduling-1] INFO  c.p.b.m.aspect.LoggingAspect - [94a4445a-6d0b-4eea-ba6a-53d57a945b4d] <-- PendingSignupCleanupService.deleteExpiredPendingSignups() | timeMs=0
2026-06-20 07:07:51 [scheduling-1] INFO  c.p.b.m.aspect.LoggingAspect - [5b8405e4-def1-40dd-a8a2-864e2303a136] --> PendingSignupCleanupService.deleteExpiredPendingSignups()
2026-06-20 07:07:51 [scheduling-1] DEBUG org.hibernate.SQL - 
    /* SELECT
        p 
    FROM
        PendingSignup p 
    WHERE
        p.expiryTime < :time */ select
            ps1_0.id,
            ps1_0.email,
            ps1_0.expiry_time,
            ps1_0.otp,
            ps1_0.password,
            ps1_0.username 
        from
            pending_signup ps1_0 
        where
            ps1_0.expiry_time<?
2026-06-20 07:07:51 [scheduling-1] INFO  c.p.b.m.aspect.LoggingAspect - [5b8405e4-def1-40dd-a8a2-864e2303a136] <-- PendingSignupCleanupService.deleteExpiredPendingSignups() | timeMs=0
2026-06-20 07:08:51 [scheduling-1] INFO  c.p.b.m.aspect.LoggingAspect - [edcf7220-f28d-436c-93a6-b9a07fa2f76a] --> PendingSignupCleanupService.deleteExpiredPendingSignups()
2026-06-20 07:08:51 [scheduling-1] DEBUG org.hibernate.SQL - 
    /* SELECT
        p 
    FROM
        PendingSignup p 
    WHERE
        p.expiryTime < :time */ select
            ps1_0.id,
            ps1_0.email,
            ps1_0.expiry_time,
            ps1_0.otp,
            ps1_0.password,
            ps1_0.username 
        from
            pending_signup ps1_0 
        where
            ps1_0.expiry_time<?
2026-06-20 07:08:51 [scheduling-1] INFO  c.p.b.m.aspect.LoggingAspect - [edcf7220-f28d-436c-93a6-b9a07fa2f76a] <-- PendingSignupCleanupService.deleteExpiredPendingSignups() | timeMs=0
2026-06-20 07:09:51 [scheduling-1] INFO  c.p.b.m.aspect.LoggingAspect - [1b48b0ed-c90e-4738-a7da-49a5acf09323] --> PendingSignupCleanupService.deleteExpiredPendingSignups()
2026-06-20 07:09:51 [scheduling-1] DEBUG org.hibernate.SQL - 
    /* SELECT
        p 
    FROM
        PendingSignup p 
    WHERE
        p.expiryTime < :time */ select
            ps1_0.id,
            ps1_0.email,
            ps1_0.expiry_time,
            ps1_0.otp,
            ps1_0.password,
            ps1_0.username 
        from
            pending_signup ps1_0 
        where
            ps1_0.expiry_time<?
2026-06-20 07:09:51 [scheduling-1] INFO  c.p.b.m.aspect.LoggingAspect - [1b48b0ed-c90e-4738-a7da-49a5acf09323] <-- PendingSignupCleanupService.deleteExpiredPendingSignups() | timeMs=0
2026-06-20 07:10:51 [scheduling-1] INFO  c.p.b.m.aspect.LoggingAspect - [b21eee45-803c-4caf-8418-05124ef76ffb] --> PendingSignupCleanupService.deleteExpiredPendingSignups()
2026-06-20 07:10:51 [scheduling-1] DEBUG org.hibernate.SQL - 
    /* SELECT
        p 
    FROM
        PendingSignup p 
    WHERE
        p.expiryTime < :time */ select
            ps1_0.id,
            ps1_0.email,
            ps1_0.expiry_time,
            ps1_0.otp,
            ps1_0.password,
            ps1_0.username 
        from
            pending_signup ps1_0 
        where
            ps1_0.expiry_time<?
2026-06-20 07:10:51 [scheduling-1] INFO  c.p.b.m.aspect.LoggingAspect - [b21eee45-803c-4caf-8418-05124ef76ffb] <-- PendingSignupCleanupService.deleteExpiredPendingSignups() | timeMs=0
2026-06-20 07:11:51 [scheduling-1] INFO  c.p.b.m.aspect.LoggingAspect - [ae2a9592-1f67-4e36-b4c6-946d26c3b228] --> PendingSignupCleanupService.deleteExpiredPendingSignups()
2026-06-20 07:11:51 [scheduling-1] DEBUG org.hibernate.SQL - 
    /* SELECT
        p 
    FROM
        PendingSignup p 
    WHERE
        p.expiryTime < :time */ select
            ps1_0.id,
            ps1_0.email,
            ps1_0.expiry_time,
            ps1_0.otp,
            ps1_0.password,
            ps1_0.username 
        from
            pending_signup ps1_0 
        where
            ps1_0.expiry_time<?
2026-06-20 07:11:51 [scheduling-1] INFO  c.p.b.m.aspect.LoggingAspect - [ae2a9592-1f67-4e36-b4c6-946d26c3b228] <-- PendingSignupCleanupService.deleteExpiredPendingSignups() | timeMs=0
2026-06-20 07:12:51 [scheduling-1] INFO  c.p.b.m.aspect.LoggingAspect - [7078ba9c-fdaa-4a61-a73d-b8e89e12d996] --> PendingSignupCleanupService.deleteExpiredPendingSignups()
2026-06-20 07:12:51 [scheduling-1] DEBUG org.hibernate.SQL - 
    /* SELECT
        p 
    FROM
        PendingSignup p 
    WHERE
        p.expiryTime < :time */ select
            ps1_0.id,
            ps1_0.email,
            ps1_0.expiry_time,
            ps1_0.otp,
            ps1_0.password,
            ps1_0.username 
        from
            pending_signup ps1_0 
        where
            ps1_0.expiry_time<?
2026-06-20 07:12:51 [scheduling-1] INFO  c.p.b.m.aspect.LoggingAspect - [7078ba9c-fdaa-4a61-a73d-b8e89e12d996] <-- PendingSignupCleanupService.deleteExpiredPendingSignups() | timeMs=1
2026-06-20 07:13:51 [scheduling-1] INFO  c.p.b.m.aspect.LoggingAspect - [73a5e5de-0d6c-4624-96a0-84685d222b8f] --> PendingSignupCleanupService.deleteExpiredPendingSignups()
2026-06-20 07:13:51 [scheduling-1] DEBUG org.hibernate.SQL - 
    /* SELECT
        p 
    FROM
        PendingSignup p 
    WHERE
        p.expiryTime < :time */ select
            ps1_0.id,
            ps1_0.email,
            ps1_0.expiry_time,
            ps1_0.otp,
            ps1_0.password,
            ps1_0.username 
        from
            pending_signup ps1_0 
        where
            ps1_0.expiry_time<?
2026-06-20 07:13:51 [scheduling-1] INFO  c.p.b.m.aspect.LoggingAspect - [73a5e5de-0d6c-4624-96a0-84685d222b8f] <-- PendingSignupCleanupService.deleteExpiredPendingSignups() | timeMs=1
2026-06-20 07:14:51 [scheduling-1] INFO  c.p.b.m.aspect.LoggingAspect - [45a16aa7-7a25-4ad6-bb0e-864f787c1e11] --> PendingSignupCleanupService.deleteExpiredPendingSignups()
2026-06-20 07:14:51 [scheduling-1] DEBUG org.hibernate.SQL - 
    /* SELECT
        p 
    FROM
        PendingSignup p 
    WHERE
        p.expiryTime < :time */ select
            ps1_0.id,
            ps1_0.email,
            ps1_0.expiry_time,
            ps1_0.otp,
            ps1_0.password,
            ps1_0.username 
        from
            pending_signup ps1_0 
        where
            ps1_0.expiry_time<?
2026-06-20 07:14:51 [scheduling-1] INFO  c.p.b.m.aspect.LoggingAspect - [45a16aa7-7a25-4ad6-bb0e-864f787c1e11] <-- PendingSignupCleanupService.deleteExpiredPendingSignups() | timeMs=0
2026-06-20 07:15:51 [scheduling-1] INFO  c.p.b.m.aspect.LoggingAspect - [bbe7bc25-4ec9-4ee1-bd1d-6de84b6ef4ea] --> PendingSignupCleanupService.deleteExpiredPendingSignups()
2026-06-20 07:15:51 [scheduling-1] DEBUG org.hibernate.SQL - 
    /* SELECT
        p 
    FROM
        PendingSignup p 
    WHERE
        p.expiryTime < :time */ select
            ps1_0.id,
            ps1_0.email,
            ps1_0.expiry_time,
            ps1_0.otp,
            ps1_0.password,
            ps1_0.username 
        from
            pending_signup ps1_0 
        where
            ps1_0.expiry_time<?
2026-06-20 07:15:51 [scheduling-1] INFO  c.p.b.m.aspect.LoggingAspect - [bbe7bc25-4ec9-4ee1-bd1d-6de84b6ef4ea] <-- PendingSignupCleanupService.deleteExpiredPendingSignups() | timeMs=0
2026-06-20 07:16:51 [scheduling-1] INFO  c.p.b.m.aspect.LoggingAspect - [29423cee-3249-43ca-81bb-c09bf499a80e] --> PendingSignupCleanupService.deleteExpiredPendingSignups()
2026-06-20 07:16:51 [scheduling-1] DEBUG org.hibernate.SQL - 
    /* SELECT
        p 
    FROM
        PendingSignup p 
    WHERE
        p.expiryTime < :time */ select
            ps1_0.id,
            ps1_0.email,
            ps1_0.expiry_time,
            ps1_0.otp,
            ps1_0.password,
            ps1_0.username 
        from
            pending_signup ps1_0 
        where
            ps1_0.expiry_time<?
2026-06-20 07:16:51 [scheduling-1] INFO  c.p.b.m.aspect.LoggingAspect - [29423cee-3249-43ca-81bb-c09bf499a80e] <-- PendingSignupCleanupService.deleteExpiredPendingSignups() | timeMs=0
2026-06-20 07:17:51 [scheduling-1] INFO  c.p.b.m.aspect.LoggingAspect - [c41793bf-c295-40dc-b48e-6634075fff82] --> PendingSignupCleanupService.deleteExpiredPendingSignups()
2026-06-20 07:17:51 [scheduling-1] DEBUG org.hibernate.SQL - 
    /* SELECT
        p 
    FROM
        PendingSignup p 
    WHERE
        p.expiryTime < :time */ select
            ps1_0.id,
            ps1_0.email,
            ps1_0.expiry_time,
            ps1_0.otp,
            ps1_0.password,
            ps1_0.username 
        from
            pending_signup ps1_0 
        where
            ps1_0.expiry_time<?
2026-06-20 07:17:51 [scheduling-1] INFO  c.p.b.m.aspect.LoggingAspect - [c41793bf-c295-40dc-b48e-6634075fff82] <-- PendingSignupCleanupService.deleteExpiredPendingSignups() | timeMs=0
2026-06-20 07:18:51 [scheduling-1] INFO  c.p.b.m.aspect.LoggingAspect - [e4d936bd-9224-43dd-a098-cc143a1e8e2c] --> PendingSignupCleanupService.deleteExpiredPendingSignups()
2026-06-20 07:18:51 [scheduling-1] DEBUG org.hibernate.SQL - 
    /* SELECT
        p 
    FROM
        PendingSignup p 
    WHERE
        p.expiryTime < :time */ select
            ps1_0.id,
            ps1_0.email,
            ps1_0.expiry_time,
            ps1_0.otp,
            ps1_0.password,
            ps1_0.username 
        from
            pending_signup ps1_0 
        where
            ps1_0.expiry_time<?
2026-06-20 07:18:51 [scheduling-1] INFO  c.p.b.m.aspect.LoggingAspect - [e4d936bd-9224-43dd-a098-cc143a1e8e2c] <-- PendingSignupCleanupService.deleteExpiredPendingSignups() | timeMs=1
2026-06-20 07:19:51 [scheduling-1] INFO  c.p.b.m.aspect.LoggingAspect - [9af39512-09f7-486f-83db-d365db13ec25] --> PendingSignupCleanupService.deleteExpiredPendingSignups()
2026-06-20 07:19:51 [scheduling-1] DEBUG org.hibernate.SQL - 
    /* SELECT
        p 
    FROM
        PendingSignup p 
    WHERE
        p.expiryTime < :time */ select
            ps1_0.id,
            ps1_0.email,
            ps1_0.expiry_time,
            ps1_0.otp,
            ps1_0.password,
            ps1_0.username 
        from
            pending_signup ps1_0 
        where
            ps1_0.expiry_time<?
2026-06-20 07:19:51 [scheduling-1] INFO  c.p.b.m.aspect.LoggingAspect - [9af39512-09f7-486f-83db-d365db13ec25] <-- PendingSignupCleanupService.deleteExpiredPendingSignups() | timeMs=1
2026-06-20 07:20:51 [scheduling-1] INFO  c.p.b.m.aspect.LoggingAspect - [7579a850-b47f-4aaf-9632-6f4dec69fe8c] --> PendingSignupCleanupService.deleteExpiredPendingSignups()
2026-06-20 07:20:51 [scheduling-1] DEBUG org.hibernate.SQL - 
    /* SELECT
        p 
    FROM
        PendingSignup p 
    WHERE
        p.expiryTime < :time */ select
            ps1_0.id,
            ps1_0.email,
            ps1_0.expiry_time,
            ps1_0.otp,
            ps1_0.password,
            ps1_0.username 
        from
            pending_signup ps1_0 
        where
            ps1_0.expiry_time<?
2026-06-20 07:20:51 [scheduling-1] INFO  c.p.b.m.aspect.LoggingAspect - [7579a850-b47f-4aaf-9632-6f4dec69fe8c] <-- PendingSignupCleanupService.deleteExpiredPendingSignups() | timeMs=0
2026-06-20 07:21:51 [scheduling-1] INFO  c.p.b.m.aspect.LoggingAspect - [bfadf176-2a28-41e8-b4bd-fce7468c9a28] --> PendingSignupCleanupService.deleteExpiredPendingSignups()
2026-06-20 07:21:51 [scheduling-1] DEBUG org.hibernate.SQL - 
    /* SELECT
        p 
    FROM
        PendingSignup p 
    WHERE
        p.expiryTime < :time */ select
            ps1_0.id,
            ps1_0.email,
            ps1_0.expiry_time,
            ps1_0.otp,
            ps1_0.password,
            ps1_0.username 
        from
            pending_signup ps1_0 
        where
            ps1_0.expiry_time<?
2026-06-20 07:21:51 [scheduling-1] INFO  c.p.b.m.aspect.LoggingAspect - [bfadf176-2a28-41e8-b4bd-fce7468c9a28] <-- PendingSignupCleanupService.deleteExpiredPendingSignups() | timeMs=0
2026-06-20 07:22:51 [scheduling-1] INFO  c.p.b.m.aspect.LoggingAspect - [d5b9e6d2-eadb-45d7-8b0e-fe5a9d27a347] --> PendingSignupCleanupService.deleteExpiredPendingSignups()
2026-06-20 07:22:51 [scheduling-1] DEBUG org.hibernate.SQL - 
    /* SELECT
        p 
    FROM
        PendingSignup p 
    WHERE
        p.expiryTime < :time */ select
            ps1_0.id,
            ps1_0.email,
            ps1_0.expiry_time,
            ps1_0.otp,
            ps1_0.password,
            ps1_0.username 
        from
            pending_signup ps1_0 
        where
            ps1_0.expiry_time<?
2026-06-20 07:22:51 [scheduling-1] INFO  c.p.b.m.aspect.LoggingAspect - [d5b9e6d2-eadb-45d7-8b0e-fe5a9d27a347] <-- PendingSignupCleanupService.deleteExpiredPendingSignups() | timeMs=0
2026-06-20 07:23:51 [scheduling-1] INFO  c.p.b.m.aspect.LoggingAspect - [8b4df62f-f8a5-4dac-a06a-bec56ae6f7e5] --> PendingSignupCleanupService.deleteExpiredPendingSignups()
2026-06-20 07:23:51 [scheduling-1] DEBUG org.hibernate.SQL - 
    /* SELECT
        p 
    FROM
        PendingSignup p 
    WHERE
        p.expiryTime < :time */ select
            ps1_0.id,
            ps1_0.email,
            ps1_0.expiry_time,
            ps1_0.otp,
            ps1_0.password,
            ps1_0.username 
        from
            pending_signup ps1_0 
        where
            ps1_0.expiry_time<?
2026-06-20 07:23:51 [scheduling-1] INFO  c.p.b.m.aspect.LoggingAspect - [8b4df62f-f8a5-4dac-a06a-bec56ae6f7e5] <-- PendingSignupCleanupService.deleteExpiredPendingSignups() | timeMs=0
2026-06-20 07:24:51 [scheduling-1] INFO  c.p.b.m.aspect.LoggingAspect - [e4789c4d-feb1-4168-ac42-458f5d1f44bb] --> PendingSignupCleanupService.deleteExpiredPendingSignups()
2026-06-20 07:24:51 [scheduling-1] DEBUG org.hibernate.SQL - 
    /* SELECT
        p 
    FROM
        PendingSignup p 
    WHERE
        p.expiryTime < :time */ select
            ps1_0.id,
            ps1_0.email,
            ps1_0.expiry_time,
            ps1_0.otp,
            ps1_0.password,
            ps1_0.username 
        from
            pending_signup ps1_0 
        where
            ps1_0.expiry_time<?
2026-06-20 07:24:51 [scheduling-1] INFO  c.p.b.m.aspect.LoggingAspect - [e4789c4d-feb1-4168-ac42-458f5d1f44bb] <-- PendingSignupCleanupService.deleteExpiredPendingSignups() | timeMs=0
2026-06-20 07:25:51 [scheduling-1] INFO  c.p.b.m.aspect.LoggingAspect - [04c13ecc-3ca6-4150-a19b-bac0abc50dd4] --> PendingSignupCleanupService.deleteExpiredPendingSignups()
2026-06-20 07:25:51 [scheduling-1] DEBUG org.hibernate.SQL - 
    /* SELECT
        p 
    FROM
        PendingSignup p 
    WHERE
        p.expiryTime < :time */ select
            ps1_0.id,
            ps1_0.email,
            ps1_0.expiry_time,
            ps1_0.otp,
            ps1_0.password,
            ps1_0.username 
        from
            pending_signup ps1_0 
        where
            ps1_0.expiry_time<?
2026-06-20 07:25:51 [scheduling-1] INFO  c.p.b.m.aspect.LoggingAspect - [04c13ecc-3ca6-4150-a19b-bac0abc50dd4] <-- PendingSignupCleanupService.deleteExpiredPendingSignups() | timeMs=1
2026-06-20 07:26:51 [scheduling-1] INFO  c.p.b.m.aspect.LoggingAspect - [6c1c584f-8d22-4cf7-b7d6-b44025be698d] --> PendingSignupCleanupService.deleteExpiredPendingSignups()
2026-06-20 07:26:51 [scheduling-1] DEBUG org.hibernate.SQL - 
    /* SELECT
        p 
    FROM
        PendingSignup p 
    WHERE
        p.expiryTime < :time */ select
            ps1_0.id,
            ps1_0.email,
            ps1_0.expiry_time,
            ps1_0.otp,
            ps1_0.password,
            ps1_0.username 
        from
            pending_signup ps1_0 
        where
            ps1_0.expiry_time<?
2026-06-20 07:26:51 [scheduling-1] INFO  c.p.b.m.aspect.LoggingAspect - [6c1c584f-8d22-4cf7-b7d6-b44025be698d] <-- PendingSignupCleanupService.deleteExpiredPendingSignups() | timeMs=1
2026-06-20 07:27:51 [scheduling-1] INFO  c.p.b.m.aspect.LoggingAspect - [0b73f54b-d703-4ab8-9ffe-7b6d5510f7e3] --> PendingSignupCleanupService.deleteExpiredPendingSignups()
2026-06-20 07:27:51 [scheduling-1] DEBUG org.hibernate.SQL - 
    /* SELECT
        p 
    FROM
        PendingSignup p 
    WHERE
        p.expiryTime < :time */ select
            ps1_0.id,
            ps1_0.email,
            ps1_0.expiry_time,
            ps1_0.otp,
            ps1_0.password,
            ps1_0.username 
        from
            pending_signup ps1_0 
        where
            ps1_0.expiry_time<?
2026-06-20 07:27:51 [scheduling-1] INFO  c.p.b.m.aspect.LoggingAspect - [0b73f54b-d703-4ab8-9ffe-7b6d5510f7e3] <-- PendingSignupCleanupService.deleteExpiredPendingSignups() | timeMs=0
2026-06-20 07:28:51 [scheduling-1] INFO  c.p.b.m.aspect.LoggingAspect - [4820eab5-3aa0-48f6-9e3d-ce6d1c47759a] --> PendingSignupCleanupService.deleteExpiredPendingSignups()
2026-06-20 07:28:51 [scheduling-1] DEBUG org.hibernate.SQL - 
    /* SELECT
        p 
    FROM
        PendingSignup p 
    WHERE
        p.expiryTime < :time */ select
            ps1_0.id,
            ps1_0.email,
            ps1_0.expiry_time,
            ps1_0.otp,
            ps1_0.password,
            ps1_0.username 
        from
            pending_signup ps1_0 
        where
            ps1_0.expiry_time<?
2026-06-20 07:28:51 [scheduling-1] INFO  c.p.b.m.aspect.LoggingAspect - [4820eab5-3aa0-48f6-9e3d-ce6d1c47759a] <-- PendingSignupCleanupService.deleteExpiredPendingSignups() | timeMs=0
2026-06-20 07:29:51 [scheduling-1] INFO  c.p.b.m.aspect.LoggingAspect - [56bbc773-4cde-4544-86fd-27e22119b4e0] --> PendingSignupCleanupService.deleteExpiredPendingSignups()
2026-06-20 07:29:51 [scheduling-1] DEBUG org.hibernate.SQL - 
    /* SELECT
        p 
    FROM
        PendingSignup p 
    WHERE
        p.expiryTime < :time */ select
            ps1_0.id,
            ps1_0.email,
            ps1_0.expiry_time,
            ps1_0.otp,
            ps1_0.password,
            ps1_0.username 
        from
            pending_signup ps1_0 
        where
            ps1_0.expiry_time<?
2026-06-20 07:29:51 [scheduling-1] INFO  c.p.b.m.aspect.LoggingAspect - [56bbc773-4cde-4544-86fd-27e22119b4e0] <-- PendingSignupCleanupService.deleteExpiredPendingSignups() | timeMs=0
2026-06-20 07:30:51 [scheduling-1] INFO  c.p.b.m.aspect.LoggingAspect - [a9e24ab2-0caf-42c3-addd-aa60926d1eb7] --> PendingSignupCleanupService.deleteExpiredPendingSignups()
2026-06-20 07:30:51 [scheduling-1] DEBUG org.hibernate.SQL - 
    /* SELECT
        p 
    FROM
        PendingSignup p 
    WHERE
        p.expiryTime < :time */ select
            ps1_0.id,
            ps1_0.email,
            ps1_0.expiry_time,
            ps1_0.otp,
            ps1_0.password,
            ps1_0.username 
        from
            pending_signup ps1_0 
        where
            ps1_0.expiry_time<?
2026-06-20 07:30:51 [scheduling-1] INFO  c.p.b.m.aspect.LoggingAspect - [a9e24ab2-0caf-42c3-addd-aa60926d1eb7] <-- PendingSignupCleanupService.deleteExpiredPendingSignups() | timeMs=0
2026-06-20 07:31:51 [scheduling-1] INFO  c.p.b.m.aspect.LoggingAspect - [9f797c69-6f16-4ac5-aa79-622e49ad6ad8] --> PendingSignupCleanupService.deleteExpiredPendingSignups()
2026-06-20 07:31:51 [scheduling-1] DEBUG org.hibernate.SQL - 
    /* SELECT
        p 
    FROM
        PendingSignup p 
    WHERE
        p.expiryTime < :time */ select
            ps1_0.id,
            ps1_0.email,
            ps1_0.expiry_time,
            ps1_0.otp,
            ps1_0.password,
            ps1_0.username 
        from
            pending_signup ps1_0 
        where
            ps1_0.expiry_time<?
2026-06-20 07:31:51 [scheduling-1] INFO  c.p.b.m.aspect.LoggingAspect - [9f797c69-6f16-4ac5-aa79-622e49ad6ad8] <-- PendingSignupCleanupService.deleteExpiredPendingSignups() | timeMs=0
2026-06-20 07:32:51 [scheduling-1] INFO  c.p.b.m.aspect.LoggingAspect - [e17bea31-4bde-4594-b655-e08192f9ed5f] --> PendingSignupCleanupService.deleteExpiredPendingSignups()
2026-06-20 07:32:51 [scheduling-1] DEBUG org.hibernate.SQL - 
    /* SELECT
        p 
    FROM
        PendingSignup p 
    WHERE
        p.expiryTime < :time */ select
            ps1_0.id,
            ps1_0.email,
            ps1_0.expiry_time,
            ps1_0.otp,
            ps1_0.password,
            ps1_0.username 
        from
            pending_signup ps1_0 
        where
            ps1_0.expiry_time<?
2026-06-20 07:32:51 [scheduling-1] INFO  c.p.b.m.aspect.LoggingAspect - [e17bea31-4bde-4594-b655-e08192f9ed5f] <-- PendingSignupCleanupService.deleteExpiredPendingSignups() | timeMs=0
2026-06-20 07:33:51 [scheduling-1] INFO  c.p.b.m.aspect.LoggingAspect - [13f00b11-59c2-43c0-a012-33bf2b91ea1b] --> PendingSignupCleanupService.deleteExpiredPendingSignups()
2026-06-20 07:33:51 [scheduling-1] DEBUG org.hibernate.SQL - 
    /* SELECT
        p 
    FROM
        PendingSignup p 
    WHERE
        p.expiryTime < :time */ select
            ps1_0.id,
            ps1_0.email,
            ps1_0.expiry_time,
            ps1_0.otp,
            ps1_0.password,
            ps1_0.username 
        from
            pending_signup ps1_0 
        where
            ps1_0.expiry_time<?
2026-06-20 07:33:51 [scheduling-1] INFO  c.p.b.m.aspect.LoggingAspect - [13f00b11-59c2-43c0-a012-33bf2b91ea1b] <-- PendingSignupCleanupService.deleteExpiredPendingSignups() | timeMs=1
2026-06-20 07:34:51 [scheduling-1] INFO  c.p.b.m.aspect.LoggingAspect - [011fb935-2108-4f83-8189-294a8b4bb890] --> PendingSignupCleanupService.deleteExpiredPendingSignups()
2026-06-20 07:34:51 [scheduling-1] DEBUG org.hibernate.SQL - 
    /* SELECT
        p 
    FROM
        PendingSignup p 
    WHERE
        p.expiryTime < :time */ select
            ps1_0.id,
            ps1_0.email,
            ps1_0.expiry_time,
            ps1_0.otp,
            ps1_0.password,
            ps1_0.username 
        from
            pending_signup ps1_0 
        where
            ps1_0.expiry_time<?
2026-06-20 07:34:51 [scheduling-1] INFO  c.p.b.m.aspect.LoggingAspect - [011fb935-2108-4f83-8189-294a8b4bb890] <-- PendingSignupCleanupService.deleteExpiredPendingSignups() | timeMs=1
2026-06-20 07:35:51 [scheduling-1] INFO  c.p.b.m.aspect.LoggingAspect - [e6939841-8505-4ad7-8620-017053193982] --> PendingSignupCleanupService.deleteExpiredPendingSignups()
2026-06-20 07:35:51 [scheduling-1] DEBUG org.hibernate.SQL - 
    /* SELECT
        p 
    FROM
        PendingSignup p 
    WHERE
        p.expiryTime < :time */ select
            ps1_0.id,
            ps1_0.email,
            ps1_0.expiry_time,
            ps1_0.otp,
            ps1_0.password,
            ps1_0.username 
        from
            pending_signup ps1_0 
        where
            ps1_0.expiry_time<?
2026-06-20 07:35:51 [scheduling-1] INFO  c.p.b.m.aspect.LoggingAspect - [e6939841-8505-4ad7-8620-017053193982] <-- PendingSignupCleanupService.deleteExpiredPendingSignups() | timeMs=0
2026-06-20 07:36:51 [scheduling-1] INFO  c.p.b.m.aspect.LoggingAspect - [e841adeb-479d-4f82-adbf-fccb7f924458] --> PendingSignupCleanupService.deleteExpiredPendingSignups()
2026-06-20 07:36:51 [scheduling-1] DEBUG org.hibernate.SQL - 
    /* SELECT
        p 
    FROM
        PendingSignup p 
    WHERE
        p.expiryTime < :time */ select
            ps1_0.id,
            ps1_0.email,
            ps1_0.expiry_time,
            ps1_0.otp,
            ps1_0.password,
            ps1_0.username 
        from
            pending_signup ps1_0 
        where
            ps1_0.expiry_time<?
2026-06-20 07:36:51 [scheduling-1] INFO  c.p.b.m.aspect.LoggingAspect - [e841adeb-479d-4f82-adbf-fccb7f924458] <-- PendingSignupCleanupService.deleteExpiredPendingSignups() | timeMs=0
2026-06-20 07:37:51 [scheduling-1] INFO  c.p.b.m.aspect.LoggingAspect - [d8bde70e-2991-4874-bebe-3cef2c30112f] --> PendingSignupCleanupService.deleteExpiredPendingSignups()
2026-06-20 07:37:51 [scheduling-1] DEBUG org.hibernate.SQL - 
    /* SELECT
        p 
    FROM
        PendingSignup p 
    WHERE
        p.expiryTime < :time */ select
            ps1_0.id,
            ps1_0.email,
            ps1_0.expiry_time,
            ps1_0.otp,
            ps1_0.password,
            ps1_0.username 
        from
            pending_signup ps1_0 
        where
            ps1_0.expiry_time<?
2026-06-20 07:37:51 [scheduling-1] INFO  c.p.b.m.aspect.LoggingAspect - [d8bde70e-2991-4874-bebe-3cef2c30112f] <-- PendingSignupCleanupService.deleteExpiredPendingSignups() | timeMs=0
2026-06-20 07:38:51 [scheduling-1] INFO  c.p.b.m.aspect.LoggingAspect - [deea110b-3f0c-4c74-bfcf-5acbb914e810] --> PendingSignupCleanupService.deleteExpiredPendingSignups()
2026-06-20 07:38:51 [scheduling-1] DEBUG org.hibernate.SQL - 
    /* SELECT
        p 
    FROM
        PendingSignup p 
    WHERE
        p.expiryTime < :time */ select
            ps1_0.id,
            ps1_0.email,
            ps1_0.expiry_time,
            ps1_0.otp,
            ps1_0.password,
            ps1_0.username 
        from
            pending_signup ps1_0 
        where
            ps1_0.expiry_time<?
2026-06-20 07:38:51 [scheduling-1] INFO  c.p.b.m.aspect.LoggingAspect - [deea110b-3f0c-4c74-bfcf-5acbb914e810] <-- PendingSignupCleanupService.deleteExpiredPendingSignups() | timeMs=0
2026-06-20 07:39:51 [scheduling-1] INFO  c.p.b.m.aspect.LoggingAspect - [94b96fa2-fb68-45d9-aa84-bc6c1bfa3098] --> PendingSignupCleanupService.deleteExpiredPendingSignups()
2026-06-20 07:39:51 [scheduling-1] DEBUG org.hibernate.SQL - 
    /* SELECT
        p 
    FROM
        PendingSignup p 
    WHERE
        p.expiryTime < :time */ select
            ps1_0.id,
            ps1_0.email,
            ps1_0.expiry_time,
            ps1_0.otp,
            ps1_0.password,
            ps1_0.username 
        from
            pending_signup ps1_0 
        where
            ps1_0.expiry_time<?
2026-06-20 07:39:51 [scheduling-1] INFO  c.p.b.m.aspect.LoggingAspect - [94b96fa2-fb68-45d9-aa84-bc6c1bfa3098] <-- PendingSignupCleanupService.deleteExpiredPendingSignups() | timeMs=0
2026-06-20 07:40:51 [scheduling-1] INFO  c.p.b.m.aspect.LoggingAspect - [a1def062-4a7d-41be-bab6-1f40c74c765b] --> PendingSignupCleanupService.deleteExpiredPendingSignups()
2026-06-20 07:40:51 [scheduling-1] DEBUG org.hibernate.SQL - 
    /* SELECT
        p 
    FROM
        PendingSignup p 
    WHERE
        p.expiryTime < :time */ select
            ps1_0.id,
            ps1_0.email,
            ps1_0.expiry_time,
            ps1_0.otp,
            ps1_0.password,
            ps1_0.username 
        from
            pending_signup ps1_0 
        where
            ps1_0.expiry_time<?
2026-06-20 07:40:51 [scheduling-1] INFO  c.p.b.m.aspect.LoggingAspect - [a1def062-4a7d-41be-bab6-1f40c74c765b] <-- PendingSignupCleanupService.deleteExpiredPendingSignups() | timeMs=0
2026-06-20 07:41:51 [scheduling-1] INFO  c.p.b.m.aspect.LoggingAspect - [26b266fe-c527-44d6-8338-40781f5f8c1c] --> PendingSignupCleanupService.deleteExpiredPendingSignups()
2026-06-20 07:41:51 [scheduling-1] DEBUG org.hibernate.SQL - 
    /* SELECT
        p 
    FROM
        PendingSignup p 
    WHERE
        p.expiryTime < :time */ select
            ps1_0.id,
            ps1_0.email,
            ps1_0.expiry_time,
            ps1_0.otp,
            ps1_0.password,
            ps1_0.username 
        from
            pending_signup ps1_0 
        where
            ps1_0.expiry_time<?
2026-06-20 07:41:51 [scheduling-1] INFO  c.p.b.m.aspect.LoggingAspect - [26b266fe-c527-44d6-8338-40781f5f8c1c] <-- PendingSignupCleanupService.deleteExpiredPendingSignups() | timeMs=0
2026-06-20 07:42:51 [scheduling-1] INFO  c.p.b.m.aspect.LoggingAspect - [2dbaabba-535e-4d97-b49e-ab0167f8931e] --> PendingSignupCleanupService.deleteExpiredPendingSignups()
2026-06-20 07:42:51 [scheduling-1] DEBUG org.hibernate.SQL - 
    /* SELECT
        p 
    FROM
        PendingSignup p 
    WHERE
        p.expiryTime < :time */ select
            ps1_0.id,
            ps1_0.email,
            ps1_0.expiry_time,
            ps1_0.otp,
            ps1_0.password,
            ps1_0.username 
        from
            pending_signup ps1_0 
        where
            ps1_0.expiry_time<?
2026-06-20 07:42:51 [scheduling-1] INFO  c.p.b.m.aspect.LoggingAspect - [2dbaabba-535e-4d97-b49e-ab0167f8931e] <-- PendingSignupCleanupService.deleteExpiredPendingSignups() | timeMs=0
2026-06-20 07:43:51 [scheduling-1] INFO  c.p.b.m.aspect.LoggingAspect - [88d517f1-6dbe-46b0-af3a-2bbb29894e89] --> PendingSignupCleanupService.deleteExpiredPendingSignups()
2026-06-20 07:43:51 [scheduling-1] DEBUG org.hibernate.SQL - 
    /* SELECT
        p 
    FROM
        PendingSignup p 
    WHERE
        p.expiryTime < :time */ select
            ps1_0.id,
            ps1_0.email,
            ps1_0.expiry_time,
            ps1_0.otp,
            ps1_0.password,
            ps1_0.username 
        from
            pending_signup ps1_0 
        where
            ps1_0.expiry_time<?
2026-06-20 07:43:51 [scheduling-1] INFO  c.p.b.m.aspect.LoggingAspect - [88d517f1-6dbe-46b0-af3a-2bbb29894e89] <-- PendingSignupCleanupService.deleteExpiredPendingSignups() | timeMs=0
2026-06-20 07:44:51 [scheduling-1] INFO  c.p.b.m.aspect.LoggingAspect - [a0830128-ad0d-4b1d-8dbe-cae494c4495f] --> PendingSignupCleanupService.deleteExpiredPendingSignups()
2026-06-20 07:44:51 [scheduling-1] DEBUG org.hibernate.SQL - 
    /* SELECT
        p 
    FROM
        PendingSignup p 
    WHERE
        p.expiryTime < :time */ select
            ps1_0.id,
            ps1_0.email,
            ps1_0.expiry_time,
            ps1_0.otp,
            ps1_0.password,
            ps1_0.username 
        from
            pending_signup ps1_0 
        where
            ps1_0.expiry_time<?
2026-06-20 07:44:51 [scheduling-1] INFO  c.p.b.m.aspect.LoggingAspect - [a0830128-ad0d-4b1d-8dbe-cae494c4495f] <-- PendingSignupCleanupService.deleteExpiredPendingSignups() | timeMs=0
2026-06-20 07:45:51 [scheduling-1] INFO  c.p.b.m.aspect.LoggingAspect - [bb1bc2af-eb42-4c1b-a4b5-3e2c5aad31f7] --> PendingSignupCleanupService.deleteExpiredPendingSignups()
2026-06-20 07:45:51 [scheduling-1] DEBUG org.hibernate.SQL - 
    /* SELECT
        p 
    FROM
        PendingSignup p 
    WHERE
        p.expiryTime < :time */ select
            ps1_0.id,
            ps1_0.email,
            ps1_0.expiry_time,
            ps1_0.otp,
            ps1_0.password,
            ps1_0.username 
        from
            pending_signup ps1_0 
        where
            ps1_0.expiry_time<?
2026-06-20 07:45:51 [scheduling-1] INFO  c.p.b.m.aspect.LoggingAspect - [bb1bc2af-eb42-4c1b-a4b5-3e2c5aad31f7] <-- PendingSignupCleanupService.deleteExpiredPendingSignups() | timeMs=0
2026-06-20 07:46:51 [scheduling-1] INFO  c.p.b.m.aspect.LoggingAspect - [121ef7e5-4056-4dc8-8f03-adbbbaf8a1b9] --> PendingSignupCleanupService.deleteExpiredPendingSignups()
2026-06-20 07:46:51 [scheduling-1] DEBUG org.hibernate.SQL - 
    /* SELECT
        p 
    FROM
        PendingSignup p 
    WHERE
        p.expiryTime < :time */ select
            ps1_0.id,
            ps1_0.email,
            ps1_0.expiry_time,
            ps1_0.otp,
            ps1_0.password,
            ps1_0.username 
        from
            pending_signup ps1_0 
        where
            ps1_0.expiry_time<?
2026-06-20 07:46:51 [scheduling-1] INFO  c.p.b.m.aspect.LoggingAspect - [121ef7e5-4056-4dc8-8f03-adbbbaf8a1b9] <-- PendingSignupCleanupService.deleteExpiredPendingSignups() | timeMs=0
2026-06-20 07:47:51 [scheduling-1] INFO  c.p.b.m.aspect.LoggingAspect - [4f3411fb-24dd-430d-b2cc-4d6a57e673ed] --> PendingSignupCleanupService.deleteExpiredPendingSignups()
2026-06-20 07:47:51 [scheduling-1] DEBUG org.hibernate.SQL - 
    /* SELECT
        p 
    FROM
        PendingSignup p 
    WHERE
        p.expiryTime < :time */ select
            ps1_0.id,
            ps1_0.email,
            ps1_0.expiry_time,
            ps1_0.otp,
            ps1_0.password,
            ps1_0.username 
        from
            pending_signup ps1_0 
        where
            ps1_0.expiry_time<?
2026-06-20 07:47:51 [scheduling-1] INFO  c.p.b.m.aspect.LoggingAspect - [4f3411fb-24dd-430d-b2cc-4d6a57e673ed] <-- PendingSignupCleanupService.deleteExpiredPendingSignups() | timeMs=0
2026-06-20 07:48:51 [scheduling-1] INFO  c.p.b.m.aspect.LoggingAspect - [6cfe2a36-7dad-4f84-be02-6baf21414599] --> PendingSignupCleanupService.deleteExpiredPendingSignups()
2026-06-20 07:48:51 [scheduling-1] DEBUG org.hibernate.SQL - 
    /* SELECT
        p 
    FROM
        PendingSignup p 
    WHERE
        p.expiryTime < :time */ select
            ps1_0.id,
            ps1_0.email,
            ps1_0.expiry_time,
            ps1_0.otp,
            ps1_0.password,
            ps1_0.username 
        from
            pending_signup ps1_0 
        where
            ps1_0.expiry_time<?
2026-06-20 07:48:51 [scheduling-1] INFO  c.p.b.m.aspect.LoggingAspect - [6cfe2a36-7dad-4f84-be02-6baf21414599] <-- PendingSignupCleanupService.deleteExpiredPendingSignups() | timeMs=0
2026-06-20 07:49:51 [scheduling-1] INFO  c.p.b.m.aspect.LoggingAspect - [10511157-a926-40c7-944c-3c6762540d1b] --> PendingSignupCleanupService.deleteExpiredPendingSignups()
2026-06-20 07:49:51 [scheduling-1] DEBUG org.hibernate.SQL - 
    /* SELECT
        p 
    FROM
        PendingSignup p 
    WHERE
        p.expiryTime < :time */ select
            ps1_0.id,
            ps1_0.email,
            ps1_0.expiry_time,
            ps1_0.otp,
            ps1_0.password,
            ps1_0.username 
        from
            pending_signup ps1_0 
        where
            ps1_0.expiry_time<?
2026-06-20 07:49:51 [scheduling-1] INFO  c.p.b.m.aspect.LoggingAspect - [10511157-a926-40c7-944c-3c6762540d1b] <-- PendingSignupCleanupService.deleteExpiredPendingSignups() | timeMs=0
2026-06-20 07:50:51 [scheduling-1] INFO  c.p.b.m.aspect.LoggingAspect - [b7ce9f3b-20bf-4960-a355-b6d3e0f52cf9] --> PendingSignupCleanupService.deleteExpiredPendingSignups()
2026-06-20 07:50:51 [scheduling-1] DEBUG org.hibernate.SQL - 
    /* SELECT
        p 
    FROM
        PendingSignup p 
    WHERE
        p.expiryTime < :time */ select
            ps1_0.id,
            ps1_0.email,
            ps1_0.expiry_time,
            ps1_0.otp,
            ps1_0.password,
            ps1_0.username 
        from
            pending_signup ps1_0 
        where
            ps1_0.expiry_time<?
2026-06-20 07:50:51 [scheduling-1] INFO  c.p.b.m.aspect.LoggingAspect - [b7ce9f3b-20bf-4960-a355-b6d3e0f52cf9] <-- PendingSignupCleanupService.deleteExpiredPendingSignups() | timeMs=0
2026-06-20 07:51:51 [scheduling-1] INFO  c.p.b.m.aspect.LoggingAspect - [191554ca-785e-4bde-a756-223f3c4914bb] --> PendingSignupCleanupService.deleteExpiredPendingSignups()
2026-06-20 07:51:51 [scheduling-1] DEBUG org.hibernate.SQL - 
    /* SELECT
        p 
    FROM
        PendingSignup p 
    WHERE
        p.expiryTime < :time */ select
            ps1_0.id,
            ps1_0.email,
            ps1_0.expiry_time,
            ps1_0.otp,
            ps1_0.password,
            ps1_0.username 
        from
            pending_signup ps1_0 
        where
            ps1_0.expiry_time<?
2026-06-20 07:51:51 [scheduling-1] INFO  c.p.b.m.aspect.LoggingAspect - [191554ca-785e-4bde-a756-223f3c4914bb] <-- PendingSignupCleanupService.deleteExpiredPendingSignups() | timeMs=0
2026-06-20 07:52:51 [scheduling-1] INFO  c.p.b.m.aspect.LoggingAspect - [a6efa9ef-c48e-4f37-b409-48cd5f23e89a] --> PendingSignupCleanupService.deleteExpiredPendingSignups()
2026-06-20 07:52:51 [scheduling-1] DEBUG org.hibernate.SQL - 
    /* SELECT
        p 
    FROM
        PendingSignup p 
    WHERE
        p.expiryTime < :time */ select
            ps1_0.id,
            ps1_0.email,
            ps1_0.expiry_time,
            ps1_0.otp,
            ps1_0.password,
            ps1_0.username 
        from
            pending_signup ps1_0 
        where
            ps1_0.expiry_time<?
2026-06-20 07:52:51 [scheduling-1] INFO  c.p.b.m.aspect.LoggingAspect - [a6efa9ef-c48e-4f37-b409-48cd5f23e89a] <-- PendingSignupCleanupService.deleteExpiredPendingSignups() | timeMs=0
2026-06-20 07:53:51 [scheduling-1] INFO  c.p.b.m.aspect.LoggingAspect - [81ef63ff-b928-4775-965f-f83839527dfc] --> PendingSignupCleanupService.deleteExpiredPendingSignups()
2026-06-20 07:53:51 [scheduling-1] DEBUG org.hibernate.SQL - 
    /* SELECT
        p 
    FROM
        PendingSignup p 
    WHERE
        p.expiryTime < :time */ select
            ps1_0.id,
            ps1_0.email,
            ps1_0.expiry_time,
            ps1_0.otp,
            ps1_0.password,
            ps1_0.username 
        from
            pending_signup ps1_0 
        where
            ps1_0.expiry_time<?
2026-06-20 07:53:51 [scheduling-1] INFO  c.p.b.m.aspect.LoggingAspect - [81ef63ff-b928-4775-965f-f83839527dfc] <-- PendingSignupCleanupService.deleteExpiredPendingSignups() | timeMs=1
2026-06-20 07:54:51 [scheduling-1] INFO  c.p.b.m.aspect.LoggingAspect - [999d2127-2b02-44cd-b93e-7c4278adf112] --> PendingSignupCleanupService.deleteExpiredPendingSignups()
2026-06-20 07:54:51 [scheduling-1] DEBUG org.hibernate.SQL - 
    /* SELECT
        p 
    FROM
        PendingSignup p 
    WHERE
        p.expiryTime < :time */ select
            ps1_0.id,
            ps1_0.email,
            ps1_0.expiry_time,
            ps1_0.otp,
            ps1_0.password,
            ps1_0.username 
        from
            pending_signup ps1_0 
        where
            ps1_0.expiry_time<?
2026-06-20 07:54:51 [scheduling-1] INFO  c.p.b.m.aspect.LoggingAspect - [999d2127-2b02-44cd-b93e-7c4278adf112] <-- PendingSignupCleanupService.deleteExpiredPendingSignups() | timeMs=1
2026-06-20 07:55:51 [scheduling-1] INFO  c.p.b.m.aspect.LoggingAspect - [2836dd76-a4bb-48cf-a250-af973587bd5c] --> PendingSignupCleanupService.deleteExpiredPendingSignups()
2026-06-20 07:55:51 [scheduling-1] DEBUG org.hibernate.SQL - 
    /* SELECT
        p 
    FROM
        PendingSignup p 
    WHERE
        p.expiryTime < :time */ select
            ps1_0.id,
            ps1_0.email,
            ps1_0.expiry_time,
            ps1_0.otp,
            ps1_0.password,
            ps1_0.username 
        from
            pending_signup ps1_0 
        where
            ps1_0.expiry_time<?
2026-06-20 07:55:51 [scheduling-1] INFO  c.p.b.m.aspect.LoggingAspect - [2836dd76-a4bb-48cf-a250-af973587bd5c] <-- PendingSignupCleanupService.deleteExpiredPendingSignups() | timeMs=0
2026-06-20 07:56:51 [scheduling-1] INFO  c.p.b.m.aspect.LoggingAspect - [e7418e1c-e9e9-40fe-a264-464b0033785b] --> PendingSignupCleanupService.deleteExpiredPendingSignups()
2026-06-20 07:56:51 [scheduling-1] DEBUG org.hibernate.SQL - 
    /* SELECT
        p 
    FROM
        PendingSignup p 
    WHERE
        p.expiryTime < :time */ select
            ps1_0.id,
            ps1_0.email,
            ps1_0.expiry_time,
            ps1_0.otp,
            ps1_0.password,
            ps1_0.username 
        from
            pending_signup ps1_0 
        where
            ps1_0.expiry_time<?
2026-06-20 07:56:51 [scheduling-1] INFO  c.p.b.m.aspect.LoggingAspect - [e7418e1c-e9e9-40fe-a264-464b0033785b] <-- PendingSignupCleanupService.deleteExpiredPendingSignups() | timeMs=0
2026-06-20 07:57:51 [scheduling-1] INFO  c.p.b.m.aspect.LoggingAspect - [d5b861bd-3841-4913-b037-76eea2ab86db] --> PendingSignupCleanupService.deleteExpiredPendingSignups()
2026-06-20 07:57:51 [scheduling-1] DEBUG org.hibernate.SQL - 
    /* SELECT
        p 
    FROM
        PendingSignup p 
    WHERE
        p.expiryTime < :time */ select
            ps1_0.id,
            ps1_0.email,
            ps1_0.expiry_time,
            ps1_0.otp,
            ps1_0.password,
            ps1_0.username 
        from
            pending_signup ps1_0 
        where
            ps1_0.expiry_time<?
2026-06-20 07:57:51 [scheduling-1] INFO  c.p.b.m.aspect.LoggingAspect - [d5b861bd-3841-4913-b037-76eea2ab86db] <-- PendingSignupCleanupService.deleteExpiredPendingSignups() | timeMs=0
2026-06-20 07:58:51 [scheduling-1] INFO  c.p.b.m.aspect.LoggingAspect - [81a8e0b1-f33e-4593-bcca-2c815696c8e1] --> PendingSignupCleanupService.deleteExpiredPendingSignups()
2026-06-20 07:58:51 [scheduling-1] DEBUG org.hibernate.SQL - 
    /* SELECT
        p 
    FROM
        PendingSignup p 
    WHERE
        p.expiryTime < :time */ select
            ps1_0.id,
            ps1_0.email,
            ps1_0.expiry_time,
            ps1_0.otp,
            ps1_0.password,
            ps1_0.username 
        from
            pending_signup ps1_0 
        where
            ps1_0.expiry_time<?
2026-06-20 07:58:51 [scheduling-1] INFO  c.p.b.m.aspect.LoggingAspect - [81a8e0b1-f33e-4593-bcca-2c815696c8e1] <-- PendingSignupCleanupService.deleteExpiredPendingSignups() | timeMs=0
2026-06-20 07:59:51 [scheduling-1] INFO  c.p.b.m.aspect.LoggingAspect - [2e4f5987-1fe2-4a3c-9af0-cd77e3525165] --> PendingSignupCleanupService.deleteExpiredPendingSignups()
2026-06-20 07:59:51 [scheduling-1] DEBUG org.hibernate.SQL - 
    /* SELECT
        p 
    FROM
        PendingSignup p 
    WHERE
        p.expiryTime < :time */ select
            ps1_0.id,
            ps1_0.email,
            ps1_0.expiry_time,
            ps1_0.otp,
            ps1_0.password,
            ps1_0.username 
        from
            pending_signup ps1_0 
        where
            ps1_0.expiry_time<?
2026-06-20 07:59:51 [scheduling-1] INFO  c.p.b.m.aspect.LoggingAspect - [2e4f5987-1fe2-4a3c-9af0-cd77e3525165] <-- PendingSignupCleanupService.deleteExpiredPendingSignups() | timeMs=0
2026-06-20 08:00:51 [scheduling-1] INFO  c.p.b.m.aspect.LoggingAspect - [0202920f-563b-418f-8e1a-6cec391739e4] --> PendingSignupCleanupService.deleteExpiredPendingSignups()
2026-06-20 08:00:51 [scheduling-1] DEBUG org.hibernate.SQL - 
    /* SELECT
        p 
    FROM
        PendingSignup p 
    WHERE
        p.expiryTime < :time */ select
            ps1_0.id,
            ps1_0.email,
            ps1_0.expiry_time,
            ps1_0.otp,
            ps1_0.password,
            ps1_0.username 
        from
            pending_signup ps1_0 
        where
            ps1_0.expiry_time<?
2026-06-20 08:00:51 [scheduling-1] INFO  c.p.b.m.aspect.LoggingAspect - [0202920f-563b-418f-8e1a-6cec391739e4] <-- PendingSignupCleanupService.deleteExpiredPendingSignups() | timeMs=1
2026-06-20 08:01:51 [scheduling-1] INFO  c.p.b.m.aspect.LoggingAspect - [28f8ed57-3a7e-47b4-ad9c-d09c7a87d5a3] --> PendingSignupCleanupService.deleteExpiredPendingSignups()
2026-06-20 08:01:51 [scheduling-1] DEBUG org.hibernate.SQL - 
    /* SELECT
        p 
    FROM
        PendingSignup p 
    WHERE
        p.expiryTime < :time */ select
            ps1_0.id,
            ps1_0.email,
            ps1_0.expiry_time,
            ps1_0.otp,
            ps1_0.password,
            ps1_0.username 
        from
            pending_signup ps1_0 
        where
            ps1_0.expiry_time<?
2026-06-20 08:01:51 [scheduling-1] INFO  c.p.b.m.aspect.LoggingAspect - [28f8ed57-3a7e-47b4-ad9c-d09c7a87d5a3] <-- PendingSignupCleanupService.deleteExpiredPendingSignups() | timeMs=1
2026-06-20 08:02:51 [scheduling-1] INFO  c.p.b.m.aspect.LoggingAspect - [8c76f28a-5948-47f3-9cf5-3b25b2a0050f] --> PendingSignupCleanupService.deleteExpiredPendingSignups()
2026-06-20 08:02:51 [scheduling-1] DEBUG org.hibernate.SQL - 
    /* SELECT
        p 
    FROM
        PendingSignup p 
    WHERE
        p.expiryTime < :time */ select
            ps1_0.id,
            ps1_0.email,
            ps1_0.expiry_time,
            ps1_0.otp,
            ps1_0.password,
            ps1_0.username 
        from
            pending_signup ps1_0 
        where
            ps1_0.expiry_time<?
2026-06-20 08:02:51 [scheduling-1] INFO  c.p.b.m.aspect.LoggingAspect - [8c76f28a-5948-47f3-9cf5-3b25b2a0050f] <-- PendingSignupCleanupService.deleteExpiredPendingSignups() | timeMs=0
2026-06-20 08:03:51 [scheduling-1] INFO  c.p.b.m.aspect.LoggingAspect - [cbdcd1cb-a8fb-468c-a012-4ea2a6a41fe5] --> PendingSignupCleanupService.deleteExpiredPendingSignups()
2026-06-20 08:03:51 [scheduling-1] DEBUG org.hibernate.SQL - 
    /* SELECT
        p 
    FROM
        PendingSignup p 
    WHERE
        p.expiryTime < :time */ select
            ps1_0.id,
            ps1_0.email,
            ps1_0.expiry_time,
            ps1_0.otp,
            ps1_0.password,
            ps1_0.username 
        from
            pending_signup ps1_0 
        where
            ps1_0.expiry_time<?
2026-06-20 08:03:51 [scheduling-1] INFO  c.p.b.m.aspect.LoggingAspect - [cbdcd1cb-a8fb-468c-a012-4ea2a6a41fe5] <-- PendingSignupCleanupService.deleteExpiredPendingSignups() | timeMs=0
2026-06-20 08:04:51 [scheduling-1] INFO  c.p.b.m.aspect.LoggingAspect - [326ef703-7be6-44f6-a368-a331486a31f6] --> PendingSignupCleanupService.deleteExpiredPendingSignups()
2026-06-20 08:04:51 [scheduling-1] DEBUG org.hibernate.SQL - 
    /* SELECT
        p 
    FROM
        PendingSignup p 
    WHERE
        p.expiryTime < :time */ select
            ps1_0.id,
            ps1_0.email,
            ps1_0.expiry_time,
            ps1_0.otp,
            ps1_0.password,
            ps1_0.username 
        from
            pending_signup ps1_0 
        where
            ps1_0.expiry_time<?
2026-06-20 08:04:51 [scheduling-1] INFO  c.p.b.m.aspect.LoggingAspect - [326ef703-7be6-44f6-a368-a331486a31f6] <-- PendingSignupCleanupService.deleteExpiredPendingSignups() | timeMs=0
2026-06-20 08:05:51 [scheduling-1] INFO  c.p.b.m.aspect.LoggingAspect - [0829af08-4527-4a38-bebc-17591b93010e] --> PendingSignupCleanupService.deleteExpiredPendingSignups()
2026-06-20 08:05:51 [scheduling-1] DEBUG org.hibernate.SQL - 
    /* SELECT
        p 
    FROM
        PendingSignup p 
    WHERE
        p.expiryTime < :time */ select
            ps1_0.id,
            ps1_0.email,
            ps1_0.expiry_time,
            ps1_0.otp,
            ps1_0.password,
            ps1_0.username 
        from
            pending_signup ps1_0 
        where
            ps1_0.expiry_time<?
2026-06-20 08:05:51 [scheduling-1] INFO  c.p.b.m.aspect.LoggingAspect - [0829af08-4527-4a38-bebc-17591b93010e] <-- PendingSignupCleanupService.deleteExpiredPendingSignups() | timeMs=0
2026-06-20 08:06:51 [scheduling-1] INFO  c.p.b.m.aspect.LoggingAspect - [390fcb1f-0c95-4175-8636-4e982b7e15ca] --> PendingSignupCleanupService.deleteExpiredPendingSignups()
2026-06-20 08:06:51 [scheduling-1] DEBUG org.hibernate.SQL - 
    /* SELECT
        p 
    FROM
        PendingSignup p 
    WHERE
        p.expiryTime < :time */ select
            ps1_0.id,
            ps1_0.email,
            ps1_0.expiry_time,
            ps1_0.otp,
            ps1_0.password,
            ps1_0.username 
        from
            pending_signup ps1_0 
        where
            ps1_0.expiry_time<?
2026-06-20 08:06:51 [scheduling-1] INFO  c.p.b.m.aspect.LoggingAspect - [390fcb1f-0c95-4175-8636-4e982b7e15ca] <-- PendingSignupCleanupService.deleteExpiredPendingSignups() | timeMs=0
2026-06-20 08:07:51 [scheduling-1] INFO  c.p.b.m.aspect.LoggingAspect - [251e8f46-f30e-4c54-9907-b222bbd0ceb9] --> PendingSignupCleanupService.deleteExpiredPendingSignups()
2026-06-20 08:07:51 [scheduling-1] DEBUG org.hibernate.SQL - 
    /* SELECT
        p 
    FROM
        PendingSignup p 
    WHERE
        p.expiryTime < :time */ select
            ps1_0.id,
            ps1_0.email,
            ps1_0.expiry_time,
            ps1_0.otp,
            ps1_0.password,
            ps1_0.username 
        from
            pending_signup ps1_0 
        where
            ps1_0.expiry_time<?
2026-06-20 08:07:51 [scheduling-1] INFO  c.p.b.m.aspect.LoggingAspect - [251e8f46-f30e-4c54-9907-b222bbd0ceb9] <-- PendingSignupCleanupService.deleteExpiredPendingSignups() | timeMs=0
2026-06-20 08:08:51 [scheduling-1] INFO  c.p.b.m.aspect.LoggingAspect - [4e36810f-a939-4271-b136-9afdfcd09661] --> PendingSignupCleanupService.deleteExpiredPendingSignups()
2026-06-20 08:08:51 [scheduling-1] DEBUG org.hibernate.SQL - 
    /* SELECT
        p 
    FROM
        PendingSignup p 
    WHERE
        p.expiryTime < :time */ select
            ps1_0.id,
            ps1_0.email,
            ps1_0.expiry_time,
            ps1_0.otp,
            ps1_0.password,
            ps1_0.username 
        from
            pending_signup ps1_0 
        where
            ps1_0.expiry_time<?
2026-06-20 08:08:51 [scheduling-1] INFO  c.p.b.m.aspect.LoggingAspect - [4e36810f-a939-4271-b136-9afdfcd09661] <-- PendingSignupCleanupService.deleteExpiredPendingSignups() | timeMs=1
2026-06-20 08:09:51 [scheduling-1] INFO  c.p.b.m.aspect.LoggingAspect - [01499a1e-c114-441b-88ee-70dc9c7aeb6f] --> PendingSignupCleanupService.deleteExpiredPendingSignups()
2026-06-20 08:09:51 [scheduling-1] DEBUG org.hibernate.SQL - 
    /* SELECT
        p 
    FROM
        PendingSignup p 
    WHERE
        p.expiryTime < :time */ select
            ps1_0.id,
            ps1_0.email,
            ps1_0.expiry_time,
            ps1_0.otp,
            ps1_0.password,
            ps1_0.username 
        from
            pending_signup ps1_0 
        where
            ps1_0.expiry_time<?
2026-06-20 08:09:51 [scheduling-1] INFO  c.p.b.m.aspect.LoggingAspect - [01499a1e-c114-441b-88ee-70dc9c7aeb6f] <-- PendingSignupCleanupService.deleteExpiredPendingSignups() | timeMs=0
2026-06-20 08:10:51 [scheduling-1] INFO  c.p.b.m.aspect.LoggingAspect - [1a659011-b9b3-4398-9ef7-12e2ae9d18da] --> PendingSignupCleanupService.deleteExpiredPendingSignups()
2026-06-20 08:10:51 [scheduling-1] DEBUG org.hibernate.SQL - 
    /* SELECT
        p 
    FROM
        PendingSignup p 
    WHERE
        p.expiryTime < :time */ select
            ps1_0.id,
            ps1_0.email,
            ps1_0.expiry_time,
            ps1_0.otp,
            ps1_0.password,
            ps1_0.username 
        from
            pending_signup ps1_0 
        where
            ps1_0.expiry_time<?
2026-06-20 08:10:51 [scheduling-1] INFO  c.p.b.m.aspect.LoggingAspect - [1a659011-b9b3-4398-9ef7-12e2ae9d18da] <-- PendingSignupCleanupService.deleteExpiredPendingSignups() | timeMs=1
2026-06-20 08:11:51 [scheduling-1] INFO  c.p.b.m.aspect.LoggingAspect - [3f02156a-a35f-438d-9cca-668149b71e13] --> PendingSignupCleanupService.deleteExpiredPendingSignups()
2026-06-20 08:11:51 [scheduling-1] DEBUG org.hibernate.SQL - 
    /* SELECT
        p 
    FROM
        PendingSignup p 
    WHERE
        p.expiryTime < :time */ select
            ps1_0.id,
            ps1_0.email,
            ps1_0.expiry_time,
            ps1_0.otp,
            ps1_0.password,
            ps1_0.username 
        from
            pending_signup ps1_0 
        where
            ps1_0.expiry_time<?
2026-06-20 08:11:51 [scheduling-1] INFO  c.p.b.m.aspect.LoggingAspect - [3f02156a-a35f-438d-9cca-668149b71e13] <-- PendingSignupCleanupService.deleteExpiredPendingSignups() | timeMs=0
2026-06-20 08:12:51 [scheduling-1] INFO  c.p.b.m.aspect.LoggingAspect - [ae65ba3d-bdc9-43a5-a9cc-34309d0966c9] --> PendingSignupCleanupService.deleteExpiredPendingSignups()
2026-06-20 08:12:51 [scheduling-1] DEBUG org.hibernate.SQL - 
    /* SELECT
        p 
    FROM
        PendingSignup p 
    WHERE
        p.expiryTime < :time */ select
            ps1_0.id,
            ps1_0.email,
            ps1_0.expiry_time,
            ps1_0.otp,
            ps1_0.password,
            ps1_0.username 
        from
            pending_signup ps1_0 
        where
            ps1_0.expiry_time<?
2026-06-20 08:12:51 [scheduling-1] INFO  c.p.b.m.aspect.LoggingAspect - [ae65ba3d-bdc9-43a5-a9cc-34309d0966c9] <-- PendingSignupCleanupService.deleteExpiredPendingSignups() | timeMs=1
2026-06-20 08:13:51 [scheduling-1] INFO  c.p.b.m.aspect.LoggingAspect - [4ae04312-4a4d-41fd-bc64-b6967d9902aa] --> PendingSignupCleanupService.deleteExpiredPendingSignups()
2026-06-20 08:13:51 [scheduling-1] DEBUG org.hibernate.SQL - 
    /* SELECT
        p 
    FROM
        PendingSignup p 
    WHERE
        p.expiryTime < :time */ select
            ps1_0.id,
            ps1_0.email,
            ps1_0.expiry_time,
            ps1_0.otp,
            ps1_0.password,
            ps1_0.username 
        from
            pending_signup ps1_0 
        where
            ps1_0.expiry_time<?
2026-06-20 08:13:51 [scheduling-1] INFO  c.p.b.m.aspect.LoggingAspect - [4ae04312-4a4d-41fd-bc64-b6967d9902aa] <-- PendingSignupCleanupService.deleteExpiredPendingSignups() | timeMs=0
2026-06-20 08:14:51 [scheduling-1] INFO  c.p.b.m.aspect.LoggingAspect - [d06cccdd-bf92-4d00-b606-e350cfe4e992] --> PendingSignupCleanupService.deleteExpiredPendingSignups()
2026-06-20 08:14:51 [scheduling-1] DEBUG org.hibernate.SQL - 
    /* SELECT
        p 
    FROM
        PendingSignup p 
    WHERE
        p.expiryTime < :time */ select
            ps1_0.id,
            ps1_0.email,
            ps1_0.expiry_time,
            ps1_0.otp,
            ps1_0.password,
            ps1_0.username 
        from
            pending_signup ps1_0 
        where
            ps1_0.expiry_time<?
2026-06-20 08:14:51 [scheduling-1] INFO  c.p.b.m.aspect.LoggingAspect - [d06cccdd-bf92-4d00-b606-e350cfe4e992] <-- PendingSignupCleanupService.deleteExpiredPendingSignups() | timeMs=0
2026-06-20 08:15:51 [scheduling-1] INFO  c.p.b.m.aspect.LoggingAspect - [c8fc8e59-a462-4350-bc05-eaea21428aad] --> PendingSignupCleanupService.deleteExpiredPendingSignups()
2026-06-20 08:15:51 [scheduling-1] DEBUG org.hibernate.SQL - 
    /* SELECT
        p 
    FROM
        PendingSignup p 
    WHERE
        p.expiryTime < :time */ select
            ps1_0.id,
            ps1_0.email,
            ps1_0.expiry_time,
            ps1_0.otp,
            ps1_0.password,
            ps1_0.username 
        from
            pending_signup ps1_0 
        where
            ps1_0.expiry_time<?
2026-06-20 08:15:51 [scheduling-1] INFO  c.p.b.m.aspect.LoggingAspect - [c8fc8e59-a462-4350-bc05-eaea21428aad] <-- PendingSignupCleanupService.deleteExpiredPendingSignups() | timeMs=0
2026-06-20 08:16:51 [scheduling-1] INFO  c.p.b.m.aspect.LoggingAspect - [02b8e381-2500-4eae-b728-51f814893c65] --> PendingSignupCleanupService.deleteExpiredPendingSignups()
2026-06-20 08:16:51 [scheduling-1] DEBUG org.hibernate.SQL - 
    /* SELECT
        p 
    FROM
        PendingSignup p 
    WHERE
        p.expiryTime < :time */ select
            ps1_0.id,
            ps1_0.email,
            ps1_0.expiry_time,
            ps1_0.otp,
            ps1_0.password,
            ps1_0.username 
        from
            pending_signup ps1_0 
        where
            ps1_0.expiry_time<?
2026-06-20 08:16:51 [scheduling-1] INFO  c.p.b.m.aspect.LoggingAspect - [02b8e381-2500-4eae-b728-51f814893c65] <-- PendingSignupCleanupService.deleteExpiredPendingSignups() | timeMs=0
2026-06-20 08:17:51 [scheduling-1] INFO  c.p.b.m.aspect.LoggingAspect - [84d1418d-9f47-47f8-b657-cd34e2410925] --> PendingSignupCleanupService.deleteExpiredPendingSignups()
2026-06-20 08:17:51 [scheduling-1] DEBUG org.hibernate.SQL - 
    /* SELECT
        p 
    FROM
        PendingSignup p 
    WHERE
        p.expiryTime < :time */ select
            ps1_0.id,
            ps1_0.email,
            ps1_0.expiry_time,
            ps1_0.otp,
            ps1_0.password,
            ps1_0.username 
        from
            pending_signup ps1_0 
        where
            ps1_0.expiry_time<?
2026-06-20 08:17:51 [scheduling-1] INFO  c.p.b.m.aspect.LoggingAspect - [84d1418d-9f47-47f8-b657-cd34e2410925] <-- PendingSignupCleanupService.deleteExpiredPendingSignups() | timeMs=0
2026-06-20 08:18:51 [scheduling-1] INFO  c.p.b.m.aspect.LoggingAspect - [71f2818d-8ae5-424a-8c86-4a673c19a78a] --> PendingSignupCleanupService.deleteExpiredPendingSignups()
2026-06-20 08:18:51 [scheduling-1] DEBUG org.hibernate.SQL - 
    /* SELECT
        p 
    FROM
        PendingSignup p 
    WHERE
        p.expiryTime < :time */ select
            ps1_0.id,
            ps1_0.email,
            ps1_0.expiry_time,
            ps1_0.otp,
            ps1_0.password,
            ps1_0.username 
        from
            pending_signup ps1_0 
        where
            ps1_0.expiry_time<?
2026-06-20 08:18:51 [scheduling-1] INFO  c.p.b.m.aspect.LoggingAspect - [71f2818d-8ae5-424a-8c86-4a673c19a78a] <-- PendingSignupCleanupService.deleteExpiredPendingSignups() | timeMs=0
2026-06-20 08:19:51 [scheduling-1] INFO  c.p.b.m.aspect.LoggingAspect - [789c1756-909c-4664-ac34-b3a5f945cbc2] --> PendingSignupCleanupService.deleteExpiredPendingSignups()
2026-06-20 08:19:51 [scheduling-1] DEBUG org.hibernate.SQL - 
    /* SELECT
        p 
    FROM
        PendingSignup p 
    WHERE
        p.expiryTime < :time */ select
            ps1_0.id,
            ps1_0.email,
            ps1_0.expiry_time,
            ps1_0.otp,
            ps1_0.password,
            ps1_0.username 
        from
            pending_signup ps1_0 
        where
            ps1_0.expiry_time<?
2026-06-20 08:19:51 [scheduling-1] INFO  c.p.b.m.aspect.LoggingAspect - [789c1756-909c-4664-ac34-b3a5f945cbc2] <-- PendingSignupCleanupService.deleteExpiredPendingSignups() | timeMs=1
2026-06-20 08:20:51 [scheduling-1] INFO  c.p.b.m.aspect.LoggingAspect - [1adc62cc-fa34-4862-9c03-2b54980238ec] --> PendingSignupCleanupService.deleteExpiredPendingSignups()
2026-06-20 08:20:51 [scheduling-1] DEBUG org.hibernate.SQL - 
    /* SELECT
        p 
    FROM
        PendingSignup p 
    WHERE
        p.expiryTime < :time */ select
            ps1_0.id,
            ps1_0.email,
            ps1_0.expiry_time,
            ps1_0.otp,
            ps1_0.password,
            ps1_0.username 
        from
            pending_signup ps1_0 
        where
            ps1_0.expiry_time<?
2026-06-20 08:20:51 [scheduling-1] INFO  c.p.b.m.aspect.LoggingAspect - [1adc62cc-fa34-4862-9c03-2b54980238ec] <-- PendingSignupCleanupService.deleteExpiredPendingSignups() | timeMs=0
2026-06-20 08:21:51 [scheduling-1] INFO  c.p.b.m.aspect.LoggingAspect - [e2031ebb-85bc-4600-b375-69078aa6f555] --> PendingSignupCleanupService.deleteExpiredPendingSignups()
2026-06-20 08:21:51 [scheduling-1] DEBUG org.hibernate.SQL - 
    /* SELECT
        p 
    FROM
        PendingSignup p 
    WHERE
        p.expiryTime < :time */ select
            ps1_0.id,
            ps1_0.email,
            ps1_0.expiry_time,
            ps1_0.otp,
            ps1_0.password,
            ps1_0.username 
        from
            pending_signup ps1_0 
        where
            ps1_0.expiry_time<?
2026-06-20 08:21:51 [scheduling-1] INFO  c.p.b.m.aspect.LoggingAspect - [e2031ebb-85bc-4600-b375-69078aa6f555] <-- PendingSignupCleanupService.deleteExpiredPendingSignups() | timeMs=0
2026-06-20 08:22:51 [scheduling-1] INFO  c.p.b.m.aspect.LoggingAspect - [b7e7f5a4-8f7b-43a2-a5c7-e19fc1f439ab] --> PendingSignupCleanupService.deleteExpiredPendingSignups()
2026-06-20 08:22:51 [scheduling-1] DEBUG org.hibernate.SQL - 
    /* SELECT
        p 
    FROM
        PendingSignup p 
    WHERE
        p.expiryTime < :time */ select
            ps1_0.id,
            ps1_0.email,
            ps1_0.expiry_time,
            ps1_0.otp,
            ps1_0.password,
            ps1_0.username 
        from
            pending_signup ps1_0 
        where
            ps1_0.expiry_time<?
2026-06-20 08:22:51 [scheduling-1] INFO  c.p.b.m.aspect.LoggingAspect - [b7e7f5a4-8f7b-43a2-a5c7-e19fc1f439ab] <-- PendingSignupCleanupService.deleteExpiredPendingSignups() | timeMs=0
2026-06-20 08:23:51 [scheduling-1] INFO  c.p.b.m.aspect.LoggingAspect - [42524be7-94a7-425e-8624-5d629f0f6ad0] --> PendingSignupCleanupService.deleteExpiredPendingSignups()
2026-06-20 08:23:51 [scheduling-1] DEBUG org.hibernate.SQL - 
    /* SELECT
        p 
    FROM
        PendingSignup p 
    WHERE
        p.expiryTime < :time */ select
            ps1_0.id,
            ps1_0.email,
            ps1_0.expiry_time,
            ps1_0.otp,
            ps1_0.password,
            ps1_0.username 
        from
            pending_signup ps1_0 
        where
            ps1_0.expiry_time<?
2026-06-20 08:23:51 [scheduling-1] INFO  c.p.b.m.aspect.LoggingAspect - [42524be7-94a7-425e-8624-5d629f0f6ad0] <-- PendingSignupCleanupService.deleteExpiredPendingSignups() | timeMs=1
2026-06-20 08:24:51 [scheduling-1] INFO  c.p.b.m.aspect.LoggingAspect - [1c753a6d-d5bb-43a4-83eb-f7efa1e001a9] --> PendingSignupCleanupService.deleteExpiredPendingSignups()
2026-06-20 08:24:51 [scheduling-1] DEBUG org.hibernate.SQL - 
    /* SELECT
        p 
    FROM
        PendingSignup p 
    WHERE
        p.expiryTime < :time */ select
            ps1_0.id,
            ps1_0.email,
            ps1_0.expiry_time,
            ps1_0.otp,
            ps1_0.password,
            ps1_0.username 
        from
            pending_signup ps1_0 
        where
            ps1_0.expiry_time<?
2026-06-20 08:24:51 [scheduling-1] INFO  c.p.b.m.aspect.LoggingAspect - [1c753a6d-d5bb-43a4-83eb-f7efa1e001a9] <-- PendingSignupCleanupService.deleteExpiredPendingSignups() | timeMs=0
2026-06-20 08:25:51 [scheduling-1] INFO  c.p.b.m.aspect.LoggingAspect - [7ce6b67f-b0f8-4bd7-a896-e450b29ba74e] --> PendingSignupCleanupService.deleteExpiredPendingSignups()
2026-06-20 08:25:51 [scheduling-1] DEBUG org.hibernate.SQL - 
    /* SELECT
        p 
    FROM
        PendingSignup p 
    WHERE
        p.expiryTime < :time */ select
            ps1_0.id,
            ps1_0.email,
            ps1_0.expiry_time,
            ps1_0.otp,
            ps1_0.password,
            ps1_0.username 
        from
            pending_signup ps1_0 
        where
            ps1_0.expiry_time<?
2026-06-20 08:25:51 [scheduling-1] INFO  c.p.b.m.aspect.LoggingAspect - [7ce6b67f-b0f8-4bd7-a896-e450b29ba74e] <-- PendingSignupCleanupService.deleteExpiredPendingSignups() | timeMs=0
2026-06-20 08:26:51 [scheduling-1] INFO  c.p.b.m.aspect.LoggingAspect - [ac82e2ac-1732-403e-8aa3-b94c52c337d6] --> PendingSignupCleanupService.deleteExpiredPendingSignups()
2026-06-20 08:26:51 [scheduling-1] DEBUG org.hibernate.SQL - 
    /* SELECT
        p 
    FROM
        PendingSignup p 
    WHERE
        p.expiryTime < :time */ select
            ps1_0.id,
            ps1_0.email,
            ps1_0.expiry_time,
            ps1_0.otp,
            ps1_0.password,
            ps1_0.username 
        from
            pending_signup ps1_0 
        where
            ps1_0.expiry_time<?
2026-06-20 08:26:51 [scheduling-1] INFO  c.p.b.m.aspect.LoggingAspect - [ac82e2ac-1732-403e-8aa3-b94c52c337d6] <-- PendingSignupCleanupService.deleteExpiredPendingSignups() | timeMs=0
2026-06-20 08:27:51 [scheduling-1] INFO  c.p.b.m.aspect.LoggingAspect - [19d775b5-05f2-48ee-94bb-55e69d9ccb14] --> PendingSignupCleanupService.deleteExpiredPendingSignups()
2026-06-20 08:27:51 [scheduling-1] DEBUG org.hibernate.SQL - 
    /* SELECT
        p 
    FROM
        PendingSignup p 
    WHERE
        p.expiryTime < :time */ select
            ps1_0.id,
            ps1_0.email,
            ps1_0.expiry_time,
            ps1_0.otp,
            ps1_0.password,
            ps1_0.username 
        from
            pending_signup ps1_0 
        where
            ps1_0.expiry_time<?
2026-06-20 08:27:51 [scheduling-1] INFO  c.p.b.m.aspect.LoggingAspect - [19d775b5-05f2-48ee-94bb-55e69d9ccb14] <-- PendingSignupCleanupService.deleteExpiredPendingSignups() | timeMs=0
2026-06-20 08:28:51 [scheduling-1] INFO  c.p.b.m.aspect.LoggingAspect - [5bdc8b58-0f1d-4bc4-936c-0a67677b63d8] --> PendingSignupCleanupService.deleteExpiredPendingSignups()
2026-06-20 08:28:51 [scheduling-1] DEBUG org.hibernate.SQL - 
    /* SELECT
        p 
    FROM
        PendingSignup p 
    WHERE
        p.expiryTime < :time */ select
            ps1_0.id,
            ps1_0.email,
            ps1_0.expiry_time,
            ps1_0.otp,
            ps1_0.password,
            ps1_0.username 
        from
            pending_signup ps1_0 
        where
            ps1_0.expiry_time<?
2026-06-20 08:28:51 [scheduling-1] INFO  c.p.b.m.aspect.LoggingAspect - [5bdc8b58-0f1d-4bc4-936c-0a67677b63d8] <-- PendingSignupCleanupService.deleteExpiredPendingSignups() | timeMs=0
2026-06-20 08:29:51 [scheduling-1] INFO  c.p.b.m.aspect.LoggingAspect - [e912c631-eb29-424f-b12d-646b62696756] --> PendingSignupCleanupService.deleteExpiredPendingSignups()
2026-06-20 08:29:51 [scheduling-1] DEBUG org.hibernate.SQL - 
    /* SELECT
        p 
    FROM
        PendingSignup p 
    WHERE
        p.expiryTime < :time */ select
            ps1_0.id,
            ps1_0.email,
            ps1_0.expiry_time,
            ps1_0.otp,
            ps1_0.password,
            ps1_0.username 
        from
            pending_signup ps1_0 
        where
            ps1_0.expiry_time<?
2026-06-20 08:29:51 [scheduling-1] INFO  c.p.b.m.aspect.LoggingAspect - [e912c631-eb29-424f-b12d-646b62696756] <-- PendingSignupCleanupService.deleteExpiredPendingSignups() | timeMs=0
2026-06-20 08:30:51 [scheduling-1] INFO  c.p.b.m.aspect.LoggingAspect - [a10a331c-d548-4a46-bb70-2874985c122f] --> PendingSignupCleanupService.deleteExpiredPendingSignups()
2026-06-20 08:30:51 [scheduling-1] DEBUG org.hibernate.SQL - 
    /* SELECT
        p 
    FROM
        PendingSignup p 
    WHERE
        p.expiryTime < :time */ select
            ps1_0.id,
            ps1_0.email,
            ps1_0.expiry_time,
            ps1_0.otp,
            ps1_0.password,
            ps1_0.username 
        from
            pending_signup ps1_0 
        where
            ps1_0.expiry_time<?
2026-06-20 08:30:51 [scheduling-1] INFO  c.p.b.m.aspect.LoggingAspect - [a10a331c-d548-4a46-bb70-2874985c122f] <-- PendingSignupCleanupService.deleteExpiredPendingSignups() | timeMs=0
2026-06-20 08:31:51 [scheduling-1] INFO  c.p.b.m.aspect.LoggingAspect - [08bbe40c-7ea6-481b-ae2a-47e747414fdf] --> PendingSignupCleanupService.deleteExpiredPendingSignups()
2026-06-20 08:31:51 [scheduling-1] DEBUG org.hibernate.SQL - 
    /* SELECT
        p 
    FROM
        PendingSignup p 
    WHERE
        p.expiryTime < :time */ select
            ps1_0.id,
            ps1_0.email,
            ps1_0.expiry_time,
            ps1_0.otp,
            ps1_0.password,
            ps1_0.username 
        from
            pending_signup ps1_0 
        where
            ps1_0.expiry_time<?
2026-06-20 08:31:51 [scheduling-1] INFO  c.p.b.m.aspect.LoggingAspect - [08bbe40c-7ea6-481b-ae2a-47e747414fdf] <-- PendingSignupCleanupService.deleteExpiredPendingSignups() | timeMs=0
2026-06-20 08:32:51 [scheduling-1] INFO  c.p.b.m.aspect.LoggingAspect - [19ff68f1-f45a-450e-988d-df471c44d3f7] --> PendingSignupCleanupService.deleteExpiredPendingSignups()
2026-06-20 08:32:51 [scheduling-1] DEBUG org.hibernate.SQL - 
    /* SELECT
        p 
    FROM
        PendingSignup p 
    WHERE
        p.expiryTime < :time */ select
            ps1_0.id,
            ps1_0.email,
            ps1_0.expiry_time,
            ps1_0.otp,
            ps1_0.password,
            ps1_0.username 
        from
            pending_signup ps1_0 
        where
            ps1_0.expiry_time<?
2026-06-20 08:32:51 [scheduling-1] INFO  c.p.b.m.aspect.LoggingAspect - [19ff68f1-f45a-450e-988d-df471c44d3f7] <-- PendingSignupCleanupService.deleteExpiredPendingSignups() | timeMs=1
2026-06-20 08:33:51 [scheduling-1] INFO  c.p.b.m.aspect.LoggingAspect - [c2c1c4aa-6142-4bdd-bfb2-43eb4be1ed71] --> PendingSignupCleanupService.deleteExpiredPendingSignups()
2026-06-20 08:33:51 [scheduling-1] DEBUG org.hibernate.SQL - 
    /* SELECT
        p 
    FROM
        PendingSignup p 
    WHERE
        p.expiryTime < :time */ select
            ps1_0.id,
            ps1_0.email,
            ps1_0.expiry_time,
            ps1_0.otp,
            ps1_0.password,
            ps1_0.username 
        from
            pending_signup ps1_0 
        where
            ps1_0.expiry_time<?
2026-06-20 08:33:51 [scheduling-1] INFO  c.p.b.m.aspect.LoggingAspect - [c2c1c4aa-6142-4bdd-bfb2-43eb4be1ed71] <-- PendingSignupCleanupService.deleteExpiredPendingSignups() | timeMs=1
2026-06-20 08:34:51 [scheduling-1] INFO  c.p.b.m.aspect.LoggingAspect - [357d8a00-0800-42f6-8ffd-1242be939366] --> PendingSignupCleanupService.deleteExpiredPendingSignups()
2026-06-20 08:34:51 [scheduling-1] DEBUG org.hibernate.SQL - 
    /* SELECT
        p 
    FROM
        PendingSignup p 
    WHERE
        p.expiryTime < :time */ select
            ps1_0.id,
            ps1_0.email,
            ps1_0.expiry_time,
            ps1_0.otp,
            ps1_0.password,
            ps1_0.username 
        from
            pending_signup ps1_0 
        where
            ps1_0.expiry_time<?
2026-06-20 08:34:51 [scheduling-1] INFO  c.p.b.m.aspect.LoggingAspect - [357d8a00-0800-42f6-8ffd-1242be939366] <-- PendingSignupCleanupService.deleteExpiredPendingSignups() | timeMs=0
2026-06-20 08:35:51 [scheduling-1] INFO  c.p.b.m.aspect.LoggingAspect - [13252f67-3711-41f9-bcb1-5acf032610a6] --> PendingSignupCleanupService.deleteExpiredPendingSignups()
2026-06-20 08:35:51 [scheduling-1] DEBUG org.hibernate.SQL - 
    /* SELECT
        p 
    FROM
        PendingSignup p 
    WHERE
        p.expiryTime < :time */ select
            ps1_0.id,
            ps1_0.email,
            ps1_0.expiry_time,
            ps1_0.otp,
            ps1_0.password,
            ps1_0.username 
        from
            pending_signup ps1_0 
        where
            ps1_0.expiry_time<?
2026-06-20 08:35:51 [scheduling-1] INFO  c.p.b.m.aspect.LoggingAspect - [13252f67-3711-41f9-bcb1-5acf032610a6] <-- PendingSignupCleanupService.deleteExpiredPendingSignups() | timeMs=0
2026-06-20 08:36:51 [scheduling-1] INFO  c.p.b.m.aspect.LoggingAspect - [d5d1785a-5825-4568-b3ef-9df4667073cf] --> PendingSignupCleanupService.deleteExpiredPendingSignups()
2026-06-20 08:36:51 [scheduling-1] DEBUG org.hibernate.SQL - 
    /* SELECT
        p 
    FROM
        PendingSignup p 
    WHERE
        p.expiryTime < :time */ select
            ps1_0.id,
            ps1_0.email,
            ps1_0.expiry_time,
            ps1_0.otp,
            ps1_0.password,
            ps1_0.username 
        from
            pending_signup ps1_0 
        where
            ps1_0.expiry_time<?
2026-06-20 08:36:51 [scheduling-1] INFO  c.p.b.m.aspect.LoggingAspect - [d5d1785a-5825-4568-b3ef-9df4667073cf] <-- PendingSignupCleanupService.deleteExpiredPendingSignups() | timeMs=0
2026-06-20 08:37:51 [scheduling-1] INFO  c.p.b.m.aspect.LoggingAspect - [b7711a11-0228-4ae1-8e56-2536e3a66741] --> PendingSignupCleanupService.deleteExpiredPendingSignups()
2026-06-20 08:37:51 [scheduling-1] DEBUG org.hibernate.SQL - 
    /* SELECT
        p 
    FROM
        PendingSignup p 
    WHERE
        p.expiryTime < :time */ select
            ps1_0.id,
            ps1_0.email,
            ps1_0.expiry_time,
            ps1_0.otp,
            ps1_0.password,
            ps1_0.username 
        from
            pending_signup ps1_0 
        where
            ps1_0.expiry_time<?
2026-06-20 08:37:51 [scheduling-1] INFO  c.p.b.m.aspect.LoggingAspect - [b7711a11-0228-4ae1-8e56-2536e3a66741] <-- PendingSignupCleanupService.deleteExpiredPendingSignups() | timeMs=0
2026-06-20 08:38:51 [scheduling-1] INFO  c.p.b.m.aspect.LoggingAspect - [a809e456-a644-47a9-a518-f86b9f53d56e] --> PendingSignupCleanupService.deleteExpiredPendingSignups()
2026-06-20 08:38:51 [scheduling-1] DEBUG org.hibernate.SQL - 
    /* SELECT
        p 
    FROM
        PendingSignup p 
    WHERE
        p.expiryTime < :time */ select
            ps1_0.id,
            ps1_0.email,
            ps1_0.expiry_time,
            ps1_0.otp,
            ps1_0.password,
            ps1_0.username 
        from
            pending_signup ps1_0 
        where
            ps1_0.expiry_time<?
2026-06-20 08:38:51 [scheduling-1] INFO  c.p.b.m.aspect.LoggingAspect - [a809e456-a644-47a9-a518-f86b9f53d56e] <-- PendingSignupCleanupService.deleteExpiredPendingSignups() | timeMs=0
2026-06-20 08:39:51 [scheduling-1] INFO  c.p.b.m.aspect.LoggingAspect - [dd8ded0a-e997-42fe-a3d3-79619aa64ce9] --> PendingSignupCleanupService.deleteExpiredPendingSignups()
2026-06-20 08:39:51 [scheduling-1] DEBUG org.hibernate.SQL - 
    /* SELECT
        p 
    FROM
        PendingSignup p 
    WHERE
        p.expiryTime < :time */ select
            ps1_0.id,
            ps1_0.email,
            ps1_0.expiry_time,
            ps1_0.otp,
            ps1_0.password,
            ps1_0.username 
        from
            pending_signup ps1_0 
        where
            ps1_0.expiry_time<?
2026-06-20 08:39:51 [scheduling-1] INFO  c.p.b.m.aspect.LoggingAspect - [dd8ded0a-e997-42fe-a3d3-79619aa64ce9] <-- PendingSignupCleanupService.deleteExpiredPendingSignups() | timeMs=0
2026-06-20 08:40:51 [scheduling-1] INFO  c.p.b.m.aspect.LoggingAspect - [0f576613-1d35-436e-88c9-8179b80a9fb9] --> PendingSignupCleanupService.deleteExpiredPendingSignups()
2026-06-20 08:40:51 [scheduling-1] DEBUG org.hibernate.SQL - 
    /* SELECT
        p 
    FROM
        PendingSignup p 
    WHERE
        p.expiryTime < :time */ select
            ps1_0.id,
            ps1_0.email,
            ps1_0.expiry_time,
            ps1_0.otp,
            ps1_0.password,
            ps1_0.username 
        from
            pending_signup ps1_0 
        where
            ps1_0.expiry_time<?
2026-06-20 08:40:51 [scheduling-1] INFO  c.p.b.m.aspect.LoggingAspect - [0f576613-1d35-436e-88c9-8179b80a9fb9] <-- PendingSignupCleanupService.deleteExpiredPendingSignups() | timeMs=0
2026-06-20 08:41:51 [scheduling-1] INFO  c.p.b.m.aspect.LoggingAspect - [9460ea04-0f90-4c07-810d-5e03a1f09bdd] --> PendingSignupCleanupService.deleteExpiredPendingSignups()
2026-06-20 08:41:51 [scheduling-1] DEBUG org.hibernate.SQL - 
    /* SELECT
        p 
    FROM
        PendingSignup p 
    WHERE
        p.expiryTime < :time */ select
            ps1_0.id,
            ps1_0.email,
            ps1_0.expiry_time,
            ps1_0.otp,
            ps1_0.password,
            ps1_0.username 
        from
            pending_signup ps1_0 
        where
            ps1_0.expiry_time<?
2026-06-20 08:41:51 [scheduling-1] INFO  c.p.b.m.aspect.LoggingAspect - [9460ea04-0f90-4c07-810d-5e03a1f09bdd] <-- PendingSignupCleanupService.deleteExpiredPendingSignups() | timeMs=1
2026-06-20 08:42:51 [scheduling-1] INFO  c.p.b.m.aspect.LoggingAspect - [2bad643b-ed3d-45df-a64f-2d0d189ca95f] --> PendingSignupCleanupService.deleteExpiredPendingSignups()
2026-06-20 08:42:51 [scheduling-1] DEBUG org.hibernate.SQL - 
    /* SELECT
        p 
    FROM
        PendingSignup p 
    WHERE
        p.expiryTime < :time */ select
            ps1_0.id,
            ps1_0.email,
            ps1_0.expiry_time,
            ps1_0.otp,
            ps1_0.password,
            ps1_0.username 
        from
            pending_signup ps1_0 
        where
            ps1_0.expiry_time<?
2026-06-20 08:42:51 [scheduling-1] INFO  c.p.b.m.aspect.LoggingAspect - [2bad643b-ed3d-45df-a64f-2d0d189ca95f] <-- PendingSignupCleanupService.deleteExpiredPendingSignups() | timeMs=0
2026-06-20 08:43:51 [scheduling-1] INFO  c.p.b.m.aspect.LoggingAspect - [be485bd4-553d-47bb-9070-4309cee63322] --> PendingSignupCleanupService.deleteExpiredPendingSignups()
2026-06-20 08:43:51 [scheduling-1] DEBUG org.hibernate.SQL - 
    /* SELECT
        p 
    FROM
        PendingSignup p 
    WHERE
        p.expiryTime < :time */ select
            ps1_0.id,
            ps1_0.email,
            ps1_0.expiry_time,
            ps1_0.otp,
            ps1_0.password,
            ps1_0.username 
        from
            pending_signup ps1_0 
        where
            ps1_0.expiry_time<?
2026-06-20 08:43:51 [scheduling-1] INFO  c.p.b.m.aspect.LoggingAspect - [be485bd4-553d-47bb-9070-4309cee63322] <-- PendingSignupCleanupService.deleteExpiredPendingSignups() | timeMs=0
2026-06-20 08:44:51 [scheduling-1] INFO  c.p.b.m.aspect.LoggingAspect - [dfdad1a8-d1b6-4be7-adc8-cb3fe8ad6273] --> PendingSignupCleanupService.deleteExpiredPendingSignups()
2026-06-20 08:44:51 [scheduling-1] DEBUG org.hibernate.SQL - 
    /* SELECT
        p 
    FROM
        PendingSignup p 
    WHERE
        p.expiryTime < :time */ select
            ps1_0.id,
            ps1_0.email,
            ps1_0.expiry_time,
            ps1_0.otp,
            ps1_0.password,
            ps1_0.username 
        from
            pending_signup ps1_0 
        where
            ps1_0.expiry_time<?
2026-06-20 08:44:51 [scheduling-1] INFO  c.p.b.m.aspect.LoggingAspect - [dfdad1a8-d1b6-4be7-adc8-cb3fe8ad6273] <-- PendingSignupCleanupService.deleteExpiredPendingSignups() | timeMs=0
2026-06-20 08:45:51 [scheduling-1] INFO  c.p.b.m.aspect.LoggingAspect - [2eadb2e9-5a70-4dd9-8573-cb9bc2d836b2] --> PendingSignupCleanupService.deleteExpiredPendingSignups()
2026-06-20 08:45:51 [scheduling-1] DEBUG org.hibernate.SQL - 
    /* SELECT
        p 
    FROM
        PendingSignup p 
    WHERE
        p.expiryTime < :time */ select
            ps1_0.id,
            ps1_0.email,
            ps1_0.expiry_time,
            ps1_0.otp,
            ps1_0.password,
            ps1_0.username 
        from
            pending_signup ps1_0 
        where
            ps1_0.expiry_time<?
2026-06-20 08:45:51 [scheduling-1] INFO  c.p.b.m.aspect.LoggingAspect - [2eadb2e9-5a70-4dd9-8573-cb9bc2d836b2] <-- PendingSignupCleanupService.deleteExpiredPendingSignups() | timeMs=0
2026-06-20 08:46:51 [scheduling-1] INFO  c.p.b.m.aspect.LoggingAspect - [3fd3ac51-e63f-452b-a64b-5cce8bad7f05] --> PendingSignupCleanupService.deleteExpiredPendingSignups()
2026-06-20 08:46:51 [scheduling-1] DEBUG org.hibernate.SQL - 
    /* SELECT
        p 
    FROM
        PendingSignup p 
    WHERE
        p.expiryTime < :time */ select
            ps1_0.id,
            ps1_0.email,
            ps1_0.expiry_time,
            ps1_0.otp,
            ps1_0.password,
            ps1_0.username 
        from
            pending_signup ps1_0 
        where
            ps1_0.expiry_time<?
2026-06-20 08:46:51 [scheduling-1] INFO  c.p.b.m.aspect.LoggingAspect - [3fd3ac51-e63f-452b-a64b-5cce8bad7f05] <-- PendingSignupCleanupService.deleteExpiredPendingSignups() | timeMs=0
2026-06-20 08:47:51 [scheduling-1] INFO  c.p.b.m.aspect.LoggingAspect - [f11307ee-a1d1-4826-97ce-445fb8a5f23d] --> PendingSignupCleanupService.deleteExpiredPendingSignups()
2026-06-20 08:47:51 [scheduling-1] DEBUG org.hibernate.SQL - 
    /* SELECT
        p 
    FROM
        PendingSignup p 
    WHERE
        p.expiryTime < :time */ select
            ps1_0.id,
            ps1_0.email,
            ps1_0.expiry_time,
            ps1_0.otp,
            ps1_0.password,
            ps1_0.username 
        from
            pending_signup ps1_0 
        where
            ps1_0.expiry_time<?
2026-06-20 08:47:51 [scheduling-1] INFO  c.p.b.m.aspect.LoggingAspect - [f11307ee-a1d1-4826-97ce-445fb8a5f23d] <-- PendingSignupCleanupService.deleteExpiredPendingSignups() | timeMs=0
2026-06-20 08:48:51 [scheduling-1] INFO  c.p.b.m.aspect.LoggingAspect - [24917ec3-00e3-4903-ba14-c21d5296fa49] --> PendingSignupCleanupService.deleteExpiredPendingSignups()
2026-06-20 08:48:51 [scheduling-1] DEBUG org.hibernate.SQL - 
    /* SELECT
        p 
    FROM
        PendingSignup p 
    WHERE
        p.expiryTime < :time */ select
            ps1_0.id,
            ps1_0.email,
            ps1_0.expiry_time,
            ps1_0.otp,
            ps1_0.password,
            ps1_0.username 
        from
            pending_signup ps1_0 
        where
            ps1_0.expiry_time<?
2026-06-20 08:48:51 [scheduling-1] INFO  c.p.b.m.aspect.LoggingAspect - [24917ec3-00e3-4903-ba14-c21d5296fa49] <-- PendingSignupCleanupService.deleteExpiredPendingSignups() | timeMs=0
2026-06-20 08:49:51 [scheduling-1] INFO  c.p.b.m.aspect.LoggingAspect - [e709a4ab-5f2d-454a-9986-ae42ef340a8e] --> PendingSignupCleanupService.deleteExpiredPendingSignups()
2026-06-20 08:49:51 [scheduling-1] DEBUG org.hibernate.SQL - 
    /* SELECT
        p 
    FROM
        PendingSignup p 
    WHERE
        p.expiryTime < :time */ select
            ps1_0.id,
            ps1_0.email,
            ps1_0.expiry_time,
            ps1_0.otp,
            ps1_0.password,
            ps1_0.username 
        from
            pending_signup ps1_0 
        where
            ps1_0.expiry_time<?
2026-06-20 08:49:51 [scheduling-1] INFO  c.p.b.m.aspect.LoggingAspect - [e709a4ab-5f2d-454a-9986-ae42ef340a8e] <-- PendingSignupCleanupService.deleteExpiredPendingSignups() | timeMs=0
2026-06-20 08:50:51 [scheduling-1] INFO  c.p.b.m.aspect.LoggingAspect - [f52058fd-f532-4c2c-9015-bc5929d22fba] --> PendingSignupCleanupService.deleteExpiredPendingSignups()
2026-06-20 08:50:51 [scheduling-1] DEBUG org.hibernate.SQL - 
    /* SELECT
        p 
    FROM
        PendingSignup p 
    WHERE
        p.expiryTime < :time */ select
            ps1_0.id,
            ps1_0.email,
            ps1_0.expiry_time,
            ps1_0.otp,
            ps1_0.password,
            ps1_0.username 
        from
            pending_signup ps1_0 
        where
            ps1_0.expiry_time<?
2026-06-20 08:50:51 [scheduling-1] INFO  c.p.b.m.aspect.LoggingAspect - [f52058fd-f532-4c2c-9015-bc5929d22fba] <-- PendingSignupCleanupService.deleteExpiredPendingSignups() | timeMs=0
2026-06-20 08:51:51 [scheduling-1] INFO  c.p.b.m.aspect.LoggingAspect - [6902fe46-43de-445d-8d66-e8dc689ac948] --> PendingSignupCleanupService.deleteExpiredPendingSignups()
2026-06-20 08:51:51 [scheduling-1] DEBUG org.hibernate.SQL - 
    /* SELECT
        p 
    FROM
        PendingSignup p 
    WHERE
        p.expiryTime < :time */ select
            ps1_0.id,
            ps1_0.email,
            ps1_0.expiry_time,
            ps1_0.otp,
            ps1_0.password,
            ps1_0.username 
        from
            pending_signup ps1_0 
        where
            ps1_0.expiry_time<?
2026-06-20 08:51:51 [scheduling-1] INFO  c.p.b.m.aspect.LoggingAspect - [6902fe46-43de-445d-8d66-e8dc689ac948] <-- PendingSignupCleanupService.deleteExpiredPendingSignups() | timeMs=0
2026-06-20 08:52:51 [scheduling-1] INFO  c.p.b.m.aspect.LoggingAspect - [8c0d27df-3443-44f4-a970-104144ca2f38] --> PendingSignupCleanupService.deleteExpiredPendingSignups()
2026-06-20 08:52:51 [scheduling-1] DEBUG org.hibernate.SQL - 
    /* SELECT
        p 
    FROM
        PendingSignup p 
    WHERE
        p.expiryTime < :time */ select
            ps1_0.id,
            ps1_0.email,
            ps1_0.expiry_time,
            ps1_0.otp,
            ps1_0.password,
            ps1_0.username 
        from
            pending_signup ps1_0 
        where
            ps1_0.expiry_time<?
2026-06-20 08:52:51 [scheduling-1] INFO  c.p.b.m.aspect.LoggingAspect - [8c0d27df-3443-44f4-a970-104144ca2f38] <-- PendingSignupCleanupService.deleteExpiredPendingSignups() | timeMs=0
2026-06-20 08:53:51 [scheduling-1] INFO  c.p.b.m.aspect.LoggingAspect - [63b72829-52b5-456d-9c1f-d1f9b8230d74] --> PendingSignupCleanupService.deleteExpiredPendingSignups()
2026-06-20 08:53:51 [scheduling-1] DEBUG org.hibernate.SQL - 
    /* SELECT
        p 
    FROM
        PendingSignup p 
    WHERE
        p.expiryTime < :time */ select
            ps1_0.id,
            ps1_0.email,
            ps1_0.expiry_time,
            ps1_0.otp,
            ps1_0.password,
            ps1_0.username 
        from
            pending_signup ps1_0 
        where
            ps1_0.expiry_time<?
2026-06-20 08:53:51 [scheduling-1] INFO  c.p.b.m.aspect.LoggingAspect - [63b72829-52b5-456d-9c1f-d1f9b8230d74] <-- PendingSignupCleanupService.deleteExpiredPendingSignups() | timeMs=1
2026-06-20 08:54:51 [scheduling-1] INFO  c.p.b.m.aspect.LoggingAspect - [bee0e48b-39c0-45eb-a101-ab82a46e3715] --> PendingSignupCleanupService.deleteExpiredPendingSignups()
2026-06-20 08:54:51 [scheduling-1] DEBUG org.hibernate.SQL - 
    /* SELECT
        p 
    FROM
        PendingSignup p 
    WHERE
        p.expiryTime < :time */ select
            ps1_0.id,
            ps1_0.email,
            ps1_0.expiry_time,
            ps1_0.otp,
            ps1_0.password,
            ps1_0.username 
        from
            pending_signup ps1_0 
        where
            ps1_0.expiry_time<?
2026-06-20 08:54:51 [scheduling-1] INFO  c.p.b.m.aspect.LoggingAspect - [bee0e48b-39c0-45eb-a101-ab82a46e3715] <-- PendingSignupCleanupService.deleteExpiredPendingSignups() | timeMs=0
2026-06-20 08:55:51 [scheduling-1] INFO  c.p.b.m.aspect.LoggingAspect - [7138eda2-048c-49c3-8e19-fd3d87bfd1fe] --> PendingSignupCleanupService.deleteExpiredPendingSignups()
2026-06-20 08:55:51 [scheduling-1] DEBUG org.hibernate.SQL - 
    /* SELECT
        p 
    FROM
        PendingSignup p 
    WHERE
        p.expiryTime < :time */ select
            ps1_0.id,
            ps1_0.email,
            ps1_0.expiry_time,
            ps1_0.otp,
            ps1_0.password,
            ps1_0.username 
        from
            pending_signup ps1_0 
        where
            ps1_0.expiry_time<?
2026-06-20 08:55:51 [scheduling-1] INFO  c.p.b.m.aspect.LoggingAspect - [7138eda2-048c-49c3-8e19-fd3d87bfd1fe] <-- PendingSignupCleanupService.deleteExpiredPendingSignups() | timeMs=0
2026-06-20 08:56:51 [scheduling-1] INFO  c.p.b.m.aspect.LoggingAspect - [ae28fe59-1a39-4c46-8c76-1a0f178eae2c] --> PendingSignupCleanupService.deleteExpiredPendingSignups()
2026-06-20 08:56:51 [scheduling-1] DEBUG org.hibernate.SQL - 
    /* SELECT
        p 
    FROM
        PendingSignup p 
    WHERE
        p.expiryTime < :time */ select
            ps1_0.id,
            ps1_0.email,
            ps1_0.expiry_time,
            ps1_0.otp,
            ps1_0.password,
            ps1_0.username 
        from
            pending_signup ps1_0 
        where
            ps1_0.expiry_time<?
2026-06-20 08:56:51 [scheduling-1] INFO  c.p.b.m.aspect.LoggingAspect - [ae28fe59-1a39-4c46-8c76-1a0f178eae2c] <-- PendingSignupCleanupService.deleteExpiredPendingSignups() | timeMs=0
2026-06-20 08:57:51 [scheduling-1] INFO  c.p.b.m.aspect.LoggingAspect - [76d43293-9b8e-4367-bbc6-8418616bf696] --> PendingSignupCleanupService.deleteExpiredPendingSignups()
2026-06-20 08:57:51 [scheduling-1] DEBUG org.hibernate.SQL - 
    /* SELECT
        p 
    FROM
        PendingSignup p 
    WHERE
        p.expiryTime < :time */ select
            ps1_0.id,
            ps1_0.email,
            ps1_0.expiry_time,
            ps1_0.otp,
            ps1_0.password,
            ps1_0.username 
        from
            pending_signup ps1_0 
        where
            ps1_0.expiry_time<?
2026-06-20 08:57:51 [scheduling-1] INFO  c.p.b.m.aspect.LoggingAspect - [76d43293-9b8e-4367-bbc6-8418616bf696] <-- PendingSignupCleanupService.deleteExpiredPendingSignups() | timeMs=0
2026-06-20 08:58:51 [scheduling-1] INFO  c.p.b.m.aspect.LoggingAspect - [018d900b-1fc9-44bf-be73-a8455f30af17] --> PendingSignupCleanupService.deleteExpiredPendingSignups()
2026-06-20 08:58:51 [scheduling-1] DEBUG org.hibernate.SQL - 
    /* SELECT
        p 
    FROM
        PendingSignup p 
    WHERE
        p.expiryTime < :time */ select
            ps1_0.id,
            ps1_0.email,
            ps1_0.expiry_time,
            ps1_0.otp,
            ps1_0.password,
            ps1_0.username 
        from
            pending_signup ps1_0 
        where
            ps1_0.expiry_time<?
2026-06-20 08:58:51 [scheduling-1] INFO  c.p.b.m.aspect.LoggingAspect - [018d900b-1fc9-44bf-be73-a8455f30af17] <-- PendingSignupCleanupService.deleteExpiredPendingSignups() | timeMs=1
2026-06-20 08:59:51 [scheduling-1] INFO  c.p.b.m.aspect.LoggingAspect - [a43f44bb-7713-48cd-a7aa-99102284533b] --> PendingSignupCleanupService.deleteExpiredPendingSignups()
2026-06-20 08:59:51 [scheduling-1] DEBUG org.hibernate.SQL - 
    /* SELECT
        p 
    FROM
        PendingSignup p 
    WHERE
        p.expiryTime < :time */ select
            ps1_0.id,
            ps1_0.email,
            ps1_0.expiry_time,
            ps1_0.otp,
            ps1_0.password,
            ps1_0.username 
        from
            pending_signup ps1_0 
        where
            ps1_0.expiry_time<?
2026-06-20 08:59:51 [scheduling-1] INFO  c.p.b.m.aspect.LoggingAspect - [a43f44bb-7713-48cd-a7aa-99102284533b] <-- PendingSignupCleanupService.deleteExpiredPendingSignups() | timeMs=0
2026-06-20 09:00:51 [scheduling-1] INFO  c.p.b.m.aspect.LoggingAspect - [87c7cf17-f54d-4777-b283-06f3eb721094] --> PendingSignupCleanupService.deleteExpiredPendingSignups()
2026-06-20 09:00:51 [scheduling-1] DEBUG org.hibernate.SQL - 
    /* SELECT
        p 
    FROM
        PendingSignup p 
    WHERE
        p.expiryTime < :time */ select
            ps1_0.id,
            ps1_0.email,
            ps1_0.expiry_time,
            ps1_0.otp,
            ps1_0.password,
            ps1_0.username 
        from
            pending_signup ps1_0 
        where
            ps1_0.expiry_time<?
2026-06-20 09:00:51 [scheduling-1] INFO  c.p.b.m.aspect.LoggingAspect - [87c7cf17-f54d-4777-b283-06f3eb721094] <-- PendingSignupCleanupService.deleteExpiredPendingSignups() | timeMs=0
2026-06-20 09:01:51 [scheduling-1] INFO  c.p.b.m.aspect.LoggingAspect - [93688f2d-813e-4841-9ddc-36619c7ed338] --> PendingSignupCleanupService.deleteExpiredPendingSignups()
2026-06-20 09:01:51 [scheduling-1] DEBUG org.hibernate.SQL - 
    /* SELECT
        p 
    FROM
        PendingSignup p 
    WHERE
        p.expiryTime < :time */ select
            ps1_0.id,
            ps1_0.email,
            ps1_0.expiry_time,
            ps1_0.otp,
            ps1_0.password,
            ps1_0.username 
        from
            pending_signup ps1_0 
        where
            ps1_0.expiry_time<?
2026-06-20 09:01:51 [scheduling-1] INFO  c.p.b.m.aspect.LoggingAspect - [93688f2d-813e-4841-9ddc-36619c7ed338] <-- PendingSignupCleanupService.deleteExpiredPendingSignups() | timeMs=0
2026-06-20 09:02:51 [scheduling-1] INFO  c.p.b.m.aspect.LoggingAspect - [e0a4ef3a-7c32-4f97-b99e-704d811a6620] --> PendingSignupCleanupService.deleteExpiredPendingSignups()
2026-06-20 09:02:51 [scheduling-1] DEBUG org.hibernate.SQL - 
    /* SELECT
        p 
    FROM
        PendingSignup p 
    WHERE
        p.expiryTime < :time */ select
            ps1_0.id,
            ps1_0.email,
            ps1_0.expiry_time,
            ps1_0.otp,
            ps1_0.password,
            ps1_0.username 
        from
            pending_signup ps1_0 
        where
            ps1_0.expiry_time<?
2026-06-20 09:02:51 [scheduling-1] INFO  c.p.b.m.aspect.LoggingAspect - [e0a4ef3a-7c32-4f97-b99e-704d811a6620] <-- PendingSignupCleanupService.deleteExpiredPendingSignups() | timeMs=0
2026-06-20 09:03:51 [scheduling-1] INFO  c.p.b.m.aspect.LoggingAspect - [afa9c885-99c0-491a-a30c-447d0a13e56a] --> PendingSignupCleanupService.deleteExpiredPendingSignups()
2026-06-20 09:03:51 [scheduling-1] DEBUG org.hibernate.SQL - 
    /* SELECT
        p 
    FROM
        PendingSignup p 
    WHERE
        p.expiryTime < :time */ select
            ps1_0.id,
            ps1_0.email,
            ps1_0.expiry_time,
            ps1_0.otp,
            ps1_0.password,
            ps1_0.username 
        from
            pending_signup ps1_0 
        where
            ps1_0.expiry_time<?
2026-06-20 09:03:51 [scheduling-1] INFO  c.p.b.m.aspect.LoggingAspect - [afa9c885-99c0-491a-a30c-447d0a13e56a] <-- PendingSignupCleanupService.deleteExpiredPendingSignups() | timeMs=0
2026-06-20 09:04:51 [scheduling-1] INFO  c.p.b.m.aspect.LoggingAspect - [10bda7f5-d516-4a0d-9f05-9598113b0fa8] --> PendingSignupCleanupService.deleteExpiredPendingSignups()
2026-06-20 09:04:51 [scheduling-1] DEBUG org.hibernate.SQL - 
    /* SELECT
        p 
    FROM
        PendingSignup p 
    WHERE
        p.expiryTime < :time */ select
            ps1_0.id,
            ps1_0.email,
            ps1_0.expiry_time,
            ps1_0.otp,
            ps1_0.password,
            ps1_0.username 
        from
            pending_signup ps1_0 
        where
            ps1_0.expiry_time<?
2026-06-20 09:04:51 [scheduling-1] INFO  c.p.b.m.aspect.LoggingAspect - [10bda7f5-d516-4a0d-9f05-9598113b0fa8] <-- PendingSignupCleanupService.deleteExpiredPendingSignups() | timeMs=0
2026-06-20 09:05:51 [scheduling-1] INFO  c.p.b.m.aspect.LoggingAspect - [c4c4d945-0aa9-45ba-929f-7f179d98701c] --> PendingSignupCleanupService.deleteExpiredPendingSignups()
2026-06-20 09:05:51 [scheduling-1] DEBUG org.hibernate.SQL - 
    /* SELECT
        p 
    FROM
        PendingSignup p 
    WHERE
        p.expiryTime < :time */ select
            ps1_0.id,
            ps1_0.email,
            ps1_0.expiry_time,
            ps1_0.otp,
            ps1_0.password,
            ps1_0.username 
        from
            pending_signup ps1_0 
        where
            ps1_0.expiry_time<?
2026-06-20 09:05:51 [scheduling-1] INFO  c.p.b.m.aspect.LoggingAspect - [c4c4d945-0aa9-45ba-929f-7f179d98701c] <-- PendingSignupCleanupService.deleteExpiredPendingSignups() | timeMs=0
2026-06-20 09:06:51 [scheduling-1] INFO  c.p.b.m.aspect.LoggingAspect - [2c570b9f-d63d-4144-96f5-bff2d4e3ef5c] --> PendingSignupCleanupService.deleteExpiredPendingSignups()
2026-06-20 09:06:51 [scheduling-1] DEBUG org.hibernate.SQL - 
    /* SELECT
        p 
    FROM
        PendingSignup p 
    WHERE
        p.expiryTime < :time */ select
            ps1_0.id,
            ps1_0.email,
            ps1_0.expiry_time,
            ps1_0.otp,
            ps1_0.password,
            ps1_0.username 
        from
            pending_signup ps1_0 
        where
            ps1_0.expiry_time<?
2026-06-20 09:06:51 [scheduling-1] INFO  c.p.b.m.aspect.LoggingAspect - [2c570b9f-d63d-4144-96f5-bff2d4e3ef5c] <-- PendingSignupCleanupService.deleteExpiredPendingSignups() | timeMs=1
2026-06-20 09:07:51 [scheduling-1] INFO  c.p.b.m.aspect.LoggingAspect - [b4aed7b6-73ba-420a-a6b2-fb7644fd5800] --> PendingSignupCleanupService.deleteExpiredPendingSignups()
2026-06-20 09:07:51 [scheduling-1] DEBUG org.hibernate.SQL - 
    /* SELECT
        p 
    FROM
        PendingSignup p 
    WHERE
        p.expiryTime < :time */ select
            ps1_0.id,
            ps1_0.email,
            ps1_0.expiry_time,
            ps1_0.otp,
            ps1_0.password,
            ps1_0.username 
        from
            pending_signup ps1_0 
        where
            ps1_0.expiry_time<?
2026-06-20 09:07:51 [scheduling-1] INFO  c.p.b.m.aspect.LoggingAspect - [b4aed7b6-73ba-420a-a6b2-fb7644fd5800] <-- PendingSignupCleanupService.deleteExpiredPendingSignups() | timeMs=0
2026-06-20 09:08:51 [scheduling-1] INFO  c.p.b.m.aspect.LoggingAspect - [dc2c8fc6-1cbe-461c-8b51-8a0e9572af95] --> PendingSignupCleanupService.deleteExpiredPendingSignups()
2026-06-20 09:08:51 [scheduling-1] DEBUG org.hibernate.SQL - 
    /* SELECT
        p 
    FROM
        PendingSignup p 
    WHERE
        p.expiryTime < :time */ select
            ps1_0.id,
            ps1_0.email,
            ps1_0.expiry_time,
            ps1_0.otp,
            ps1_0.password,
            ps1_0.username 
        from
            pending_signup ps1_0 
        where
            ps1_0.expiry_time<?
2026-06-20 09:08:51 [scheduling-1] INFO  c.p.b.m.aspect.LoggingAspect - [dc2c8fc6-1cbe-461c-8b51-8a0e9572af95] <-- PendingSignupCleanupService.deleteExpiredPendingSignups() | timeMs=0
2026-06-20 09:09:51 [scheduling-1] INFO  c.p.b.m.aspect.LoggingAspect - [75b54165-a069-4bf0-918b-99e6588ed10a] --> PendingSignupCleanupService.deleteExpiredPendingSignups()
2026-06-20 09:09:51 [scheduling-1] DEBUG org.hibernate.SQL - 
    /* SELECT
        p 
    FROM
        PendingSignup p 
    WHERE
        p.expiryTime < :time */ select
            ps1_0.id,
            ps1_0.email,
            ps1_0.expiry_time,
            ps1_0.otp,
            ps1_0.password,
            ps1_0.username 
        from
            pending_signup ps1_0 
        where
            ps1_0.expiry_time<?
2026-06-20 09:09:51 [scheduling-1] INFO  c.p.b.m.aspect.LoggingAspect - [75b54165-a069-4bf0-918b-99e6588ed10a] <-- PendingSignupCleanupService.deleteExpiredPendingSignups() | timeMs=0
2026-06-20 09:10:51 [scheduling-1] INFO  c.p.b.m.aspect.LoggingAspect - [29ae37a9-a898-4e48-97ae-e503b2718cb3] --> PendingSignupCleanupService.deleteExpiredPendingSignups()
2026-06-20 09:10:51 [scheduling-1] DEBUG org.hibernate.SQL - 
    /* SELECT
        p 
    FROM
        PendingSignup p 
    WHERE
        p.expiryTime < :time */ select
            ps1_0.id,
            ps1_0.email,
            ps1_0.expiry_time,
            ps1_0.otp,
            ps1_0.password,
            ps1_0.username 
        from
            pending_signup ps1_0 
        where
            ps1_0.expiry_time<?
2026-06-20 09:10:51 [scheduling-1] INFO  c.p.b.m.aspect.LoggingAspect - [29ae37a9-a898-4e48-97ae-e503b2718cb3] <-- PendingSignupCleanupService.deleteExpiredPendingSignups() | timeMs=0
2026-06-20 09:11:51 [scheduling-1] INFO  c.p.b.m.aspect.LoggingAspect - [98683d58-3b2a-48c9-9865-ec86a06efde4] --> PendingSignupCleanupService.deleteExpiredPendingSignups()
2026-06-20 09:11:51 [scheduling-1] DEBUG org.hibernate.SQL - 
    /* SELECT
        p 
    FROM
        PendingSignup p 
    WHERE
        p.expiryTime < :time */ select
            ps1_0.id,
            ps1_0.email,
            ps1_0.expiry_time,
            ps1_0.otp,
            ps1_0.password,
            ps1_0.username 
        from
            pending_signup ps1_0 
        where
            ps1_0.expiry_time<?
2026-06-20 09:11:51 [scheduling-1] INFO  c.p.b.m.aspect.LoggingAspect - [98683d58-3b2a-48c9-9865-ec86a06efde4] <-- PendingSignupCleanupService.deleteExpiredPendingSignups() | timeMs=0
2026-06-20 09:12:51 [scheduling-1] INFO  c.p.b.m.aspect.LoggingAspect - [5416e2d6-cd68-4283-a540-cc83a0a949d2] --> PendingSignupCleanupService.deleteExpiredPendingSignups()
2026-06-20 09:12:51 [scheduling-1] DEBUG org.hibernate.SQL - 
    /* SELECT
        p 
    FROM
        PendingSignup p 
    WHERE
        p.expiryTime < :time */ select
            ps1_0.id,
            ps1_0.email,
            ps1_0.expiry_time,
            ps1_0.otp,
            ps1_0.password,
            ps1_0.username 
        from
            pending_signup ps1_0 
        where
            ps1_0.expiry_time<?
2026-06-20 09:12:51 [scheduling-1] INFO  c.p.b.m.aspect.LoggingAspect - [5416e2d6-cd68-4283-a540-cc83a0a949d2] <-- PendingSignupCleanupService.deleteExpiredPendingSignups() | timeMs=0
2026-06-20 09:13:51 [scheduling-1] INFO  c.p.b.m.aspect.LoggingAspect - [556b6c8b-ab47-4eb6-bf67-a5fcc961519a] --> PendingSignupCleanupService.deleteExpiredPendingSignups()
2026-06-20 09:13:51 [scheduling-1] DEBUG org.hibernate.SQL - 
    /* SELECT
        p 
    FROM
        PendingSignup p 
    WHERE
        p.expiryTime < :time */ select
            ps1_0.id,
            ps1_0.email,
            ps1_0.expiry_time,
            ps1_0.otp,
            ps1_0.password,
            ps1_0.username 
        from
            pending_signup ps1_0 
        where
            ps1_0.expiry_time<?
2026-06-20 09:13:51 [scheduling-1] INFO  c.p.b.m.aspect.LoggingAspect - [556b6c8b-ab47-4eb6-bf67-a5fcc961519a] <-- PendingSignupCleanupService.deleteExpiredPendingSignups() | timeMs=0
2026-06-20 09:14:51 [scheduling-1] INFO  c.p.b.m.aspect.LoggingAspect - [edb77cf9-1e94-423c-beea-d9f627be36c1] --> PendingSignupCleanupService.deleteExpiredPendingSignups()
2026-06-20 09:14:51 [scheduling-1] DEBUG org.hibernate.SQL - 
    /* SELECT
        p 
    FROM
        PendingSignup p 
    WHERE
        p.expiryTime < :time */ select
            ps1_0.id,
            ps1_0.email,
            ps1_0.expiry_time,
            ps1_0.otp,
            ps1_0.password,
            ps1_0.username 
        from
            pending_signup ps1_0 
        where
            ps1_0.expiry_time<?
2026-06-20 09:14:51 [scheduling-1] INFO  c.p.b.m.aspect.LoggingAspect - [edb77cf9-1e94-423c-beea-d9f627be36c1] <-- PendingSignupCleanupService.deleteExpiredPendingSignups() | timeMs=1
2026-06-20 09:15:51 [scheduling-1] INFO  c.p.b.m.aspect.LoggingAspect - [e67bd9e5-c6e2-476e-864e-7e1fa3ecac23] --> PendingSignupCleanupService.deleteExpiredPendingSignups()
2026-06-20 09:15:51 [scheduling-1] DEBUG org.hibernate.SQL - 
    /* SELECT
        p 
    FROM
        PendingSignup p 
    WHERE
        p.expiryTime < :time */ select
            ps1_0.id,
            ps1_0.email,
            ps1_0.expiry_time,
            ps1_0.otp,
            ps1_0.password,
            ps1_0.username 
        from
            pending_signup ps1_0 
        where
            ps1_0.expiry_time<?
2026-06-20 09:15:51 [scheduling-1] INFO  c.p.b.m.aspect.LoggingAspect - [e67bd9e5-c6e2-476e-864e-7e1fa3ecac23] <-- PendingSignupCleanupService.deleteExpiredPendingSignups() | timeMs=1
2026-06-20 09:16:51 [scheduling-1] INFO  c.p.b.m.aspect.LoggingAspect - [74d513b9-5082-4b50-9fe4-8080648a36c1] --> PendingSignupCleanupService.deleteExpiredPendingSignups()
2026-06-20 09:16:51 [scheduling-1] DEBUG org.hibernate.SQL - 
    /* SELECT
        p 
    FROM
        PendingSignup p 
    WHERE
        p.expiryTime < :time */ select
            ps1_0.id,
            ps1_0.email,
            ps1_0.expiry_time,
            ps1_0.otp,
            ps1_0.password,
            ps1_0.username 
        from
            pending_signup ps1_0 
        where
            ps1_0.expiry_time<?
2026-06-20 09:16:51 [scheduling-1] INFO  c.p.b.m.aspect.LoggingAspect - [74d513b9-5082-4b50-9fe4-8080648a36c1] <-- PendingSignupCleanupService.deleteExpiredPendingSignups() | timeMs=0
2026-06-20 09:17:51 [scheduling-1] INFO  c.p.b.m.aspect.LoggingAspect - [a8888681-5814-4d3b-a6d5-a67277d6b749] --> PendingSignupCleanupService.deleteExpiredPendingSignups()
2026-06-20 09:17:51 [scheduling-1] DEBUG org.hibernate.SQL - 
    /* SELECT
        p 
    FROM
        PendingSignup p 
    WHERE
        p.expiryTime < :time */ select
            ps1_0.id,
            ps1_0.email,
            ps1_0.expiry_time,
            ps1_0.otp,
            ps1_0.password,
            ps1_0.username 
        from
            pending_signup ps1_0 
        where
            ps1_0.expiry_time<?
2026-06-20 09:17:51 [scheduling-1] INFO  c.p.b.m.aspect.LoggingAspect - [a8888681-5814-4d3b-a6d5-a67277d6b749] <-- PendingSignupCleanupService.deleteExpiredPendingSignups() | timeMs=0
2026-06-20 09:18:51 [scheduling-1] INFO  c.p.b.m.aspect.LoggingAspect - [03edaacf-93c8-4a97-9ae7-316316a85059] --> PendingSignupCleanupService.deleteExpiredPendingSignups()
2026-06-20 09:18:51 [scheduling-1] DEBUG org.hibernate.SQL - 
    /* SELECT
        p 
    FROM
        PendingSignup p 
    WHERE
        p.expiryTime < :time */ select
            ps1_0.id,
            ps1_0.email,
            ps1_0.expiry_time,
            ps1_0.otp,
            ps1_0.password,
            ps1_0.username 
        from
            pending_signup ps1_0 
        where
            ps1_0.expiry_time<?
2026-06-20 09:18:51 [scheduling-1] INFO  c.p.b.m.aspect.LoggingAspect - [03edaacf-93c8-4a97-9ae7-316316a85059] <-- PendingSignupCleanupService.deleteExpiredPendingSignups() | timeMs=0
2026-06-20 09:19:51 [scheduling-1] INFO  c.p.b.m.aspect.LoggingAspect - [e6e3e33e-d270-4ac9-9e94-c38305319a83] --> PendingSignupCleanupService.deleteExpiredPendingSignups()
2026-06-20 09:19:51 [scheduling-1] DEBUG org.hibernate.SQL - 
    /* SELECT
        p 
    FROM
        PendingSignup p 
    WHERE
        p.expiryTime < :time */ select
            ps1_0.id,
            ps1_0.email,
            ps1_0.expiry_time,
            ps1_0.otp,
            ps1_0.password,
            ps1_0.username 
        from
            pending_signup ps1_0 
        where
            ps1_0.expiry_time<?
2026-06-20 09:19:51 [scheduling-1] INFO  c.p.b.m.aspect.LoggingAspect - [e6e3e33e-d270-4ac9-9e94-c38305319a83] <-- PendingSignupCleanupService.deleteExpiredPendingSignups() | timeMs=0
2026-06-20 09:20:51 [scheduling-1] INFO  c.p.b.m.aspect.LoggingAspect - [2e6d8100-bce1-44fb-b735-390862e3129a] --> PendingSignupCleanupService.deleteExpiredPendingSignups()
2026-06-20 09:20:51 [scheduling-1] DEBUG org.hibernate.SQL - 
    /* SELECT
        p 
    FROM
        PendingSignup p 
    WHERE
        p.expiryTime < :time */ select
            ps1_0.id,
            ps1_0.email,
            ps1_0.expiry_time,
            ps1_0.otp,
            ps1_0.password,
            ps1_0.username 
        from
            pending_signup ps1_0 
        where
            ps1_0.expiry_time<?
2026-06-20 09:20:51 [scheduling-1] INFO  c.p.b.m.aspect.LoggingAspect - [2e6d8100-bce1-44fb-b735-390862e3129a] <-- PendingSignupCleanupService.deleteExpiredPendingSignups() | timeMs=0
2026-06-20 09:21:51 [scheduling-1] INFO  c.p.b.m.aspect.LoggingAspect - [ae2d911a-7374-4057-88c4-af76bbb4c1db] --> PendingSignupCleanupService.deleteExpiredPendingSignups()
2026-06-20 09:21:51 [scheduling-1] DEBUG org.hibernate.SQL - 
    /* SELECT
        p 
    FROM
        PendingSignup p 
    WHERE
        p.expiryTime < :time */ select
            ps1_0.id,
            ps1_0.email,
            ps1_0.expiry_time,
            ps1_0.otp,
            ps1_0.password,
            ps1_0.username 
        from
            pending_signup ps1_0 
        where
            ps1_0.expiry_time<?
2026-06-20 09:21:51 [scheduling-1] INFO  c.p.b.m.aspect.LoggingAspect - [ae2d911a-7374-4057-88c4-af76bbb4c1db] <-- PendingSignupCleanupService.deleteExpiredPendingSignups() | timeMs=0
2026-06-20 09:22:51 [scheduling-1] INFO  c.p.b.m.aspect.LoggingAspect - [28cef1fd-a0b9-40e9-a628-fd566d03d0bb] --> PendingSignupCleanupService.deleteExpiredPendingSignups()
2026-06-20 09:22:51 [scheduling-1] DEBUG org.hibernate.SQL - 
    /* SELECT
        p 
    FROM
        PendingSignup p 
    WHERE
        p.expiryTime < :time */ select
            ps1_0.id,
            ps1_0.email,
            ps1_0.expiry_time,
            ps1_0.otp,
            ps1_0.password,
            ps1_0.username 
        from
            pending_signup ps1_0 
        where
            ps1_0.expiry_time<?
2026-06-20 09:22:51 [scheduling-1] INFO  c.p.b.m.aspect.LoggingAspect - [28cef1fd-a0b9-40e9-a628-fd566d03d0bb] <-- PendingSignupCleanupService.deleteExpiredPendingSignups() | timeMs=0
2026-06-20 09:23:51 [scheduling-1] INFO  c.p.b.m.aspect.LoggingAspect - [4e93eed0-ecc4-4d08-9d0b-f6400cc397a4] --> PendingSignupCleanupService.deleteExpiredPendingSignups()
2026-06-20 09:23:51 [scheduling-1] DEBUG org.hibernate.SQL - 
    /* SELECT
        p 
    FROM
        PendingSignup p 
    WHERE
        p.expiryTime < :time */ select
            ps1_0.id,
            ps1_0.email,
            ps1_0.expiry_time,
            ps1_0.otp,
            ps1_0.password,
            ps1_0.username 
        from
            pending_signup ps1_0 
        where
            ps1_0.expiry_time<?
2026-06-20 09:23:51 [scheduling-1] INFO  c.p.b.m.aspect.LoggingAspect - [4e93eed0-ecc4-4d08-9d0b-f6400cc397a4] <-- PendingSignupCleanupService.deleteExpiredPendingSignups() | timeMs=0
2026-06-20 09:24:51 [scheduling-1] INFO  c.p.b.m.aspect.LoggingAspect - [908c5755-5d0f-4d0b-9eb2-c08fd97c377d] --> PendingSignupCleanupService.deleteExpiredPendingSignups()
2026-06-20 09:24:51 [scheduling-1] DEBUG org.hibernate.SQL - 
    /* SELECT
        p 
    FROM
        PendingSignup p 
    WHERE
        p.expiryTime < :time */ select
            ps1_0.id,
            ps1_0.email,
            ps1_0.expiry_time,
            ps1_0.otp,
            ps1_0.password,
            ps1_0.username 
        from
            pending_signup ps1_0 
        where
            ps1_0.expiry_time<?
2026-06-20 09:24:51 [scheduling-1] INFO  c.p.b.m.aspect.LoggingAspect - [908c5755-5d0f-4d0b-9eb2-c08fd97c377d] <-- PendingSignupCleanupService.deleteExpiredPendingSignups() | timeMs=0
2026-06-20 09:25:51 [scheduling-1] INFO  c.p.b.m.aspect.LoggingAspect - [7088eb03-9120-430e-93fa-b7985af63197] --> PendingSignupCleanupService.deleteExpiredPendingSignups()
2026-06-20 09:25:51 [scheduling-1] DEBUG org.hibernate.SQL - 
    /* SELECT
        p 
    FROM
        PendingSignup p 
    WHERE
        p.expiryTime < :time */ select
            ps1_0.id,
            ps1_0.email,
            ps1_0.expiry_time,
            ps1_0.otp,
            ps1_0.password,
            ps1_0.username 
        from
            pending_signup ps1_0 
        where
            ps1_0.expiry_time<?
2026-06-20 09:25:51 [scheduling-1] INFO  c.p.b.m.aspect.LoggingAspect - [7088eb03-9120-430e-93fa-b7985af63197] <-- PendingSignupCleanupService.deleteExpiredPendingSignups() | timeMs=1
2026-06-20 09:26:51 [scheduling-1] INFO  c.p.b.m.aspect.LoggingAspect - [ae13549d-3260-466c-a4c4-f1c067c509eb] --> PendingSignupCleanupService.deleteExpiredPendingSignups()
2026-06-20 09:26:51 [scheduling-1] DEBUG org.hibernate.SQL - 
    /* SELECT
        p 
    FROM
        PendingSignup p 
    WHERE
        p.expiryTime < :time */ select
            ps1_0.id,
            ps1_0.email,
            ps1_0.expiry_time,
            ps1_0.otp,
            ps1_0.password,
            ps1_0.username 
        from
            pending_signup ps1_0 
        where
            ps1_0.expiry_time<?
2026-06-20 09:26:51 [scheduling-1] INFO  c.p.b.m.aspect.LoggingAspect - [ae13549d-3260-466c-a4c4-f1c067c509eb] <-- PendingSignupCleanupService.deleteExpiredPendingSignups() | timeMs=0
2026-06-20 09:27:51 [scheduling-1] INFO  c.p.b.m.aspect.LoggingAspect - [697a7178-a8c6-4b22-8995-43d303086cd8] --> PendingSignupCleanupService.deleteExpiredPendingSignups()
2026-06-20 09:27:51 [scheduling-1] DEBUG org.hibernate.SQL - 
    /* SELECT
        p 
    FROM
        PendingSignup p 
    WHERE
        p.expiryTime < :time */ select
            ps1_0.id,
            ps1_0.email,
            ps1_0.expiry_time,
            ps1_0.otp,
            ps1_0.password,
            ps1_0.username 
        from
            pending_signup ps1_0 
        where
            ps1_0.expiry_time<?
2026-06-20 09:27:51 [scheduling-1] INFO  c.p.b.m.aspect.LoggingAspect - [697a7178-a8c6-4b22-8995-43d303086cd8] <-- PendingSignupCleanupService.deleteExpiredPendingSignups() | timeMs=0
2026-06-20 09:28:51 [scheduling-1] INFO  c.p.b.m.aspect.LoggingAspect - [5637f0f5-841f-4f6b-844d-4f81f2d1a2ea] --> PendingSignupCleanupService.deleteExpiredPendingSignups()
2026-06-20 09:28:51 [scheduling-1] DEBUG org.hibernate.SQL - 
    /* SELECT
        p 
    FROM
        PendingSignup p 
    WHERE
        p.expiryTime < :time */ select
            ps1_0.id,
            ps1_0.email,
            ps1_0.expiry_time,
            ps1_0.otp,
            ps1_0.password,
            ps1_0.username 
        from
            pending_signup ps1_0 
        where
            ps1_0.expiry_time<?
2026-06-20 09:28:51 [scheduling-1] INFO  c.p.b.m.aspect.LoggingAspect - [5637f0f5-841f-4f6b-844d-4f81f2d1a2ea] <-- PendingSignupCleanupService.deleteExpiredPendingSignups() | timeMs=0
2026-06-20 09:29:51 [scheduling-1] INFO  c.p.b.m.aspect.LoggingAspect - [3c9ae04d-3380-45a1-82db-0f4d4db087d1] --> PendingSignupCleanupService.deleteExpiredPendingSignups()
2026-06-20 09:29:51 [scheduling-1] DEBUG org.hibernate.SQL - 
    /* SELECT
        p 
    FROM
        PendingSignup p 
    WHERE
        p.expiryTime < :time */ select
            ps1_0.id,
            ps1_0.email,
            ps1_0.expiry_time,
            ps1_0.otp,
            ps1_0.password,
            ps1_0.username 
        from
            pending_signup ps1_0 
        where
            ps1_0.expiry_time<?
2026-06-20 09:29:51 [scheduling-1] INFO  c.p.b.m.aspect.LoggingAspect - [3c9ae04d-3380-45a1-82db-0f4d4db087d1] <-- PendingSignupCleanupService.deleteExpiredPendingSignups() | timeMs=1
2026-06-20 09:30:51 [scheduling-1] INFO  c.p.b.m.aspect.LoggingAspect - [69cf6b44-4115-4c5e-b17a-bd57ba2007f8] --> PendingSignupCleanupService.deleteExpiredPendingSignups()
2026-06-20 09:30:51 [scheduling-1] DEBUG org.hibernate.SQL - 
    /* SELECT
        p 
    FROM
        PendingSignup p 
    WHERE
        p.expiryTime < :time */ select
            ps1_0.id,
            ps1_0.email,
            ps1_0.expiry_time,
            ps1_0.otp,
            ps1_0.password,
            ps1_0.username 
        from
            pending_signup ps1_0 
        where
            ps1_0.expiry_time<?
2026-06-20 09:30:51 [scheduling-1] INFO  c.p.b.m.aspect.LoggingAspect - [69cf6b44-4115-4c5e-b17a-bd57ba2007f8] <-- PendingSignupCleanupService.deleteExpiredPendingSignups() | timeMs=0
2026-06-20 09:31:51 [scheduling-1] INFO  c.p.b.m.aspect.LoggingAspect - [2fa9a12a-220c-46f8-8cff-16caa65b1cd1] --> PendingSignupCleanupService.deleteExpiredPendingSignups()
2026-06-20 09:31:51 [scheduling-1] DEBUG org.hibernate.SQL - 
    /* SELECT
        p 
    FROM
        PendingSignup p 
    WHERE
        p.expiryTime < :time */ select
            ps1_0.id,
            ps1_0.email,
            ps1_0.expiry_time,
            ps1_0.otp,
            ps1_0.password,
            ps1_0.username 
        from
            pending_signup ps1_0 
        where
            ps1_0.expiry_time<?
2026-06-20 09:31:51 [scheduling-1] INFO  c.p.b.m.aspect.LoggingAspect - [2fa9a12a-220c-46f8-8cff-16caa65b1cd1] <-- PendingSignupCleanupService.deleteExpiredPendingSignups() | timeMs=0
2026-06-20 09:32:51 [scheduling-1] INFO  c.p.b.m.aspect.LoggingAspect - [d53dd641-d00e-4a43-8eda-48ed60a69a13] --> PendingSignupCleanupService.deleteExpiredPendingSignups()
2026-06-20 09:32:51 [scheduling-1] DEBUG org.hibernate.SQL - 
    /* SELECT
        p 
    FROM
        PendingSignup p 
    WHERE
        p.expiryTime < :time */ select
            ps1_0.id,
            ps1_0.email,
            ps1_0.expiry_time,
            ps1_0.otp,
            ps1_0.password,
            ps1_0.username 
        from
            pending_signup ps1_0 
        where
            ps1_0.expiry_time<?
2026-06-20 09:32:51 [scheduling-1] INFO  c.p.b.m.aspect.LoggingAspect - [d53dd641-d00e-4a43-8eda-48ed60a69a13] <-- PendingSignupCleanupService.deleteExpiredPendingSignups() | timeMs=0
2026-06-20 09:33:51 [scheduling-1] INFO  c.p.b.m.aspect.LoggingAspect - [83e9f5d2-0c94-4e5c-87a8-5d5bea972794] --> PendingSignupCleanupService.deleteExpiredPendingSignups()
2026-06-20 09:33:51 [scheduling-1] DEBUG org.hibernate.SQL - 
    /* SELECT
        p 
    FROM
        PendingSignup p 
    WHERE
        p.expiryTime < :time */ select
            ps1_0.id,
            ps1_0.email,
            ps1_0.expiry_time,
            ps1_0.otp,
            ps1_0.password,
            ps1_0.username 
        from
            pending_signup ps1_0 
        where
            ps1_0.expiry_time<?
2026-06-20 09:33:51 [scheduling-1] INFO  c.p.b.m.aspect.LoggingAspect - [83e9f5d2-0c94-4e5c-87a8-5d5bea972794] <-- PendingSignupCleanupService.deleteExpiredPendingSignups() | timeMs=1
2026-06-20 09:34:51 [scheduling-1] INFO  c.p.b.m.aspect.LoggingAspect - [6842e078-9c59-4f1c-bb2c-fa97d7ad213b] --> PendingSignupCleanupService.deleteExpiredPendingSignups()
2026-06-20 09:34:51 [scheduling-1] DEBUG org.hibernate.SQL - 
    /* SELECT
        p 
    FROM
        PendingSignup p 
    WHERE
        p.expiryTime < :time */ select
            ps1_0.id,
            ps1_0.email,
            ps1_0.expiry_time,
            ps1_0.otp,
            ps1_0.password,
            ps1_0.username 
        from
            pending_signup ps1_0 
        where
            ps1_0.expiry_time<?
2026-06-20 09:34:51 [scheduling-1] INFO  c.p.b.m.aspect.LoggingAspect - [6842e078-9c59-4f1c-bb2c-fa97d7ad213b] <-- PendingSignupCleanupService.deleteExpiredPendingSignups() | timeMs=0
2026-06-20 09:35:51 [scheduling-1] INFO  c.p.b.m.aspect.LoggingAspect - [6eda14cd-50e9-46b5-bd55-c5fdbbd4420b] --> PendingSignupCleanupService.deleteExpiredPendingSignups()
2026-06-20 09:35:51 [scheduling-1] DEBUG org.hibernate.SQL - 
    /* SELECT
        p 
    FROM
        PendingSignup p 
    WHERE
        p.expiryTime < :time */ select
            ps1_0.id,
            ps1_0.email,
            ps1_0.expiry_time,
            ps1_0.otp,
            ps1_0.password,
            ps1_0.username 
        from
            pending_signup ps1_0 
        where
            ps1_0.expiry_time<?
2026-06-20 09:35:51 [scheduling-1] INFO  c.p.b.m.aspect.LoggingAspect - [6eda14cd-50e9-46b5-bd55-c5fdbbd4420b] <-- PendingSignupCleanupService.deleteExpiredPendingSignups() | timeMs=0
2026-06-20 09:36:51 [scheduling-1] INFO  c.p.b.m.aspect.LoggingAspect - [137c7501-2c67-4fbe-941b-91a3e298e742] --> PendingSignupCleanupService.deleteExpiredPendingSignups()
2026-06-20 09:36:51 [scheduling-1] DEBUG org.hibernate.SQL - 
    /* SELECT
        p 
    FROM
        PendingSignup p 
    WHERE
        p.expiryTime < :time */ select
            ps1_0.id,
            ps1_0.email,
            ps1_0.expiry_time,
            ps1_0.otp,
            ps1_0.password,
            ps1_0.username 
        from
            pending_signup ps1_0 
        where
            ps1_0.expiry_time<?
2026-06-20 09:36:51 [scheduling-1] INFO  c.p.b.m.aspect.LoggingAspect - [137c7501-2c67-4fbe-941b-91a3e298e742] <-- PendingSignupCleanupService.deleteExpiredPendingSignups() | timeMs=0
2026-06-20 09:37:51 [scheduling-1] INFO  c.p.b.m.aspect.LoggingAspect - [37f2479a-7aca-40c5-9e4b-a8704fb982ba] --> PendingSignupCleanupService.deleteExpiredPendingSignups()
2026-06-20 09:37:51 [scheduling-1] DEBUG org.hibernate.SQL - 
    /* SELECT
        p 
    FROM
        PendingSignup p 
    WHERE
        p.expiryTime < :time */ select
            ps1_0.id,
            ps1_0.email,
            ps1_0.expiry_time,
            ps1_0.otp,
            ps1_0.password,
            ps1_0.username 
        from
            pending_signup ps1_0 
        where
            ps1_0.expiry_time<?
2026-06-20 09:37:51 [scheduling-1] INFO  c.p.b.m.aspect.LoggingAspect - [37f2479a-7aca-40c5-9e4b-a8704fb982ba] <-- PendingSignupCleanupService.deleteExpiredPendingSignups() | timeMs=0
2026-06-20 09:38:51 [scheduling-1] INFO  c.p.b.m.aspect.LoggingAspect - [095461c6-5271-41ba-bfbb-e507e1385c5d] --> PendingSignupCleanupService.deleteExpiredPendingSignups()
2026-06-20 09:38:51 [scheduling-1] DEBUG org.hibernate.SQL - 
    /* SELECT
        p 
    FROM
        PendingSignup p 
    WHERE
        p.expiryTime < :time */ select
            ps1_0.id,
            ps1_0.email,
            ps1_0.expiry_time,
            ps1_0.otp,
            ps1_0.password,
            ps1_0.username 
        from
            pending_signup ps1_0 
        where
            ps1_0.expiry_time<?
2026-06-20 09:38:51 [scheduling-1] INFO  c.p.b.m.aspect.LoggingAspect - [095461c6-5271-41ba-bfbb-e507e1385c5d] <-- PendingSignupCleanupService.deleteExpiredPendingSignups() | timeMs=0
2026-06-20 09:39:51 [scheduling-1] INFO  c.p.b.m.aspect.LoggingAspect - [6ca9a627-f0f4-43f9-a7c1-fb382f9448cb] --> PendingSignupCleanupService.deleteExpiredPendingSignups()
2026-06-20 09:39:51 [scheduling-1] DEBUG org.hibernate.SQL - 
    /* SELECT
        p 
    FROM
        PendingSignup p 
    WHERE
        p.expiryTime < :time */ select
            ps1_0.id,
            ps1_0.email,
            ps1_0.expiry_time,
            ps1_0.otp,
            ps1_0.password,
            ps1_0.username 
        from
            pending_signup ps1_0 
        where
            ps1_0.expiry_time<?
2026-06-20 09:39:51 [scheduling-1] INFO  c.p.b.m.aspect.LoggingAspect - [6ca9a627-f0f4-43f9-a7c1-fb382f9448cb] <-- PendingSignupCleanupService.deleteExpiredPendingSignups() | timeMs=0
2026-06-20 09:40:51 [scheduling-1] INFO  c.p.b.m.aspect.LoggingAspect - [a63ce204-c6c6-492a-aac6-a83d03221657] --> PendingSignupCleanupService.deleteExpiredPendingSignups()
2026-06-20 09:40:51 [scheduling-1] DEBUG org.hibernate.SQL - 
    /* SELECT
        p 
    FROM
        PendingSignup p 
    WHERE
        p.expiryTime < :time */ select
            ps1_0.id,
            ps1_0.email,
            ps1_0.expiry_time,
            ps1_0.otp,
            ps1_0.password,
            ps1_0.username 
        from
            pending_signup ps1_0 
        where
            ps1_0.expiry_time<?
2026-06-20 09:40:51 [scheduling-1] INFO  c.p.b.m.aspect.LoggingAspect - [a63ce204-c6c6-492a-aac6-a83d03221657] <-- PendingSignupCleanupService.deleteExpiredPendingSignups() | timeMs=0
2026-06-20 09:41:51 [scheduling-1] INFO  c.p.b.m.aspect.LoggingAspect - [999051cd-13e8-402e-b91d-5c9656b9f1ae] --> PendingSignupCleanupService.deleteExpiredPendingSignups()
2026-06-20 09:41:51 [scheduling-1] DEBUG org.hibernate.SQL - 
    /* SELECT
        p 
    FROM
        PendingSignup p 
    WHERE
        p.expiryTime < :time */ select
            ps1_0.id,
            ps1_0.email,
            ps1_0.expiry_time,
            ps1_0.otp,
            ps1_0.password,
            ps1_0.username 
        from
            pending_signup ps1_0 
        where
            ps1_0.expiry_time<?
2026-06-20 09:41:51 [scheduling-1] INFO  c.p.b.m.aspect.LoggingAspect - [999051cd-13e8-402e-b91d-5c9656b9f1ae] <-- PendingSignupCleanupService.deleteExpiredPendingSignups() | timeMs=0
2026-06-20 09:42:51 [scheduling-1] INFO  c.p.b.m.aspect.LoggingAspect - [89c0b423-a62e-464f-8a88-cc2527845a38] --> PendingSignupCleanupService.deleteExpiredPendingSignups()
2026-06-20 09:42:51 [scheduling-1] DEBUG org.hibernate.SQL - 
    /* SELECT
        p 
    FROM
        PendingSignup p 
    WHERE
        p.expiryTime < :time */ select
            ps1_0.id,
            ps1_0.email,
            ps1_0.expiry_time,
            ps1_0.otp,
            ps1_0.password,
            ps1_0.username 
        from
            pending_signup ps1_0 
        where
            ps1_0.expiry_time<?
2026-06-20 09:42:51 [scheduling-1] INFO  c.p.b.m.aspect.LoggingAspect - [89c0b423-a62e-464f-8a88-cc2527845a38] <-- PendingSignupCleanupService.deleteExpiredPendingSignups() | timeMs=0
2026-06-20 09:43:51 [scheduling-1] INFO  c.p.b.m.aspect.LoggingAspect - [06aedf61-5868-4c9b-9a64-36a3540e53cc] --> PendingSignupCleanupService.deleteExpiredPendingSignups()
2026-06-20 09:43:51 [scheduling-1] DEBUG org.hibernate.SQL - 
    /* SELECT
        p 
    FROM
        PendingSignup p 
    WHERE
        p.expiryTime < :time */ select
            ps1_0.id,
            ps1_0.email,
            ps1_0.expiry_time,
            ps1_0.otp,
            ps1_0.password,
            ps1_0.username 
        from
            pending_signup ps1_0 
        where
            ps1_0.expiry_time<?
2026-06-20 09:43:51 [scheduling-1] INFO  c.p.b.m.aspect.LoggingAspect - [06aedf61-5868-4c9b-9a64-36a3540e53cc] <-- PendingSignupCleanupService.deleteExpiredPendingSignups() | timeMs=1
2026-06-20 09:44:51 [scheduling-1] INFO  c.p.b.m.aspect.LoggingAspect - [16f7cd71-9a4e-417c-9104-7c16e61f5476] --> PendingSignupCleanupService.deleteExpiredPendingSignups()
2026-06-20 09:44:51 [scheduling-1] DEBUG org.hibernate.SQL - 
    /* SELECT
        p 
    FROM
        PendingSignup p 
    WHERE
        p.expiryTime < :time */ select
            ps1_0.id,
            ps1_0.email,
            ps1_0.expiry_time,
            ps1_0.otp,
            ps1_0.password,
            ps1_0.username 
        from
            pending_signup ps1_0 
        where
            ps1_0.expiry_time<?
2026-06-20 09:44:51 [scheduling-1] INFO  c.p.b.m.aspect.LoggingAspect - [16f7cd71-9a4e-417c-9104-7c16e61f5476] <-- PendingSignupCleanupService.deleteExpiredPendingSignups() | timeMs=0
2026-06-20 09:45:51 [scheduling-1] INFO  c.p.b.m.aspect.LoggingAspect - [7feb8a0f-d532-4faa-869b-1f15663b8d12] --> PendingSignupCleanupService.deleteExpiredPendingSignups()
2026-06-20 09:45:51 [scheduling-1] DEBUG org.hibernate.SQL - 
    /* SELECT
        p 
    FROM
        PendingSignup p 
    WHERE
        p.expiryTime < :time */ select
            ps1_0.id,
            ps1_0.email,
            ps1_0.expiry_time,
            ps1_0.otp,
            ps1_0.password,
            ps1_0.username 
        from
            pending_signup ps1_0 
        where
            ps1_0.expiry_time<?
2026-06-20 09:45:51 [scheduling-1] INFO  c.p.b.m.aspect.LoggingAspect - [7feb8a0f-d532-4faa-869b-1f15663b8d12] <-- PendingSignupCleanupService.deleteExpiredPendingSignups() | timeMs=0
2026-06-20 09:46:51 [scheduling-1] INFO  c.p.b.m.aspect.LoggingAspect - [61cc16dd-844f-4f90-b2ef-26d370b2a4ce] --> PendingSignupCleanupService.deleteExpiredPendingSignups()
2026-06-20 09:46:51 [scheduling-1] DEBUG org.hibernate.SQL - 
    /* SELECT
        p 
    FROM
        PendingSignup p 
    WHERE
        p.expiryTime < :time */ select
            ps1_0.id,
            ps1_0.email,
            ps1_0.expiry_time,
            ps1_0.otp,
            ps1_0.password,
            ps1_0.username 
        from
            pending_signup ps1_0 
        where
            ps1_0.expiry_time<?
2026-06-20 09:46:51 [scheduling-1] INFO  c.p.b.m.aspect.LoggingAspect - [61cc16dd-844f-4f90-b2ef-26d370b2a4ce] <-- PendingSignupCleanupService.deleteExpiredPendingSignups() | timeMs=0
2026-06-20 09:47:51 [scheduling-1] INFO  c.p.b.m.aspect.LoggingAspect - [94608320-b1a8-4344-ab86-eee9b5ba76da] --> PendingSignupCleanupService.deleteExpiredPendingSignups()
2026-06-20 09:47:51 [scheduling-1] DEBUG org.hibernate.SQL - 
    /* SELECT
        p 
    FROM
        PendingSignup p 
    WHERE
        p.expiryTime < :time */ select
            ps1_0.id,
            ps1_0.email,
            ps1_0.expiry_time,
            ps1_0.otp,
            ps1_0.password,
            ps1_0.username 
        from
            pending_signup ps1_0 
        where
            ps1_0.expiry_time<?
2026-06-20 09:47:51 [scheduling-1] INFO  c.p.b.m.aspect.LoggingAspect - [94608320-b1a8-4344-ab86-eee9b5ba76da] <-- PendingSignupCleanupService.deleteExpiredPendingSignups() | timeMs=1
2026-06-20 09:48:51 [scheduling-1] INFO  c.p.b.m.aspect.LoggingAspect - [ead4beed-1a8f-4f26-9041-592bd37b2ec8] --> PendingSignupCleanupService.deleteExpiredPendingSignups()
2026-06-20 09:48:51 [scheduling-1] DEBUG org.hibernate.SQL - 
    /* SELECT
        p 
    FROM
        PendingSignup p 
    WHERE
        p.expiryTime < :time */ select
            ps1_0.id,
            ps1_0.email,
            ps1_0.expiry_time,
            ps1_0.otp,
            ps1_0.password,
            ps1_0.username 
        from
            pending_signup ps1_0 
        where
            ps1_0.expiry_time<?
2026-06-20 09:48:51 [scheduling-1] INFO  c.p.b.m.aspect.LoggingAspect - [ead4beed-1a8f-4f26-9041-592bd37b2ec8] <-- PendingSignupCleanupService.deleteExpiredPendingSignups() | timeMs=0
2026-06-20 09:49:51 [scheduling-1] INFO  c.p.b.m.aspect.LoggingAspect - [cae5accf-7ac9-4276-ad86-3df7df77c77a] --> PendingSignupCleanupService.deleteExpiredPendingSignups()
2026-06-20 09:49:51 [scheduling-1] DEBUG org.hibernate.SQL - 
    /* SELECT
        p 
    FROM
        PendingSignup p 
    WHERE
        p.expiryTime < :time */ select
            ps1_0.id,
            ps1_0.email,
            ps1_0.expiry_time,
            ps1_0.otp,
            ps1_0.password,
            ps1_0.username 
        from
            pending_signup ps1_0 
        where
            ps1_0.expiry_time<?
2026-06-20 09:49:51 [scheduling-1] INFO  c.p.b.m.aspect.LoggingAspect - [cae5accf-7ac9-4276-ad86-3df7df77c77a] <-- PendingSignupCleanupService.deleteExpiredPendingSignups() | timeMs=0
2026-06-20 09:50:51 [scheduling-1] INFO  c.p.b.m.aspect.LoggingAspect - [4da134ab-183c-4dc0-8e23-a5e0b7f52e13] --> PendingSignupCleanupService.deleteExpiredPendingSignups()
2026-06-20 09:50:51 [scheduling-1] DEBUG org.hibernate.SQL - 
    /* SELECT
        p 
    FROM
        PendingSignup p 
    WHERE
        p.expiryTime < :time */ select
            ps1_0.id,
            ps1_0.email,
            ps1_0.expiry_time,
            ps1_0.otp,
            ps1_0.password,
            ps1_0.username 
        from
            pending_signup ps1_0 
        where
            ps1_0.expiry_time<?
2026-06-20 09:50:51 [scheduling-1] INFO  c.p.b.m.aspect.LoggingAspect - [4da134ab-183c-4dc0-8e23-a5e0b7f52e13] <-- PendingSignupCleanupService.deleteExpiredPendingSignups() | timeMs=0
2026-06-20 09:51:51 [scheduling-1] INFO  c.p.b.m.aspect.LoggingAspect - [0c7bb509-e03b-44c3-8cb9-8e2214a86df3] --> PendingSignupCleanupService.deleteExpiredPendingSignups()
2026-06-20 09:51:51 [scheduling-1] DEBUG org.hibernate.SQL - 
    /* SELECT
        p 
    FROM
        PendingSignup p 
    WHERE
        p.expiryTime < :time */ select
            ps1_0.id,
            ps1_0.email,
            ps1_0.expiry_time,
            ps1_0.otp,
            ps1_0.password,
            ps1_0.username 
        from
            pending_signup ps1_0 
        where
            ps1_0.expiry_time<?
2026-06-20 09:51:51 [scheduling-1] INFO  c.p.b.m.aspect.LoggingAspect - [0c7bb509-e03b-44c3-8cb9-8e2214a86df3] <-- PendingSignupCleanupService.deleteExpiredPendingSignups() | timeMs=0
2026-06-20 09:52:51 [scheduling-1] INFO  c.p.b.m.aspect.LoggingAspect - [29fef2c0-4140-45b8-8e21-1856ae33abe9] --> PendingSignupCleanupService.deleteExpiredPendingSignups()
2026-06-20 09:52:51 [scheduling-1] DEBUG org.hibernate.SQL - 
    /* SELECT
        p 
    FROM
        PendingSignup p 
    WHERE
        p.expiryTime < :time */ select
            ps1_0.id,
            ps1_0.email,
            ps1_0.expiry_time,
            ps1_0.otp,
            ps1_0.password,
            ps1_0.username 
        from
            pending_signup ps1_0 
        where
            ps1_0.expiry_time<?
2026-06-20 09:52:51 [scheduling-1] INFO  c.p.b.m.aspect.LoggingAspect - [29fef2c0-4140-45b8-8e21-1856ae33abe9] <-- PendingSignupCleanupService.deleteExpiredPendingSignups() | timeMs=0
2026-06-20 09:53:51 [scheduling-1] INFO  c.p.b.m.aspect.LoggingAspect - [96b68d13-917b-4f49-b50b-17f093b3e5e6] --> PendingSignupCleanupService.deleteExpiredPendingSignups()
2026-06-20 09:53:51 [scheduling-1] DEBUG org.hibernate.SQL - 
    /* SELECT
        p 
    FROM
        PendingSignup p 
    WHERE
        p.expiryTime < :time */ select
            ps1_0.id,
            ps1_0.email,
            ps1_0.expiry_time,
            ps1_0.otp,
            ps1_0.password,
            ps1_0.username 
        from
            pending_signup ps1_0 
        where
            ps1_0.expiry_time<?
2026-06-20 09:53:51 [scheduling-1] INFO  c.p.b.m.aspect.LoggingAspect - [96b68d13-917b-4f49-b50b-17f093b3e5e6] <-- PendingSignupCleanupService.deleteExpiredPendingSignups() | timeMs=0
2026-06-20 09:54:51 [scheduling-1] INFO  c.p.b.m.aspect.LoggingAspect - [d235dc0e-511a-4d2a-8a05-454ffb80147d] --> PendingSignupCleanupService.deleteExpiredPendingSignups()
2026-06-20 09:54:51 [scheduling-1] DEBUG org.hibernate.SQL - 
    /* SELECT
        p 
    FROM
        PendingSignup p 
    WHERE
        p.expiryTime < :time */ select
            ps1_0.id,
            ps1_0.email,
            ps1_0.expiry_time,
            ps1_0.otp,
            ps1_0.password,
            ps1_0.username 
        from
            pending_signup ps1_0 
        where
            ps1_0.expiry_time<?
2026-06-20 09:54:51 [scheduling-1] INFO  c.p.b.m.aspect.LoggingAspect - [d235dc0e-511a-4d2a-8a05-454ffb80147d] <-- PendingSignupCleanupService.deleteExpiredPendingSignups() | timeMs=0
2026-06-20 09:55:51 [scheduling-1] INFO  c.p.b.m.aspect.LoggingAspect - [6b7b3f8b-94c4-466a-a735-f6660fc5a901] --> PendingSignupCleanupService.deleteExpiredPendingSignups()
2026-06-20 09:55:51 [scheduling-1] DEBUG org.hibernate.SQL - 
    /* SELECT
        p 
    FROM
        PendingSignup p 
    WHERE
        p.expiryTime < :time */ select
            ps1_0.id,
            ps1_0.email,
            ps1_0.expiry_time,
            ps1_0.otp,
            ps1_0.password,
            ps1_0.username 
        from
            pending_signup ps1_0 
        where
            ps1_0.expiry_time<?
2026-06-20 09:55:51 [scheduling-1] INFO  c.p.b.m.aspect.LoggingAspect - [6b7b3f8b-94c4-466a-a735-f6660fc5a901] <-- PendingSignupCleanupService.deleteExpiredPendingSignups() | timeMs=0
2026-06-20 09:56:51 [scheduling-1] INFO  c.p.b.m.aspect.LoggingAspect - [0df262de-f834-4f7e-9123-6b31a0e6f021] --> PendingSignupCleanupService.deleteExpiredPendingSignups()
2026-06-20 09:56:51 [scheduling-1] DEBUG org.hibernate.SQL - 
    /* SELECT
        p 
    FROM
        PendingSignup p 
    WHERE
        p.expiryTime < :time */ select
            ps1_0.id,
            ps1_0.email,
            ps1_0.expiry_time,
            ps1_0.otp,
            ps1_0.password,
            ps1_0.username 
        from
            pending_signup ps1_0 
        where
            ps1_0.expiry_time<?
2026-06-20 09:56:51 [scheduling-1] INFO  c.p.b.m.aspect.LoggingAspect - [0df262de-f834-4f7e-9123-6b31a0e6f021] <-- PendingSignupCleanupService.deleteExpiredPendingSignups() | timeMs=0
2026-06-20 09:57:51 [scheduling-1] INFO  c.p.b.m.aspect.LoggingAspect - [7ea85cef-a8ef-4c76-b7a3-f68ec2bd8b46] --> PendingSignupCleanupService.deleteExpiredPendingSignups()
2026-06-20 09:57:51 [scheduling-1] DEBUG org.hibernate.SQL - 
    /* SELECT
        p 
    FROM
        PendingSignup p 
    WHERE
        p.expiryTime < :time */ select
            ps1_0.id,
            ps1_0.email,
            ps1_0.expiry_time,
            ps1_0.otp,
            ps1_0.password,
            ps1_0.username 
        from
            pending_signup ps1_0 
        where
            ps1_0.expiry_time<?
2026-06-20 09:57:51 [scheduling-1] INFO  c.p.b.m.aspect.LoggingAspect - [7ea85cef-a8ef-4c76-b7a3-f68ec2bd8b46] <-- PendingSignupCleanupService.deleteExpiredPendingSignups() | timeMs=0
2026-06-20 09:58:51 [scheduling-1] INFO  c.p.b.m.aspect.LoggingAspect - [42af16e4-8a6c-4357-bb24-f083615e791f] --> PendingSignupCleanupService.deleteExpiredPendingSignups()
2026-06-20 09:58:51 [scheduling-1] DEBUG org.hibernate.SQL - 
    /* SELECT
        p 
    FROM
        PendingSignup p 
    WHERE
        p.expiryTime < :time */ select
            ps1_0.id,
            ps1_0.email,
            ps1_0.expiry_time,
            ps1_0.otp,
            ps1_0.password,
            ps1_0.username 
        from
            pending_signup ps1_0 
        where
            ps1_0.expiry_time<?
2026-06-20 09:58:51 [scheduling-1] INFO  c.p.b.m.aspect.LoggingAspect - [42af16e4-8a6c-4357-bb24-f083615e791f] <-- PendingSignupCleanupService.deleteExpiredPendingSignups() | timeMs=0
2026-06-20 09:59:51 [scheduling-1] INFO  c.p.b.m.aspect.LoggingAspect - [9318cdfe-afba-42cf-a2e4-b01ddc528399] --> PendingSignupCleanupService.deleteExpiredPendingSignups()
2026-06-20 09:59:51 [scheduling-1] DEBUG org.hibernate.SQL - 
    /* SELECT
        p 
    FROM
        PendingSignup p 
    WHERE
        p.expiryTime < :time */ select
            ps1_0.id,
            ps1_0.email,
            ps1_0.expiry_time,
            ps1_0.otp,
            ps1_0.password,
            ps1_0.username 
        from
            pending_signup ps1_0 
        where
            ps1_0.expiry_time<?
2026-06-20 09:59:51 [scheduling-1] INFO  c.p.b.m.aspect.LoggingAspect - [9318cdfe-afba-42cf-a2e4-b01ddc528399] <-- PendingSignupCleanupService.deleteExpiredPendingSignups() | timeMs=0
2026-06-20 10:00:51 [scheduling-1] INFO  c.p.b.m.aspect.LoggingAspect - [95bcfd6e-2f92-4c9a-8f50-849d28e8b505] --> PendingSignupCleanupService.deleteExpiredPendingSignups()
2026-06-20 10:00:51 [scheduling-1] DEBUG org.hibernate.SQL - 
    /* SELECT
        p 
    FROM
        PendingSignup p 
    WHERE
        p.expiryTime < :time */ select
            ps1_0.id,
            ps1_0.email,
            ps1_0.expiry_time,
            ps1_0.otp,
            ps1_0.password,
            ps1_0.username 
        from
            pending_signup ps1_0 
        where
            ps1_0.expiry_time<?
2026-06-20 10:00:51 [scheduling-1] INFO  c.p.b.m.aspect.LoggingAspect - [95bcfd6e-2f92-4c9a-8f50-849d28e8b505] <-- PendingSignupCleanupService.deleteExpiredPendingSignups() | timeMs=1
2026-06-20 10:01:51 [scheduling-1] INFO  c.p.b.m.aspect.LoggingAspect - [da3ffa80-978a-4216-83c3-ecf4c2c653c3] --> PendingSignupCleanupService.deleteExpiredPendingSignups()
2026-06-20 10:01:51 [scheduling-1] DEBUG org.hibernate.SQL - 
    /* SELECT
        p 
    FROM
        PendingSignup p 
    WHERE
        p.expiryTime < :time */ select
            ps1_0.id,
            ps1_0.email,
            ps1_0.expiry_time,
            ps1_0.otp,
            ps1_0.password,
            ps1_0.username 
        from
            pending_signup ps1_0 
        where
            ps1_0.expiry_time<?
2026-06-20 10:01:51 [scheduling-1] INFO  c.p.b.m.aspect.LoggingAspect - [da3ffa80-978a-4216-83c3-ecf4c2c653c3] <-- PendingSignupCleanupService.deleteExpiredPendingSignups() | timeMs=0
2026-06-20 10:02:51 [scheduling-1] INFO  c.p.b.m.aspect.LoggingAspect - [37b121ea-8011-4f8f-960c-2083c4fbf984] --> PendingSignupCleanupService.deleteExpiredPendingSignups()
2026-06-20 10:02:51 [scheduling-1] DEBUG org.hibernate.SQL - 
    /* SELECT
        p 
    FROM
        PendingSignup p 
    WHERE
        p.expiryTime < :time */ select
            ps1_0.id,
            ps1_0.email,
            ps1_0.expiry_time,
            ps1_0.otp,
            ps1_0.password,
            ps1_0.username 
        from
            pending_signup ps1_0 
        where
            ps1_0.expiry_time<?
2026-06-20 10:02:51 [scheduling-1] INFO  c.p.b.m.aspect.LoggingAspect - [37b121ea-8011-4f8f-960c-2083c4fbf984] <-- PendingSignupCleanupService.deleteExpiredPendingSignups() | timeMs=0
2026-06-20 10:03:51 [scheduling-1] INFO  c.p.b.m.aspect.LoggingAspect - [eacd6ab4-e2c4-42bb-a0b6-f38f25abc66c] --> PendingSignupCleanupService.deleteExpiredPendingSignups()
2026-06-20 10:03:51 [scheduling-1] DEBUG org.hibernate.SQL - 
    /* SELECT
        p 
    FROM
        PendingSignup p 
    WHERE
        p.expiryTime < :time */ select
            ps1_0.id,
            ps1_0.email,
            ps1_0.expiry_time,
            ps1_0.otp,
            ps1_0.password,
            ps1_0.username 
        from
            pending_signup ps1_0 
        where
            ps1_0.expiry_time<?
2026-06-20 10:03:51 [scheduling-1] INFO  c.p.b.m.aspect.LoggingAspect - [eacd6ab4-e2c4-42bb-a0b6-f38f25abc66c] <-- PendingSignupCleanupService.deleteExpiredPendingSignups() | timeMs=0
2026-06-20 10:04:51 [scheduling-1] INFO  c.p.b.m.aspect.LoggingAspect - [a3db2919-d2fd-4a3a-8c5e-0aa872d8fd30] --> PendingSignupCleanupService.deleteExpiredPendingSignups()
2026-06-20 10:04:51 [scheduling-1] DEBUG org.hibernate.SQL - 
    /* SELECT
        p 
    FROM
        PendingSignup p 
    WHERE
        p.expiryTime < :time */ select
            ps1_0.id,
            ps1_0.email,
            ps1_0.expiry_time,
            ps1_0.otp,
            ps1_0.password,
            ps1_0.username 
        from
            pending_signup ps1_0 
        where
            ps1_0.expiry_time<?
2026-06-20 10:04:51 [scheduling-1] INFO  c.p.b.m.aspect.LoggingAspect - [a3db2919-d2fd-4a3a-8c5e-0aa872d8fd30] <-- PendingSignupCleanupService.deleteExpiredPendingSignups() | timeMs=0
2026-06-20 10:05:51 [scheduling-1] INFO  c.p.b.m.aspect.LoggingAspect - [49e5af59-a56b-4cb0-a510-2311407fa306] --> PendingSignupCleanupService.deleteExpiredPendingSignups()
2026-06-20 10:05:51 [scheduling-1] DEBUG org.hibernate.SQL - 
    /* SELECT
        p 
    FROM
        PendingSignup p 
    WHERE
        p.expiryTime < :time */ select
            ps1_0.id,
            ps1_0.email,
            ps1_0.expiry_time,
            ps1_0.otp,
            ps1_0.password,
            ps1_0.username 
        from
            pending_signup ps1_0 
        where
            ps1_0.expiry_time<?
2026-06-20 10:05:51 [scheduling-1] INFO  c.p.b.m.aspect.LoggingAspect - [49e5af59-a56b-4cb0-a510-2311407fa306] <-- PendingSignupCleanupService.deleteExpiredPendingSignups() | timeMs=0
2026-06-20 10:06:51 [scheduling-1] INFO  c.p.b.m.aspect.LoggingAspect - [954f6dfa-4df8-467d-8cb1-bfddcea101c5] --> PendingSignupCleanupService.deleteExpiredPendingSignups()
2026-06-20 10:06:51 [scheduling-1] DEBUG org.hibernate.SQL - 
    /* SELECT
        p 
    FROM
        PendingSignup p 
    WHERE
        p.expiryTime < :time */ select
            ps1_0.id,
            ps1_0.email,
            ps1_0.expiry_time,
            ps1_0.otp,
            ps1_0.password,
            ps1_0.username 
        from
            pending_signup ps1_0 
        where
            ps1_0.expiry_time<?
2026-06-20 10:06:51 [scheduling-1] INFO  c.p.b.m.aspect.LoggingAspect - [954f6dfa-4df8-467d-8cb1-bfddcea101c5] <-- PendingSignupCleanupService.deleteExpiredPendingSignups() | timeMs=0
2026-06-20 10:07:51 [scheduling-1] INFO  c.p.b.m.aspect.LoggingAspect - [388bdd60-b260-4602-9e37-855a48cb3120] --> PendingSignupCleanupService.deleteExpiredPendingSignups()
2026-06-20 10:07:51 [scheduling-1] DEBUG org.hibernate.SQL - 
    /* SELECT
        p 
    FROM
        PendingSignup p 
    WHERE
        p.expiryTime < :time */ select
            ps1_0.id,
            ps1_0.email,
            ps1_0.expiry_time,
            ps1_0.otp,
            ps1_0.password,
            ps1_0.username 
        from
            pending_signup ps1_0 
        where
            ps1_0.expiry_time<?
2026-06-20 10:07:51 [scheduling-1] INFO  c.p.b.m.aspect.LoggingAspect - [388bdd60-b260-4602-9e37-855a48cb3120] <-- PendingSignupCleanupService.deleteExpiredPendingSignups() | timeMs=0
2026-06-20 10:08:51 [scheduling-1] INFO  c.p.b.m.aspect.LoggingAspect - [ee1f251f-8a0d-487d-9aaf-45ed56724a0e] --> PendingSignupCleanupService.deleteExpiredPendingSignups()
2026-06-20 10:08:51 [scheduling-1] DEBUG org.hibernate.SQL - 
    /* SELECT
        p 
    FROM
        PendingSignup p 
    WHERE
        p.expiryTime < :time */ select
            ps1_0.id,
            ps1_0.email,
            ps1_0.expiry_time,
            ps1_0.otp,
            ps1_0.password,
            ps1_0.username 
        from
            pending_signup ps1_0 
        where
            ps1_0.expiry_time<?
2026-06-20 10:08:51 [scheduling-1] INFO  c.p.b.m.aspect.LoggingAspect - [ee1f251f-8a0d-487d-9aaf-45ed56724a0e] <-- PendingSignupCleanupService.deleteExpiredPendingSignups() | timeMs=0
2026-06-20 10:09:51 [scheduling-1] INFO  c.p.b.m.aspect.LoggingAspect - [c754d560-7ebe-4edd-bce9-d0f27f1809a9] --> PendingSignupCleanupService.deleteExpiredPendingSignups()
2026-06-20 10:09:51 [scheduling-1] DEBUG org.hibernate.SQL - 
    /* SELECT
        p 
    FROM
        PendingSignup p 
    WHERE
        p.expiryTime < :time */ select
            ps1_0.id,
            ps1_0.email,
            ps1_0.expiry_time,
            ps1_0.otp,
            ps1_0.password,
            ps1_0.username 
        from
            pending_signup ps1_0 
        where
            ps1_0.expiry_time<?
2026-06-20 10:09:51 [scheduling-1] INFO  c.p.b.m.aspect.LoggingAspect - [c754d560-7ebe-4edd-bce9-d0f27f1809a9] <-- PendingSignupCleanupService.deleteExpiredPendingSignups() | timeMs=0
2026-06-20 10:10:51 [scheduling-1] INFO  c.p.b.m.aspect.LoggingAspect - [c48dd0ad-0825-4b62-97b4-60860939c764] --> PendingSignupCleanupService.deleteExpiredPendingSignups()
2026-06-20 10:10:51 [scheduling-1] DEBUG org.hibernate.SQL - 
    /* SELECT
        p 
    FROM
        PendingSignup p 
    WHERE
        p.expiryTime < :time */ select
            ps1_0.id,
            ps1_0.email,
            ps1_0.expiry_time,
            ps1_0.otp,
            ps1_0.password,
            ps1_0.username 
        from
            pending_signup ps1_0 
        where
            ps1_0.expiry_time<?
2026-06-20 10:10:51 [scheduling-1] INFO  c.p.b.m.aspect.LoggingAspect - [c48dd0ad-0825-4b62-97b4-60860939c764] <-- PendingSignupCleanupService.deleteExpiredPendingSignups() | timeMs=0
2026-06-20 10:11:51 [scheduling-1] INFO  c.p.b.m.aspect.LoggingAspect - [62f5b96c-d933-46ac-8d1e-2eb7cff67864] --> PendingSignupCleanupService.deleteExpiredPendingSignups()
2026-06-20 10:11:51 [scheduling-1] DEBUG org.hibernate.SQL - 
    /* SELECT
        p 
    FROM
        PendingSignup p 
    WHERE
        p.expiryTime < :time */ select
            ps1_0.id,
            ps1_0.email,
            ps1_0.expiry_time,
            ps1_0.otp,
            ps1_0.password,
            ps1_0.username 
        from
            pending_signup ps1_0 
        where
            ps1_0.expiry_time<?
2026-06-20 10:11:51 [scheduling-1] INFO  c.p.b.m.aspect.LoggingAspect - [62f5b96c-d933-46ac-8d1e-2eb7cff67864] <-- PendingSignupCleanupService.deleteExpiredPendingSignups() | timeMs=0
2026-06-20 10:12:51 [scheduling-1] INFO  c.p.b.m.aspect.LoggingAspect - [aa7d33aa-048b-40eb-9f01-1bfa658bb3eb] --> PendingSignupCleanupService.deleteExpiredPendingSignups()
2026-06-20 10:12:51 [scheduling-1] DEBUG org.hibernate.SQL - 
    /* SELECT
        p 
    FROM
        PendingSignup p 
    WHERE
        p.expiryTime < :time */ select
            ps1_0.id,
            ps1_0.email,
            ps1_0.expiry_time,
            ps1_0.otp,
            ps1_0.password,
            ps1_0.username 
        from
            pending_signup ps1_0 
        where
            ps1_0.expiry_time<?
2026-06-20 10:12:51 [scheduling-1] INFO  c.p.b.m.aspect.LoggingAspect - [aa7d33aa-048b-40eb-9f01-1bfa658bb3eb] <-- PendingSignupCleanupService.deleteExpiredPendingSignups() | timeMs=0
2026-06-20 10:13:51 [scheduling-1] INFO  c.p.b.m.aspect.LoggingAspect - [d4619062-8750-433e-bb6a-b2965d862492] --> PendingSignupCleanupService.deleteExpiredPendingSignups()
2026-06-20 10:13:51 [scheduling-1] DEBUG org.hibernate.SQL - 
    /* SELECT
        p 
    FROM
        PendingSignup p 
    WHERE
        p.expiryTime < :time */ select
            ps1_0.id,
            ps1_0.email,
            ps1_0.expiry_time,
            ps1_0.otp,
            ps1_0.password,
            ps1_0.username 
        from
            pending_signup ps1_0 
        where
            ps1_0.expiry_time<?
2026-06-20 10:13:51 [scheduling-1] INFO  c.p.b.m.aspect.LoggingAspect - [d4619062-8750-433e-bb6a-b2965d862492] <-- PendingSignupCleanupService.deleteExpiredPendingSignups() | timeMs=0
2026-06-20 10:14:51 [scheduling-1] INFO  c.p.b.m.aspect.LoggingAspect - [7863e6f5-656d-49a0-9f55-bb79203868a0] --> PendingSignupCleanupService.deleteExpiredPendingSignups()
2026-06-20 10:14:51 [scheduling-1] DEBUG org.hibernate.SQL - 
    /* SELECT
        p 
    FROM
        PendingSignup p 
    WHERE
        p.expiryTime < :time */ select
            ps1_0.id,
            ps1_0.email,
            ps1_0.expiry_time,
            ps1_0.otp,
            ps1_0.password,
            ps1_0.username 
        from
            pending_signup ps1_0 
        where
            ps1_0.expiry_time<?
2026-06-20 10:14:51 [scheduling-1] INFO  c.p.b.m.aspect.LoggingAspect - [7863e6f5-656d-49a0-9f55-bb79203868a0] <-- PendingSignupCleanupService.deleteExpiredPendingSignups() | timeMs=0
2026-06-20 10:15:51 [scheduling-1] INFO  c.p.b.m.aspect.LoggingAspect - [46dd3e95-e898-4a98-a49f-bef8eceed86c] --> PendingSignupCleanupService.deleteExpiredPendingSignups()
2026-06-20 10:15:51 [scheduling-1] DEBUG org.hibernate.SQL - 
    /* SELECT
        p 
    FROM
        PendingSignup p 
    WHERE
        p.expiryTime < :time */ select
            ps1_0.id,
            ps1_0.email,
            ps1_0.expiry_time,
            ps1_0.otp,
            ps1_0.password,
            ps1_0.username 
        from
            pending_signup ps1_0 
        where
            ps1_0.expiry_time<?
2026-06-20 10:15:51 [scheduling-1] INFO  c.p.b.m.aspect.LoggingAspect - [46dd3e95-e898-4a98-a49f-bef8eceed86c] <-- PendingSignupCleanupService.deleteExpiredPendingSignups() | timeMs=0
2026-06-20 10:16:51 [scheduling-1] INFO  c.p.b.m.aspect.LoggingAspect - [647f8410-3a1a-420b-947f-d74bc7e14135] --> PendingSignupCleanupService.deleteExpiredPendingSignups()
2026-06-20 10:16:51 [scheduling-1] DEBUG org.hibernate.SQL - 
    /* SELECT
        p 
    FROM
        PendingSignup p 
    WHERE
        p.expiryTime < :time */ select
            ps1_0.id,
            ps1_0.email,
            ps1_0.expiry_time,
            ps1_0.otp,
            ps1_0.password,
            ps1_0.username 
        from
            pending_signup ps1_0 
        where
            ps1_0.expiry_time<?
2026-06-20 10:16:51 [scheduling-1] INFO  c.p.b.m.aspect.LoggingAspect - [647f8410-3a1a-420b-947f-d74bc7e14135] <-- PendingSignupCleanupService.deleteExpiredPendingSignups() | timeMs=0
2026-06-20 10:17:51 [scheduling-1] INFO  c.p.b.m.aspect.LoggingAspect - [2685c5a6-508c-45cf-aed7-8347cac93cfe] --> PendingSignupCleanupService.deleteExpiredPendingSignups()
2026-06-20 10:17:51 [scheduling-1] DEBUG org.hibernate.SQL - 
    /* SELECT
        p 
    FROM
        PendingSignup p 
    WHERE
        p.expiryTime < :time */ select
            ps1_0.id,
            ps1_0.email,
            ps1_0.expiry_time,
            ps1_0.otp,
            ps1_0.password,
            ps1_0.username 
        from
            pending_signup ps1_0 
        where
            ps1_0.expiry_time<?
2026-06-20 10:17:51 [scheduling-1] INFO  c.p.b.m.aspect.LoggingAspect - [2685c5a6-508c-45cf-aed7-8347cac93cfe] <-- PendingSignupCleanupService.deleteExpiredPendingSignups() | timeMs=0
2026-06-20 10:18:51 [scheduling-1] INFO  c.p.b.m.aspect.LoggingAspect - [452922af-27a6-461b-a9e7-eb666d3d9bea] --> PendingSignupCleanupService.deleteExpiredPendingSignups()
2026-06-20 10:18:51 [scheduling-1] DEBUG org.hibernate.SQL - 
    /* SELECT
        p 
    FROM
        PendingSignup p 
    WHERE
        p.expiryTime < :time */ select
            ps1_0.id,
            ps1_0.email,
            ps1_0.expiry_time,
            ps1_0.otp,
            ps1_0.password,
            ps1_0.username 
        from
            pending_signup ps1_0 
        where
            ps1_0.expiry_time<?
2026-06-20 10:18:51 [scheduling-1] INFO  c.p.b.m.aspect.LoggingAspect - [452922af-27a6-461b-a9e7-eb666d3d9bea] <-- PendingSignupCleanupService.deleteExpiredPendingSignups() | timeMs=0
2026-06-20 10:19:51 [scheduling-1] INFO  c.p.b.m.aspect.LoggingAspect - [7dc329d6-317c-4fa9-8011-1dd546e2383e] --> PendingSignupCleanupService.deleteExpiredPendingSignups()
2026-06-20 10:19:51 [scheduling-1] DEBUG org.hibernate.SQL - 
    /* SELECT
        p 
    FROM
        PendingSignup p 
    WHERE
        p.expiryTime < :time */ select
            ps1_0.id,
            ps1_0.email,
            ps1_0.expiry_time,
            ps1_0.otp,
            ps1_0.password,
            ps1_0.username 
        from
            pending_signup ps1_0 
        where
            ps1_0.expiry_time<?
2026-06-20 10:19:51 [scheduling-1] INFO  c.p.b.m.aspect.LoggingAspect - [7dc329d6-317c-4fa9-8011-1dd546e2383e] <-- PendingSignupCleanupService.deleteExpiredPendingSignups() | timeMs=0
2026-06-20 10:20:51 [scheduling-1] INFO  c.p.b.m.aspect.LoggingAspect - [928b67bb-e65c-4fe9-ade5-d7f5c7ab82d4] --> PendingSignupCleanupService.deleteExpiredPendingSignups()
2026-06-20 10:20:51 [scheduling-1] DEBUG org.hibernate.SQL - 
    /* SELECT
        p 
    FROM
        PendingSignup p 
    WHERE
        p.expiryTime < :time */ select
            ps1_0.id,
            ps1_0.email,
            ps1_0.expiry_time,
            ps1_0.otp,
            ps1_0.password,
            ps1_0.username 
        from
            pending_signup ps1_0 
        where
            ps1_0.expiry_time<?
2026-06-20 10:20:51 [scheduling-1] INFO  c.p.b.m.aspect.LoggingAspect - [928b67bb-e65c-4fe9-ade5-d7f5c7ab82d4] <-- PendingSignupCleanupService.deleteExpiredPendingSignups() | timeMs=0
2026-06-20 10:21:51 [scheduling-1] INFO  c.p.b.m.aspect.LoggingAspect - [11253a50-9437-41be-a9cc-40df75ced364] --> PendingSignupCleanupService.deleteExpiredPendingSignups()
2026-06-20 10:21:51 [scheduling-1] DEBUG org.hibernate.SQL - 
    /* SELECT
        p 
    FROM
        PendingSignup p 
    WHERE
        p.expiryTime < :time */ select
            ps1_0.id,
            ps1_0.email,
            ps1_0.expiry_time,
            ps1_0.otp,
            ps1_0.password,
            ps1_0.username 
        from
            pending_signup ps1_0 
        where
            ps1_0.expiry_time<?
2026-06-20 10:21:51 [scheduling-1] INFO  c.p.b.m.aspect.LoggingAspect - [11253a50-9437-41be-a9cc-40df75ced364] <-- PendingSignupCleanupService.deleteExpiredPendingSignups() | timeMs=0
2026-06-20 10:22:51 [scheduling-1] INFO  c.p.b.m.aspect.LoggingAspect - [3c98880a-3b78-4bd1-87b2-e4e8f7ebea2e] --> PendingSignupCleanupService.deleteExpiredPendingSignups()
2026-06-20 10:22:51 [scheduling-1] DEBUG org.hibernate.SQL - 
    /* SELECT
        p 
    FROM
        PendingSignup p 
    WHERE
        p.expiryTime < :time */ select
            ps1_0.id,
            ps1_0.email,
            ps1_0.expiry_time,
            ps1_0.otp,
            ps1_0.password,
            ps1_0.username 
        from
            pending_signup ps1_0 
        where
            ps1_0.expiry_time<?
2026-06-20 10:22:51 [scheduling-1] INFO  c.p.b.m.aspect.LoggingAspect - [3c98880a-3b78-4bd1-87b2-e4e8f7ebea2e] <-- PendingSignupCleanupService.deleteExpiredPendingSignups() | timeMs=0
2026-06-20 10:23:51 [scheduling-1] INFO  c.p.b.m.aspect.LoggingAspect - [7b96832b-530d-477b-944c-6e68b5e31629] --> PendingSignupCleanupService.deleteExpiredPendingSignups()
2026-06-20 10:23:51 [scheduling-1] DEBUG org.hibernate.SQL - 
    /* SELECT
        p 
    FROM
        PendingSignup p 
    WHERE
        p.expiryTime < :time */ select
            ps1_0.id,
            ps1_0.email,
            ps1_0.expiry_time,
            ps1_0.otp,
            ps1_0.password,
            ps1_0.username 
        from
            pending_signup ps1_0 
        where
            ps1_0.expiry_time<?
2026-06-20 10:23:51 [scheduling-1] INFO  c.p.b.m.aspect.LoggingAspect - [7b96832b-530d-477b-944c-6e68b5e31629] <-- PendingSignupCleanupService.deleteExpiredPendingSignups() | timeMs=0
2026-06-20 10:24:51 [scheduling-1] INFO  c.p.b.m.aspect.LoggingAspect - [af3f9433-3fb1-461d-bb05-d56df81e6906] --> PendingSignupCleanupService.deleteExpiredPendingSignups()
2026-06-20 10:24:51 [scheduling-1] DEBUG org.hibernate.SQL - 
    /* SELECT
        p 
    FROM
        PendingSignup p 
    WHERE
        p.expiryTime < :time */ select
            ps1_0.id,
            ps1_0.email,
            ps1_0.expiry_time,
            ps1_0.otp,
            ps1_0.password,
            ps1_0.username 
        from
            pending_signup ps1_0 
        where
            ps1_0.expiry_time<?
2026-06-20 10:24:51 [scheduling-1] INFO  c.p.b.m.aspect.LoggingAspect - [af3f9433-3fb1-461d-bb05-d56df81e6906] <-- PendingSignupCleanupService.deleteExpiredPendingSignups() | timeMs=0
2026-06-20 10:25:51 [scheduling-1] INFO  c.p.b.m.aspect.LoggingAspect - [dd6dfd9f-0dfc-4ecf-a114-2fc7f13a8702] --> PendingSignupCleanupService.deleteExpiredPendingSignups()
2026-06-20 10:25:51 [scheduling-1] DEBUG org.hibernate.SQL - 
    /* SELECT
        p 
    FROM
        PendingSignup p 
    WHERE
        p.expiryTime < :time */ select
            ps1_0.id,
            ps1_0.email,
            ps1_0.expiry_time,
            ps1_0.otp,
            ps1_0.password,
            ps1_0.username 
        from
            pending_signup ps1_0 
        where
            ps1_0.expiry_time<?
2026-06-20 10:25:51 [scheduling-1] INFO  c.p.b.m.aspect.LoggingAspect - [dd6dfd9f-0dfc-4ecf-a114-2fc7f13a8702] <-- PendingSignupCleanupService.deleteExpiredPendingSignups() | timeMs=0
2026-06-20 10:26:51 [scheduling-1] INFO  c.p.b.m.aspect.LoggingAspect - [d267f587-5483-45f1-b128-daa8d500413f] --> PendingSignupCleanupService.deleteExpiredPendingSignups()
2026-06-20 10:26:51 [scheduling-1] DEBUG org.hibernate.SQL - 
    /* SELECT
        p 
    FROM
        PendingSignup p 
    WHERE
        p.expiryTime < :time */ select
            ps1_0.id,
            ps1_0.email,
            ps1_0.expiry_time,
            ps1_0.otp,
            ps1_0.password,
            ps1_0.username 
        from
            pending_signup ps1_0 
        where
            ps1_0.expiry_time<?
2026-06-20 10:26:51 [scheduling-1] INFO  c.p.b.m.aspect.LoggingAspect - [d267f587-5483-45f1-b128-daa8d500413f] <-- PendingSignupCleanupService.deleteExpiredPendingSignups() | timeMs=0
2026-06-20 10:27:51 [scheduling-1] INFO  c.p.b.m.aspect.LoggingAspect - [c4ab51c3-5878-4fdb-9d97-4a2f38c47a93] --> PendingSignupCleanupService.deleteExpiredPendingSignups()
2026-06-20 10:27:51 [scheduling-1] DEBUG org.hibernate.SQL - 
    /* SELECT
        p 
    FROM
        PendingSignup p 
    WHERE
        p.expiryTime < :time */ select
            ps1_0.id,
            ps1_0.email,
            ps1_0.expiry_time,
            ps1_0.otp,
            ps1_0.password,
            ps1_0.username 
        from
            pending_signup ps1_0 
        where
            ps1_0.expiry_time<?
2026-06-20 10:27:51 [scheduling-1] INFO  c.p.b.m.aspect.LoggingAspect - [c4ab51c3-5878-4fdb-9d97-4a2f38c47a93] <-- PendingSignupCleanupService.deleteExpiredPendingSignups() | timeMs=1
2026-06-20 10:28:51 [scheduling-1] INFO  c.p.b.m.aspect.LoggingAspect - [c7774420-4003-4cca-8fda-b04e6ae8b316] --> PendingSignupCleanupService.deleteExpiredPendingSignups()
2026-06-20 10:28:51 [scheduling-1] DEBUG org.hibernate.SQL - 
    /* SELECT
        p 
    FROM
        PendingSignup p 
    WHERE
        p.expiryTime < :time */ select
            ps1_0.id,
            ps1_0.email,
            ps1_0.expiry_time,
            ps1_0.otp,
            ps1_0.password,
            ps1_0.username 
        from
            pending_signup ps1_0 
        where
            ps1_0.expiry_time<?
2026-06-20 10:28:51 [scheduling-1] INFO  c.p.b.m.aspect.LoggingAspect - [c7774420-4003-4cca-8fda-b04e6ae8b316] <-- PendingSignupCleanupService.deleteExpiredPendingSignups() | timeMs=0
2026-06-20 10:29:51 [scheduling-1] INFO  c.p.b.m.aspect.LoggingAspect - [e53b17b4-2034-4b78-8bfb-599d8bff26d7] --> PendingSignupCleanupService.deleteExpiredPendingSignups()
2026-06-20 10:29:51 [scheduling-1] DEBUG org.hibernate.SQL - 
    /* SELECT
        p 
    FROM
        PendingSignup p 
    WHERE
        p.expiryTime < :time */ select
            ps1_0.id,
            ps1_0.email,
            ps1_0.expiry_time,
            ps1_0.otp,
            ps1_0.password,
            ps1_0.username 
        from
            pending_signup ps1_0 
        where
            ps1_0.expiry_time<?
2026-06-20 10:29:51 [scheduling-1] INFO  c.p.b.m.aspect.LoggingAspect - [e53b17b4-2034-4b78-8bfb-599d8bff26d7] <-- PendingSignupCleanupService.deleteExpiredPendingSignups() | timeMs=0
2026-06-20 10:30:51 [scheduling-1] INFO  c.p.b.m.aspect.LoggingAspect - [5bae41f5-1ac5-4f57-8276-2f9d4df5df6f] --> PendingSignupCleanupService.deleteExpiredPendingSignups()
2026-06-20 10:30:51 [scheduling-1] DEBUG org.hibernate.SQL - 
    /* SELECT
        p 
    FROM
        PendingSignup p 
    WHERE
        p.expiryTime < :time */ select
            ps1_0.id,
            ps1_0.email,
            ps1_0.expiry_time,
            ps1_0.otp,
            ps1_0.password,
            ps1_0.username 
        from
            pending_signup ps1_0 
        where
            ps1_0.expiry_time<?
2026-06-20 10:30:51 [scheduling-1] INFO  c.p.b.m.aspect.LoggingAspect - [5bae41f5-1ac5-4f57-8276-2f9d4df5df6f] <-- PendingSignupCleanupService.deleteExpiredPendingSignups() | timeMs=0
2026-06-20 10:31:51 [scheduling-1] INFO  c.p.b.m.aspect.LoggingAspect - [352b6931-6681-436e-b96a-db9596e068d2] --> PendingSignupCleanupService.deleteExpiredPendingSignups()
2026-06-20 10:31:51 [scheduling-1] DEBUG org.hibernate.SQL - 
    /* SELECT
        p 
    FROM
        PendingSignup p 
    WHERE
        p.expiryTime < :time */ select
            ps1_0.id,
            ps1_0.email,
            ps1_0.expiry_time,
            ps1_0.otp,
            ps1_0.password,
            ps1_0.username 
        from
            pending_signup ps1_0 
        where
            ps1_0.expiry_time<?
2026-06-20 10:31:51 [scheduling-1] INFO  c.p.b.m.aspect.LoggingAspect - [352b6931-6681-436e-b96a-db9596e068d2] <-- PendingSignupCleanupService.deleteExpiredPendingSignups() | timeMs=0
2026-06-20 10:32:51 [scheduling-1] INFO  c.p.b.m.aspect.LoggingAspect - [4aab9356-9d40-4d0a-acb2-afd185502ede] --> PendingSignupCleanupService.deleteExpiredPendingSignups()
2026-06-20 10:32:51 [scheduling-1] DEBUG org.hibernate.SQL - 
    /* SELECT
        p 
    FROM
        PendingSignup p 
    WHERE
        p.expiryTime < :time */ select
            ps1_0.id,
            ps1_0.email,
            ps1_0.expiry_time,
            ps1_0.otp,
            ps1_0.password,
            ps1_0.username 
        from
            pending_signup ps1_0 
        where
            ps1_0.expiry_time<?
2026-06-20 10:32:51 [scheduling-1] INFO  c.p.b.m.aspect.LoggingAspect - [4aab9356-9d40-4d0a-acb2-afd185502ede] <-- PendingSignupCleanupService.deleteExpiredPendingSignups() | timeMs=0
2026-06-20 10:33:51 [scheduling-1] INFO  c.p.b.m.aspect.LoggingAspect - [30e937c8-13fb-41fb-acf3-028674277d5e] --> PendingSignupCleanupService.deleteExpiredPendingSignups()
2026-06-20 10:33:51 [scheduling-1] DEBUG org.hibernate.SQL - 
    /* SELECT
        p 
    FROM
        PendingSignup p 
    WHERE
        p.expiryTime < :time */ select
            ps1_0.id,
            ps1_0.email,
            ps1_0.expiry_time,
            ps1_0.otp,
            ps1_0.password,
            ps1_0.username 
        from
            pending_signup ps1_0 
        where
            ps1_0.expiry_time<?
2026-06-20 10:33:51 [scheduling-1] INFO  c.p.b.m.aspect.LoggingAspect - [30e937c8-13fb-41fb-acf3-028674277d5e] <-- PendingSignupCleanupService.deleteExpiredPendingSignups() | timeMs=1
2026-06-20 10:34:51 [scheduling-1] INFO  c.p.b.m.aspect.LoggingAspect - [dddb3953-895b-45a7-9eb6-e859ffa3ee71] --> PendingSignupCleanupService.deleteExpiredPendingSignups()
2026-06-20 10:34:51 [scheduling-1] DEBUG org.hibernate.SQL - 
    /* SELECT
        p 
    FROM
        PendingSignup p 
    WHERE
        p.expiryTime < :time */ select
            ps1_0.id,
            ps1_0.email,
            ps1_0.expiry_time,
            ps1_0.otp,
            ps1_0.password,
            ps1_0.username 
        from
            pending_signup ps1_0 
        where
            ps1_0.expiry_time<?
2026-06-20 10:34:51 [scheduling-1] INFO  c.p.b.m.aspect.LoggingAspect - [dddb3953-895b-45a7-9eb6-e859ffa3ee71] <-- PendingSignupCleanupService.deleteExpiredPendingSignups() | timeMs=0
2026-06-20 10:35:51 [scheduling-1] INFO  c.p.b.m.aspect.LoggingAspect - [a2697990-bafd-486a-ad2d-2c257518ba3b] --> PendingSignupCleanupService.deleteExpiredPendingSignups()
2026-06-20 10:35:51 [scheduling-1] DEBUG org.hibernate.SQL - 
    /* SELECT
        p 
    FROM
        PendingSignup p 
    WHERE
        p.expiryTime < :time */ select
            ps1_0.id,
            ps1_0.email,
            ps1_0.expiry_time,
            ps1_0.otp,
            ps1_0.password,
            ps1_0.username 
        from
            pending_signup ps1_0 
        where
            ps1_0.expiry_time<?
2026-06-20 10:35:51 [scheduling-1] INFO  c.p.b.m.aspect.LoggingAspect - [a2697990-bafd-486a-ad2d-2c257518ba3b] <-- PendingSignupCleanupService.deleteExpiredPendingSignups() | timeMs=0
2026-06-20 10:36:51 [scheduling-1] INFO  c.p.b.m.aspect.LoggingAspect - [9cea0d8a-65ab-496a-a3f0-1e916fd932ed] --> PendingSignupCleanupService.deleteExpiredPendingSignups()
2026-06-20 10:36:51 [scheduling-1] DEBUG org.hibernate.SQL - 
    /* SELECT
        p 
    FROM
        PendingSignup p 
    WHERE
        p.expiryTime < :time */ select
            ps1_0.id,
            ps1_0.email,
            ps1_0.expiry_time,
            ps1_0.otp,
            ps1_0.password,
            ps1_0.username 
        from
            pending_signup ps1_0 
        where
            ps1_0.expiry_time<?
2026-06-20 10:36:51 [scheduling-1] INFO  c.p.b.m.aspect.LoggingAspect - [9cea0d8a-65ab-496a-a3f0-1e916fd932ed] <-- PendingSignupCleanupService.deleteExpiredPendingSignups() | timeMs=0
2026-06-20 10:37:51 [scheduling-1] INFO  c.p.b.m.aspect.LoggingAspect - [cb605131-166f-4488-aeb6-5988fa737614] --> PendingSignupCleanupService.deleteExpiredPendingSignups()
2026-06-20 10:37:51 [scheduling-1] DEBUG org.hibernate.SQL - 
    /* SELECT
        p 
    FROM
        PendingSignup p 
    WHERE
        p.expiryTime < :time */ select
            ps1_0.id,
            ps1_0.email,
            ps1_0.expiry_time,
            ps1_0.otp,
            ps1_0.password,
            ps1_0.username 
        from
            pending_signup ps1_0 
        where
            ps1_0.expiry_time<?
2026-06-20 10:37:51 [scheduling-1] INFO  c.p.b.m.aspect.LoggingAspect - [cb605131-166f-4488-aeb6-5988fa737614] <-- PendingSignupCleanupService.deleteExpiredPendingSignups() | timeMs=0
2026-06-20 10:38:51 [scheduling-1] INFO  c.p.b.m.aspect.LoggingAspect - [b09f28e3-72a2-43b5-82e3-3c2b711df19e] --> PendingSignupCleanupService.deleteExpiredPendingSignups()
2026-06-20 10:38:51 [scheduling-1] DEBUG org.hibernate.SQL - 
    /* SELECT
        p 
    FROM
        PendingSignup p 
    WHERE
        p.expiryTime < :time */ select
            ps1_0.id,
            ps1_0.email,
            ps1_0.expiry_time,
            ps1_0.otp,
            ps1_0.password,
            ps1_0.username 
        from
            pending_signup ps1_0 
        where
            ps1_0.expiry_time<?
2026-06-20 10:38:51 [scheduling-1] INFO  c.p.b.m.aspect.LoggingAspect - [b09f28e3-72a2-43b5-82e3-3c2b711df19e] <-- PendingSignupCleanupService.deleteExpiredPendingSignups() | timeMs=0
2026-06-20 10:39:51 [scheduling-1] INFO  c.p.b.m.aspect.LoggingAspect - [4d4b930b-803d-4693-8193-50536e5c676b] --> PendingSignupCleanupService.deleteExpiredPendingSignups()
2026-06-20 10:39:51 [scheduling-1] DEBUG org.hibernate.SQL - 
    /* SELECT
        p 
    FROM
        PendingSignup p 
    WHERE
        p.expiryTime < :time */ select
            ps1_0.id,
            ps1_0.email,
            ps1_0.expiry_time,
            ps1_0.otp,
            ps1_0.password,
            ps1_0.username 
        from
            pending_signup ps1_0 
        where
            ps1_0.expiry_time<?
2026-06-20 10:39:51 [scheduling-1] INFO  c.p.b.m.aspect.LoggingAspect - [4d4b930b-803d-4693-8193-50536e5c676b] <-- PendingSignupCleanupService.deleteExpiredPendingSignups() | timeMs=0
2026-06-20 10:40:51 [scheduling-1] INFO  c.p.b.m.aspect.LoggingAspect - [83e4cdfd-e80a-46e3-a4f4-d5eceb880972] --> PendingSignupCleanupService.deleteExpiredPendingSignups()
2026-06-20 10:40:51 [scheduling-1] DEBUG org.hibernate.SQL - 
    /* SELECT
        p 
    FROM
        PendingSignup p 
    WHERE
        p.expiryTime < :time */ select
            ps1_0.id,
            ps1_0.email,
            ps1_0.expiry_time,
            ps1_0.otp,
            ps1_0.password,
            ps1_0.username 
        from
            pending_signup ps1_0 
        where
            ps1_0.expiry_time<?
2026-06-20 10:40:51 [scheduling-1] INFO  c.p.b.m.aspect.LoggingAspect - [83e4cdfd-e80a-46e3-a4f4-d5eceb880972] <-- PendingSignupCleanupService.deleteExpiredPendingSignups() | timeMs=0
2026-06-20 10:41:51 [scheduling-1] INFO  c.p.b.m.aspect.LoggingAspect - [d4ac173c-798e-4606-b36a-18835f96292c] --> PendingSignupCleanupService.deleteExpiredPendingSignups()
2026-06-20 10:41:51 [scheduling-1] DEBUG org.hibernate.SQL - 
    /* SELECT
        p 
    FROM
        PendingSignup p 
    WHERE
        p.expiryTime < :time */ select
            ps1_0.id,
            ps1_0.email,
            ps1_0.expiry_time,
            ps1_0.otp,
            ps1_0.password,
            ps1_0.username 
        from
            pending_signup ps1_0 
        where
            ps1_0.expiry_time<?
2026-06-20 10:41:51 [scheduling-1] INFO  c.p.b.m.aspect.LoggingAspect - [d4ac173c-798e-4606-b36a-18835f96292c] <-- PendingSignupCleanupService.deleteExpiredPendingSignups() | timeMs=0
2026-06-20 10:42:51 [scheduling-1] INFO  c.p.b.m.aspect.LoggingAspect - [5fd0dec3-6a20-4af1-9234-624bddd3dc17] --> PendingSignupCleanupService.deleteExpiredPendingSignups()
2026-06-20 10:42:51 [scheduling-1] DEBUG org.hibernate.SQL - 
    /* SELECT
        p 
    FROM
        PendingSignup p 
    WHERE
        p.expiryTime < :time */ select
            ps1_0.id,
            ps1_0.email,
            ps1_0.expiry_time,
            ps1_0.otp,
            ps1_0.password,
            ps1_0.username 
        from
            pending_signup ps1_0 
        where
            ps1_0.expiry_time<?
2026-06-20 10:42:51 [scheduling-1] INFO  c.p.b.m.aspect.LoggingAspect - [5fd0dec3-6a20-4af1-9234-624bddd3dc17] <-- PendingSignupCleanupService.deleteExpiredPendingSignups() | timeMs=1
2026-06-20 10:43:51 [scheduling-1] INFO  c.p.b.m.aspect.LoggingAspect - [554fedf8-a48e-4f7a-9abf-6cd69f93a0ec] --> PendingSignupCleanupService.deleteExpiredPendingSignups()
2026-06-20 10:43:51 [scheduling-1] DEBUG org.hibernate.SQL - 
    /* SELECT
        p 
    FROM
        PendingSignup p 
    WHERE
        p.expiryTime < :time */ select
            ps1_0.id,
            ps1_0.email,
            ps1_0.expiry_time,
            ps1_0.otp,
            ps1_0.password,
            ps1_0.username 
        from
            pending_signup ps1_0 
        where
            ps1_0.expiry_time<?
2026-06-20 10:43:51 [scheduling-1] INFO  c.p.b.m.aspect.LoggingAspect - [554fedf8-a48e-4f7a-9abf-6cd69f93a0ec] <-- PendingSignupCleanupService.deleteExpiredPendingSignups() | timeMs=0
2026-06-20 10:44:51 [scheduling-1] INFO  c.p.b.m.aspect.LoggingAspect - [5ac5b4be-8bf9-47f6-8703-dcf855fa830e] --> PendingSignupCleanupService.deleteExpiredPendingSignups()
2026-06-20 10:44:51 [scheduling-1] DEBUG org.hibernate.SQL - 
    /* SELECT
        p 
    FROM
        PendingSignup p 
    WHERE
        p.expiryTime < :time */ select
            ps1_0.id,
            ps1_0.email,
            ps1_0.expiry_time,
            ps1_0.otp,
            ps1_0.password,
            ps1_0.username 
        from
            pending_signup ps1_0 
        where
            ps1_0.expiry_time<?
2026-06-20 10:44:51 [scheduling-1] INFO  c.p.b.m.aspect.LoggingAspect - [5ac5b4be-8bf9-47f6-8703-dcf855fa830e] <-- PendingSignupCleanupService.deleteExpiredPendingSignups() | timeMs=0
2026-06-20 10:45:51 [scheduling-1] INFO  c.p.b.m.aspect.LoggingAspect - [eabed45c-6ce8-4dc4-820a-734a58dffeb0] --> PendingSignupCleanupService.deleteExpiredPendingSignups()
2026-06-20 10:45:51 [scheduling-1] DEBUG org.hibernate.SQL - 
    /* SELECT
        p 
    FROM
        PendingSignup p 
    WHERE
        p.expiryTime < :time */ select
            ps1_0.id,
            ps1_0.email,
            ps1_0.expiry_time,
            ps1_0.otp,
            ps1_0.password,
            ps1_0.username 
        from
            pending_signup ps1_0 
        where
            ps1_0.expiry_time<?
2026-06-20 10:45:51 [scheduling-1] INFO  c.p.b.m.aspect.LoggingAspect - [eabed45c-6ce8-4dc4-820a-734a58dffeb0] <-- PendingSignupCleanupService.deleteExpiredPendingSignups() | timeMs=0
2026-06-20 10:46:51 [scheduling-1] INFO  c.p.b.m.aspect.LoggingAspect - [a9122135-c06f-4ca0-97ea-179761bac9ed] --> PendingSignupCleanupService.deleteExpiredPendingSignups()
2026-06-20 10:46:51 [scheduling-1] DEBUG org.hibernate.SQL - 
    /* SELECT
        p 
    FROM
        PendingSignup p 
    WHERE
        p.expiryTime < :time */ select
            ps1_0.id,
            ps1_0.email,
            ps1_0.expiry_time,
            ps1_0.otp,
            ps1_0.password,
            ps1_0.username 
        from
            pending_signup ps1_0 
        where
            ps1_0.expiry_time<?
2026-06-20 10:46:51 [scheduling-1] INFO  c.p.b.m.aspect.LoggingAspect - [a9122135-c06f-4ca0-97ea-179761bac9ed] <-- PendingSignupCleanupService.deleteExpiredPendingSignups() | timeMs=0
2026-06-20 10:47:51 [scheduling-1] INFO  c.p.b.m.aspect.LoggingAspect - [786259d9-ecc6-466f-b9fb-5ef76d6d4f03] --> PendingSignupCleanupService.deleteExpiredPendingSignups()
2026-06-20 10:47:51 [scheduling-1] DEBUG org.hibernate.SQL - 
    /* SELECT
        p 
    FROM
        PendingSignup p 
    WHERE
        p.expiryTime < :time */ select
            ps1_0.id,
            ps1_0.email,
            ps1_0.expiry_time,
            ps1_0.otp,
            ps1_0.password,
            ps1_0.username 
        from
            pending_signup ps1_0 
        where
            ps1_0.expiry_time<?
2026-06-20 10:47:51 [scheduling-1] INFO  c.p.b.m.aspect.LoggingAspect - [786259d9-ecc6-466f-b9fb-5ef76d6d4f03] <-- PendingSignupCleanupService.deleteExpiredPendingSignups() | timeMs=0
2026-06-20 10:48:51 [scheduling-1] INFO  c.p.b.m.aspect.LoggingAspect - [eae5ac6e-80fd-4954-ad87-9232f456508c] --> PendingSignupCleanupService.deleteExpiredPendingSignups()
2026-06-20 10:48:51 [scheduling-1] DEBUG org.hibernate.SQL - 
    /* SELECT
        p 
    FROM
        PendingSignup p 
    WHERE
        p.expiryTime < :time */ select
            ps1_0.id,
            ps1_0.email,
            ps1_0.expiry_time,
            ps1_0.otp,
            ps1_0.password,
            ps1_0.username 
        from
            pending_signup ps1_0 
        where
            ps1_0.expiry_time<?
2026-06-20 10:48:51 [scheduling-1] INFO  c.p.b.m.aspect.LoggingAspect - [eae5ac6e-80fd-4954-ad87-9232f456508c] <-- PendingSignupCleanupService.deleteExpiredPendingSignups() | timeMs=0
2026-06-20 10:49:51 [scheduling-1] INFO  c.p.b.m.aspect.LoggingAspect - [2fdaa3d6-eca7-45c5-bc46-018152b1f443] --> PendingSignupCleanupService.deleteExpiredPendingSignups()
2026-06-20 10:49:51 [scheduling-1] DEBUG org.hibernate.SQL - 
    /* SELECT
        p 
    FROM
        PendingSignup p 
    WHERE
        p.expiryTime < :time */ select
            ps1_0.id,
            ps1_0.email,
            ps1_0.expiry_time,
            ps1_0.otp,
            ps1_0.password,
            ps1_0.username 
        from
            pending_signup ps1_0 
        where
            ps1_0.expiry_time<?
2026-06-20 10:49:51 [scheduling-1] INFO  c.p.b.m.aspect.LoggingAspect - [2fdaa3d6-eca7-45c5-bc46-018152b1f443] <-- PendingSignupCleanupService.deleteExpiredPendingSignups() | timeMs=1
2026-06-20 10:50:51 [scheduling-1] INFO  c.p.b.m.aspect.LoggingAspect - [977b6cde-c6b0-45b3-ad61-a1551d24501f] --> PendingSignupCleanupService.deleteExpiredPendingSignups()
2026-06-20 10:50:51 [scheduling-1] DEBUG org.hibernate.SQL - 
    /* SELECT
        p 
    FROM
        PendingSignup p 
    WHERE
        p.expiryTime < :time */ select
            ps1_0.id,
            ps1_0.email,
            ps1_0.expiry_time,
            ps1_0.otp,
            ps1_0.password,
            ps1_0.username 
        from
            pending_signup ps1_0 
        where
            ps1_0.expiry_time<?
2026-06-20 10:50:51 [scheduling-1] INFO  c.p.b.m.aspect.LoggingAspect - [977b6cde-c6b0-45b3-ad61-a1551d24501f] <-- PendingSignupCleanupService.deleteExpiredPendingSignups() | timeMs=0
2026-06-20 10:51:51 [scheduling-1] INFO  c.p.b.m.aspect.LoggingAspect - [c1ab5eaa-27ab-4994-aa67-0af12e0d75db] --> PendingSignupCleanupService.deleteExpiredPendingSignups()
2026-06-20 10:51:51 [scheduling-1] DEBUG org.hibernate.SQL - 
    /* SELECT
        p 
    FROM
        PendingSignup p 
    WHERE
        p.expiryTime < :time */ select
            ps1_0.id,
            ps1_0.email,
            ps1_0.expiry_time,
            ps1_0.otp,
            ps1_0.password,
            ps1_0.username 
        from
            pending_signup ps1_0 
        where
            ps1_0.expiry_time<?
2026-06-20 10:51:51 [scheduling-1] INFO  c.p.b.m.aspect.LoggingAspect - [c1ab5eaa-27ab-4994-aa67-0af12e0d75db] <-- PendingSignupCleanupService.deleteExpiredPendingSignups() | timeMs=0
2026-06-20 10:52:51 [scheduling-1] INFO  c.p.b.m.aspect.LoggingAspect - [4d2ff651-4078-4cb2-88b9-a5d09aa8f4dd] --> PendingSignupCleanupService.deleteExpiredPendingSignups()
2026-06-20 10:52:51 [scheduling-1] DEBUG org.hibernate.SQL - 
    /* SELECT
        p 
    FROM
        PendingSignup p 
    WHERE
        p.expiryTime < :time */ select
            ps1_0.id,
            ps1_0.email,
            ps1_0.expiry_time,
            ps1_0.otp,
            ps1_0.password,
            ps1_0.username 
        from
            pending_signup ps1_0 
        where
            ps1_0.expiry_time<?
2026-06-20 10:52:51 [scheduling-1] INFO  c.p.b.m.aspect.LoggingAspect - [4d2ff651-4078-4cb2-88b9-a5d09aa8f4dd] <-- PendingSignupCleanupService.deleteExpiredPendingSignups() | timeMs=0
2026-06-20 10:53:51 [scheduling-1] INFO  c.p.b.m.aspect.LoggingAspect - [6aa4252b-875d-46ca-b8f3-8d17fe9277c8] --> PendingSignupCleanupService.deleteExpiredPendingSignups()
2026-06-20 10:53:51 [scheduling-1] DEBUG org.hibernate.SQL - 
    /* SELECT
        p 
    FROM
        PendingSignup p 
    WHERE
        p.expiryTime < :time */ select
            ps1_0.id,
            ps1_0.email,
            ps1_0.expiry_time,
            ps1_0.otp,
            ps1_0.password,
            ps1_0.username 
        from
            pending_signup ps1_0 
        where
            ps1_0.expiry_time<?
2026-06-20 10:53:51 [scheduling-1] INFO  c.p.b.m.aspect.LoggingAspect - [6aa4252b-875d-46ca-b8f3-8d17fe9277c8] <-- PendingSignupCleanupService.deleteExpiredPendingSignups() | timeMs=0
2026-06-20 10:54:51 [scheduling-1] INFO  c.p.b.m.aspect.LoggingAspect - [f3a3f19d-2aff-4608-9409-35fa50cfdc29] --> PendingSignupCleanupService.deleteExpiredPendingSignups()
2026-06-20 10:54:51 [scheduling-1] DEBUG org.hibernate.SQL - 
    /* SELECT
        p 
    FROM
        PendingSignup p 
    WHERE
        p.expiryTime < :time */ select
            ps1_0.id,
            ps1_0.email,
            ps1_0.expiry_time,
            ps1_0.otp,
            ps1_0.password,
            ps1_0.username 
        from
            pending_signup ps1_0 
        where
            ps1_0.expiry_time<?
2026-06-20 10:54:51 [scheduling-1] INFO  c.p.b.m.aspect.LoggingAspect - [f3a3f19d-2aff-4608-9409-35fa50cfdc29] <-- PendingSignupCleanupService.deleteExpiredPendingSignups() | timeMs=0
2026-06-20 10:55:51 [scheduling-1] INFO  c.p.b.m.aspect.LoggingAspect - [cfc25fe5-6c6a-4a1b-bbea-aeb1e557a816] --> PendingSignupCleanupService.deleteExpiredPendingSignups()
2026-06-20 10:55:51 [scheduling-1] DEBUG org.hibernate.SQL - 
    /* SELECT
        p 
    FROM
        PendingSignup p 
    WHERE
        p.expiryTime < :time */ select
            ps1_0.id,
            ps1_0.email,
            ps1_0.expiry_time,
            ps1_0.otp,
            ps1_0.password,
            ps1_0.username 
        from
            pending_signup ps1_0 
        where
            ps1_0.expiry_time<?
2026-06-20 10:55:51 [scheduling-1] INFO  c.p.b.m.aspect.LoggingAspect - [cfc25fe5-6c6a-4a1b-bbea-aeb1e557a816] <-- PendingSignupCleanupService.deleteExpiredPendingSignups() | timeMs=0
2026-06-20 10:56:51 [scheduling-1] INFO  c.p.b.m.aspect.LoggingAspect - [66884a22-1560-458a-b94b-0f664bb827fb] --> PendingSignupCleanupService.deleteExpiredPendingSignups()
2026-06-20 10:56:51 [scheduling-1] DEBUG org.hibernate.SQL - 
    /* SELECT
        p 
    FROM
        PendingSignup p 
    WHERE
        p.expiryTime < :time */ select
            ps1_0.id,
            ps1_0.email,
            ps1_0.expiry_time,
            ps1_0.otp,
            ps1_0.password,
            ps1_0.username 
        from
            pending_signup ps1_0 
        where
            ps1_0.expiry_time<?
2026-06-20 10:56:51 [scheduling-1] INFO  c.p.b.m.aspect.LoggingAspect - [66884a22-1560-458a-b94b-0f664bb827fb] <-- PendingSignupCleanupService.deleteExpiredPendingSignups() | timeMs=0
2026-06-20 10:57:51 [scheduling-1] INFO  c.p.b.m.aspect.LoggingAspect - [3ce1c575-4217-4187-a258-0aede5b4e06f] --> PendingSignupCleanupService.deleteExpiredPendingSignups()
2026-06-20 10:57:51 [scheduling-1] DEBUG org.hibernate.SQL - 
    /* SELECT
        p 
    FROM
        PendingSignup p 
    WHERE
        p.expiryTime < :time */ select
            ps1_0.id,
            ps1_0.email,
            ps1_0.expiry_time,
            ps1_0.otp,
            ps1_0.password,
            ps1_0.username 
        from
            pending_signup ps1_0 
        where
            ps1_0.expiry_time<?
2026-06-20 10:57:51 [scheduling-1] INFO  c.p.b.m.aspect.LoggingAspect - [3ce1c575-4217-4187-a258-0aede5b4e06f] <-- PendingSignupCleanupService.deleteExpiredPendingSignups() | timeMs=0
2026-06-20 10:58:51 [scheduling-1] INFO  c.p.b.m.aspect.LoggingAspect - [c8f7edc7-008b-4ecf-a0b2-27fc21c96a06] --> PendingSignupCleanupService.deleteExpiredPendingSignups()
2026-06-20 10:58:51 [scheduling-1] DEBUG org.hibernate.SQL - 
    /* SELECT
        p 
    FROM
        PendingSignup p 
    WHERE
        p.expiryTime < :time */ select
            ps1_0.id,
            ps1_0.email,
            ps1_0.expiry_time,
            ps1_0.otp,
            ps1_0.password,
            ps1_0.username 
        from
            pending_signup ps1_0 
        where
            ps1_0.expiry_time<?
2026-06-20 10:58:51 [scheduling-1] INFO  c.p.b.m.aspect.LoggingAspect - [c8f7edc7-008b-4ecf-a0b2-27fc21c96a06] <-- PendingSignupCleanupService.deleteExpiredPendingSignups() | timeMs=1
2026-06-20 10:59:51 [scheduling-1] INFO  c.p.b.m.aspect.LoggingAspect - [bc61854d-74e6-4350-afc9-846c949c0b58] --> PendingSignupCleanupService.deleteExpiredPendingSignups()
2026-06-20 10:59:51 [scheduling-1] DEBUG org.hibernate.SQL - 
    /* SELECT
        p 
    FROM
        PendingSignup p 
    WHERE
        p.expiryTime < :time */ select
            ps1_0.id,
            ps1_0.email,
            ps1_0.expiry_time,
            ps1_0.otp,
            ps1_0.password,
            ps1_0.username 
        from
            pending_signup ps1_0 
        where
            ps1_0.expiry_time<?
2026-06-20 10:59:51 [scheduling-1] INFO  c.p.b.m.aspect.LoggingAspect - [bc61854d-74e6-4350-afc9-846c949c0b58] <-- PendingSignupCleanupService.deleteExpiredPendingSignups() | timeMs=0
2026-06-20 11:00:51 [scheduling-1] INFO  c.p.b.m.aspect.LoggingAspect - [aebb1816-f4b2-4cfe-a704-cad7f857037d] --> PendingSignupCleanupService.deleteExpiredPendingSignups()
2026-06-20 11:00:51 [scheduling-1] DEBUG org.hibernate.SQL - 
    /* SELECT
        p 
    FROM
        PendingSignup p 
    WHERE
        p.expiryTime < :time */ select
            ps1_0.id,
            ps1_0.email,
            ps1_0.expiry_time,
            ps1_0.otp,
            ps1_0.password,
            ps1_0.username 
        from
            pending_signup ps1_0 
        where
            ps1_0.expiry_time<?
2026-06-20 11:00:51 [scheduling-1] INFO  c.p.b.m.aspect.LoggingAspect - [aebb1816-f4b2-4cfe-a704-cad7f857037d] <-- PendingSignupCleanupService.deleteExpiredPendingSignups() | timeMs=0
2026-06-20 11:01:51 [scheduling-1] INFO  c.p.b.m.aspect.LoggingAspect - [a76a5d98-411e-49fb-ba12-75e0f691927e] --> PendingSignupCleanupService.deleteExpiredPendingSignups()
2026-06-20 11:01:51 [scheduling-1] DEBUG org.hibernate.SQL - 
    /* SELECT
        p 
    FROM
        PendingSignup p 
    WHERE
        p.expiryTime < :time */ select
            ps1_0.id,
            ps1_0.email,
            ps1_0.expiry_time,
            ps1_0.otp,
            ps1_0.password,
            ps1_0.username 
        from
            pending_signup ps1_0 
        where
            ps1_0.expiry_time<?
2026-06-20 11:01:51 [scheduling-1] INFO  c.p.b.m.aspect.LoggingAspect - [a76a5d98-411e-49fb-ba12-75e0f691927e] <-- PendingSignupCleanupService.deleteExpiredPendingSignups() | timeMs=0
2026-06-20 11:02:51 [scheduling-1] INFO  c.p.b.m.aspect.LoggingAspect - [8b0672d2-8d14-4a4b-989c-cb689c3c7a97] --> PendingSignupCleanupService.deleteExpiredPendingSignups()
2026-06-20 11:02:51 [scheduling-1] DEBUG org.hibernate.SQL - 
    /* SELECT
        p 
    FROM
        PendingSignup p 
    WHERE
        p.expiryTime < :time */ select
            ps1_0.id,
            ps1_0.email,
            ps1_0.expiry_time,
            ps1_0.otp,
            ps1_0.password,
            ps1_0.username 
        from
            pending_signup ps1_0 
        where
            ps1_0.expiry_time<?
2026-06-20 11:02:51 [scheduling-1] INFO  c.p.b.m.aspect.LoggingAspect - [8b0672d2-8d14-4a4b-989c-cb689c3c7a97] <-- PendingSignupCleanupService.deleteExpiredPendingSignups() | timeMs=0
2026-06-20 11:03:51 [scheduling-1] INFO  c.p.b.m.aspect.LoggingAspect - [03d49f6b-f5ad-4cff-bb6c-abee8d2ef04d] --> PendingSignupCleanupService.deleteExpiredPendingSignups()
2026-06-20 11:03:51 [scheduling-1] DEBUG org.hibernate.SQL - 
    /* SELECT
        p 
    FROM
        PendingSignup p 
    WHERE
        p.expiryTime < :time */ select
            ps1_0.id,
            ps1_0.email,
            ps1_0.expiry_time,
            ps1_0.otp,
            ps1_0.password,
            ps1_0.username 
        from
            pending_signup ps1_0 
        where
            ps1_0.expiry_time<?
2026-06-20 11:03:51 [scheduling-1] INFO  c.p.b.m.aspect.LoggingAspect - [03d49f6b-f5ad-4cff-bb6c-abee8d2ef04d] <-- PendingSignupCleanupService.deleteExpiredPendingSignups() | timeMs=0
2026-06-20 11:04:51 [scheduling-1] INFO  c.p.b.m.aspect.LoggingAspect - [861f1505-6b98-4336-9ebe-4d31894b4242] --> PendingSignupCleanupService.deleteExpiredPendingSignups()
2026-06-20 11:04:51 [scheduling-1] DEBUG org.hibernate.SQL - 
    /* SELECT
        p 
    FROM
        PendingSignup p 
    WHERE
        p.expiryTime < :time */ select
            ps1_0.id,
            ps1_0.email,
            ps1_0.expiry_time,
            ps1_0.otp,
            ps1_0.password,
            ps1_0.username 
        from
            pending_signup ps1_0 
        where
            ps1_0.expiry_time<?
2026-06-20 11:04:51 [scheduling-1] INFO  c.p.b.m.aspect.LoggingAspect - [861f1505-6b98-4336-9ebe-4d31894b4242] <-- PendingSignupCleanupService.deleteExpiredPendingSignups() | timeMs=0
2026-06-20 11:05:51 [scheduling-1] INFO  c.p.b.m.aspect.LoggingAspect - [e539baa8-25e5-46bb-bf73-2f3f01b73284] --> PendingSignupCleanupService.deleteExpiredPendingSignups()
2026-06-20 11:05:51 [scheduling-1] DEBUG org.hibernate.SQL - 
    /* SELECT
        p 
    FROM
        PendingSignup p 
    WHERE
        p.expiryTime < :time */ select
            ps1_0.id,
            ps1_0.email,
            ps1_0.expiry_time,
            ps1_0.otp,
            ps1_0.password,
            ps1_0.username 
        from
            pending_signup ps1_0 
        where
            ps1_0.expiry_time<?
2026-06-20 11:05:51 [scheduling-1] INFO  c.p.b.m.aspect.LoggingAspect - [e539baa8-25e5-46bb-bf73-2f3f01b73284] <-- PendingSignupCleanupService.deleteExpiredPendingSignups() | timeMs=0
2026-06-20 11:06:51 [scheduling-1] INFO  c.p.b.m.aspect.LoggingAspect - [e086ddec-33b0-482a-9f42-4c598eccc88c] --> PendingSignupCleanupService.deleteExpiredPendingSignups()
2026-06-20 11:06:51 [scheduling-1] DEBUG org.hibernate.SQL - 
    /* SELECT
        p 
    FROM
        PendingSignup p 
    WHERE
        p.expiryTime < :time */ select
            ps1_0.id,
            ps1_0.email,
            ps1_0.expiry_time,
            ps1_0.otp,
            ps1_0.password,
            ps1_0.username 
        from
            pending_signup ps1_0 
        where
            ps1_0.expiry_time<?
2026-06-20 11:06:51 [scheduling-1] INFO  c.p.b.m.aspect.LoggingAspect - [e086ddec-33b0-482a-9f42-4c598eccc88c] <-- PendingSignupCleanupService.deleteExpiredPendingSignups() | timeMs=0
2026-06-20 11:07:51 [scheduling-1] INFO  c.p.b.m.aspect.LoggingAspect - [98a48c71-aff8-4b02-8ee5-6556af49152f] --> PendingSignupCleanupService.deleteExpiredPendingSignups()
2026-06-20 11:07:51 [scheduling-1] DEBUG org.hibernate.SQL - 
    /* SELECT
        p 
    FROM
        PendingSignup p 
    WHERE
        p.expiryTime < :time */ select
            ps1_0.id,
            ps1_0.email,
            ps1_0.expiry_time,
            ps1_0.otp,
            ps1_0.password,
            ps1_0.username 
        from
            pending_signup ps1_0 
        where
            ps1_0.expiry_time<?
2026-06-20 11:07:51 [scheduling-1] INFO  c.p.b.m.aspect.LoggingAspect - [98a48c71-aff8-4b02-8ee5-6556af49152f] <-- PendingSignupCleanupService.deleteExpiredPendingSignups() | timeMs=0
2026-06-20 11:08:51 [scheduling-1] INFO  c.p.b.m.aspect.LoggingAspect - [bcf3de08-cc4c-497b-a73d-ac1ea9e6deb8] --> PendingSignupCleanupService.deleteExpiredPendingSignups()
2026-06-20 11:08:51 [scheduling-1] DEBUG org.hibernate.SQL - 
    /* SELECT
        p 
    FROM
        PendingSignup p 
    WHERE
        p.expiryTime < :time */ select
            ps1_0.id,
            ps1_0.email,
            ps1_0.expiry_time,
            ps1_0.otp,
            ps1_0.password,
            ps1_0.username 
        from
            pending_signup ps1_0 
        where
            ps1_0.expiry_time<?
2026-06-20 11:08:51 [scheduling-1] INFO  c.p.b.m.aspect.LoggingAspect - [bcf3de08-cc4c-497b-a73d-ac1ea9e6deb8] <-- PendingSignupCleanupService.deleteExpiredPendingSignups() | timeMs=0
2026-06-20 11:09:51 [scheduling-1] INFO  c.p.b.m.aspect.LoggingAspect - [29fdbc08-5682-427e-8673-f0669b5e923e] --> PendingSignupCleanupService.deleteExpiredPendingSignups()
2026-06-20 11:09:51 [scheduling-1] DEBUG org.hibernate.SQL - 
    /* SELECT
        p 
    FROM
        PendingSignup p 
    WHERE
        p.expiryTime < :time */ select
            ps1_0.id,
            ps1_0.email,
            ps1_0.expiry_time,
            ps1_0.otp,
            ps1_0.password,
            ps1_0.username 
        from
            pending_signup ps1_0 
        where
            ps1_0.expiry_time<?
2026-06-20 11:09:51 [scheduling-1] INFO  c.p.b.m.aspect.LoggingAspect - [29fdbc08-5682-427e-8673-f0669b5e923e] <-- PendingSignupCleanupService.deleteExpiredPendingSignups() | timeMs=0
2026-06-20 11:10:51 [scheduling-1] INFO  c.p.b.m.aspect.LoggingAspect - [6439d702-de73-44dd-83fd-fbd5dee74012] --> PendingSignupCleanupService.deleteExpiredPendingSignups()
2026-06-20 11:10:51 [scheduling-1] DEBUG org.hibernate.SQL - 
    /* SELECT
        p 
    FROM
        PendingSignup p 
    WHERE
        p.expiryTime < :time */ select
            ps1_0.id,
            ps1_0.email,
            ps1_0.expiry_time,
            ps1_0.otp,
            ps1_0.password,
            ps1_0.username 
        from
            pending_signup ps1_0 
        where
            ps1_0.expiry_time<?
2026-06-20 11:10:51 [scheduling-1] INFO  c.p.b.m.aspect.LoggingAspect - [6439d702-de73-44dd-83fd-fbd5dee74012] <-- PendingSignupCleanupService.deleteExpiredPendingSignups() | timeMs=0
2026-06-20 11:11:51 [scheduling-1] INFO  c.p.b.m.aspect.LoggingAspect - [da574c38-9b27-4913-8fdf-14c6077d2036] --> PendingSignupCleanupService.deleteExpiredPendingSignups()
2026-06-20 11:11:51 [scheduling-1] DEBUG org.hibernate.SQL - 
    /* SELECT
        p 
    FROM
        PendingSignup p 
    WHERE
        p.expiryTime < :time */ select
            ps1_0.id,
            ps1_0.email,
            ps1_0.expiry_time,
            ps1_0.otp,
            ps1_0.password,
            ps1_0.username 
        from
            pending_signup ps1_0 
        where
            ps1_0.expiry_time<?
2026-06-20 11:11:51 [scheduling-1] INFO  c.p.b.m.aspect.LoggingAspect - [da574c38-9b27-4913-8fdf-14c6077d2036] <-- PendingSignupCleanupService.deleteExpiredPendingSignups() | timeMs=0
2026-06-20 11:12:51 [scheduling-1] INFO  c.p.b.m.aspect.LoggingAspect - [17eb3598-6734-47b8-87b5-173151270c19] --> PendingSignupCleanupService.deleteExpiredPendingSignups()
2026-06-20 11:12:51 [scheduling-1] DEBUG org.hibernate.SQL - 
    /* SELECT
        p 
    FROM
        PendingSignup p 
    WHERE
        p.expiryTime < :time */ select
            ps1_0.id,
            ps1_0.email,
            ps1_0.expiry_time,
            ps1_0.otp,
            ps1_0.password,
            ps1_0.username 
        from
            pending_signup ps1_0 
        where
            ps1_0.expiry_time<?
2026-06-20 11:12:51 [scheduling-1] INFO  c.p.b.m.aspect.LoggingAspect - [17eb3598-6734-47b8-87b5-173151270c19] <-- PendingSignupCleanupService.deleteExpiredPendingSignups() | timeMs=0
2026-06-20 11:13:51 [scheduling-1] INFO  c.p.b.m.aspect.LoggingAspect - [c411e3d4-c355-4d66-84fa-67278768bbf9] --> PendingSignupCleanupService.deleteExpiredPendingSignups()
2026-06-20 11:13:51 [scheduling-1] DEBUG org.hibernate.SQL - 
    /* SELECT
        p 
    FROM
        PendingSignup p 
    WHERE
        p.expiryTime < :time */ select
            ps1_0.id,
            ps1_0.email,
            ps1_0.expiry_time,
            ps1_0.otp,
            ps1_0.password,
            ps1_0.username 
        from
            pending_signup ps1_0 
        where
            ps1_0.expiry_time<?
2026-06-20 11:13:51 [scheduling-1] INFO  c.p.b.m.aspect.LoggingAspect - [c411e3d4-c355-4d66-84fa-67278768bbf9] <-- PendingSignupCleanupService.deleteExpiredPendingSignups() | timeMs=0
2026-06-20 11:14:51 [scheduling-1] INFO  c.p.b.m.aspect.LoggingAspect - [105f7a68-7403-46fe-aad0-ce1bcca7f924] --> PendingSignupCleanupService.deleteExpiredPendingSignups()
2026-06-20 11:14:51 [scheduling-1] DEBUG org.hibernate.SQL - 
    /* SELECT
        p 
    FROM
        PendingSignup p 
    WHERE
        p.expiryTime < :time */ select
            ps1_0.id,
            ps1_0.email,
            ps1_0.expiry_time,
            ps1_0.otp,
            ps1_0.password,
            ps1_0.username 
        from
            pending_signup ps1_0 
        where
            ps1_0.expiry_time<?
2026-06-20 11:14:51 [scheduling-1] INFO  c.p.b.m.aspect.LoggingAspect - [105f7a68-7403-46fe-aad0-ce1bcca7f924] <-- PendingSignupCleanupService.deleteExpiredPendingSignups() | timeMs=0
2026-06-20 11:15:51 [scheduling-1] INFO  c.p.b.m.aspect.LoggingAspect - [673ff3c0-042b-4964-9e5f-46090090d08d] --> PendingSignupCleanupService.deleteExpiredPendingSignups()
2026-06-20 11:15:51 [scheduling-1] DEBUG org.hibernate.SQL - 
    /* SELECT
        p 
    FROM
        PendingSignup p 
    WHERE
        p.expiryTime < :time */ select
            ps1_0.id,
            ps1_0.email,
            ps1_0.expiry_time,
            ps1_0.otp,
            ps1_0.password,
            ps1_0.username 
        from
            pending_signup ps1_0 
        where
            ps1_0.expiry_time<?
2026-06-20 11:15:51 [scheduling-1] INFO  c.p.b.m.aspect.LoggingAspect - [673ff3c0-042b-4964-9e5f-46090090d08d] <-- PendingSignupCleanupService.deleteExpiredPendingSignups() | timeMs=0
2026-06-20 11:16:51 [scheduling-1] INFO  c.p.b.m.aspect.LoggingAspect - [65f8506a-f01e-4d74-98d1-a16404a6d4a7] --> PendingSignupCleanupService.deleteExpiredPendingSignups()
2026-06-20 11:16:51 [scheduling-1] DEBUG org.hibernate.SQL - 
    /* SELECT
        p 
    FROM
        PendingSignup p 
    WHERE
        p.expiryTime < :time */ select
            ps1_0.id,
            ps1_0.email,
            ps1_0.expiry_time,
            ps1_0.otp,
            ps1_0.password,
            ps1_0.username 
        from
            pending_signup ps1_0 
        where
            ps1_0.expiry_time<?
2026-06-20 11:16:51 [scheduling-1] INFO  c.p.b.m.aspect.LoggingAspect - [65f8506a-f01e-4d74-98d1-a16404a6d4a7] <-- PendingSignupCleanupService.deleteExpiredPendingSignups() | timeMs=0
2026-06-20 11:17:51 [scheduling-1] INFO  c.p.b.m.aspect.LoggingAspect - [2f98dc8d-01d6-4e96-9dd7-bb79aa3f70b9] --> PendingSignupCleanupService.deleteExpiredPendingSignups()
2026-06-20 11:17:51 [scheduling-1] DEBUG org.hibernate.SQL - 
    /* SELECT
        p 
    FROM
        PendingSignup p 
    WHERE
        p.expiryTime < :time */ select
            ps1_0.id,
            ps1_0.email,
            ps1_0.expiry_time,
            ps1_0.otp,
            ps1_0.password,
            ps1_0.username 
        from
            pending_signup ps1_0 
        where
            ps1_0.expiry_time<?
2026-06-20 11:17:51 [scheduling-1] INFO  c.p.b.m.aspect.LoggingAspect - [2f98dc8d-01d6-4e96-9dd7-bb79aa3f70b9] <-- PendingSignupCleanupService.deleteExpiredPendingSignups() | timeMs=0
2026-06-20 11:18:51 [scheduling-1] INFO  c.p.b.m.aspect.LoggingAspect - [fe2342ae-81cd-488f-b977-51bd9b697344] --> PendingSignupCleanupService.deleteExpiredPendingSignups()
2026-06-20 11:18:51 [scheduling-1] DEBUG org.hibernate.SQL - 
    /* SELECT
        p 
    FROM
        PendingSignup p 
    WHERE
        p.expiryTime < :time */ select
            ps1_0.id,
            ps1_0.email,
            ps1_0.expiry_time,
            ps1_0.otp,
            ps1_0.password,
            ps1_0.username 
        from
            pending_signup ps1_0 
        where
            ps1_0.expiry_time<?
2026-06-20 11:18:51 [scheduling-1] INFO  c.p.b.m.aspect.LoggingAspect - [fe2342ae-81cd-488f-b977-51bd9b697344] <-- PendingSignupCleanupService.deleteExpiredPendingSignups() | timeMs=0
2026-06-20 11:19:51 [scheduling-1] INFO  c.p.b.m.aspect.LoggingAspect - [ae935678-38ba-4a19-a40c-e1355e6902a6] --> PendingSignupCleanupService.deleteExpiredPendingSignups()
2026-06-20 11:19:51 [scheduling-1] DEBUG org.hibernate.SQL - 
    /* SELECT
        p 
    FROM
        PendingSignup p 
    WHERE
        p.expiryTime < :time */ select
            ps1_0.id,
            ps1_0.email,
            ps1_0.expiry_time,
            ps1_0.otp,
            ps1_0.password,
            ps1_0.username 
        from
            pending_signup ps1_0 
        where
            ps1_0.expiry_time<?
2026-06-20 11:19:51 [scheduling-1] INFO  c.p.b.m.aspect.LoggingAspect - [ae935678-38ba-4a19-a40c-e1355e6902a6] <-- PendingSignupCleanupService.deleteExpiredPendingSignups() | timeMs=0
2026-06-20 11:20:51 [scheduling-1] INFO  c.p.b.m.aspect.LoggingAspect - [e4efbfab-ca27-4d60-b472-786e496897b9] --> PendingSignupCleanupService.deleteExpiredPendingSignups()
2026-06-20 11:20:51 [scheduling-1] DEBUG org.hibernate.SQL - 
    /* SELECT
        p 
    FROM
        PendingSignup p 
    WHERE
        p.expiryTime < :time */ select
            ps1_0.id,
            ps1_0.email,
            ps1_0.expiry_time,
            ps1_0.otp,
            ps1_0.password,
            ps1_0.username 
        from
            pending_signup ps1_0 
        where
            ps1_0.expiry_time<?
2026-06-20 11:20:51 [scheduling-1] INFO  c.p.b.m.aspect.LoggingAspect - [e4efbfab-ca27-4d60-b472-786e496897b9] <-- PendingSignupCleanupService.deleteExpiredPendingSignups() | timeMs=0
2026-06-20 11:21:51 [scheduling-1] INFO  c.p.b.m.aspect.LoggingAspect - [ee4eabaf-5f22-412d-937a-5bfbb47749f2] --> PendingSignupCleanupService.deleteExpiredPendingSignups()
2026-06-20 11:21:51 [scheduling-1] DEBUG org.hibernate.SQL - 
    /* SELECT
        p 
    FROM
        PendingSignup p 
    WHERE
        p.expiryTime < :time */ select
            ps1_0.id,
            ps1_0.email,
            ps1_0.expiry_time,
            ps1_0.otp,
            ps1_0.password,
            ps1_0.username 
        from
            pending_signup ps1_0 
        where
            ps1_0.expiry_time<?
2026-06-20 11:21:51 [scheduling-1] INFO  c.p.b.m.aspect.LoggingAspect - [ee4eabaf-5f22-412d-937a-5bfbb47749f2] <-- PendingSignupCleanupService.deleteExpiredPendingSignups() | timeMs=0
2026-06-20 11:22:51 [scheduling-1] INFO  c.p.b.m.aspect.LoggingAspect - [8f470740-4bb1-4e9b-b375-233936cb56d0] --> PendingSignupCleanupService.deleteExpiredPendingSignups()
2026-06-20 11:22:51 [scheduling-1] DEBUG org.hibernate.SQL - 
    /* SELECT
        p 
    FROM
        PendingSignup p 
    WHERE
        p.expiryTime < :time */ select
            ps1_0.id,
            ps1_0.email,
            ps1_0.expiry_time,
            ps1_0.otp,
            ps1_0.password,
            ps1_0.username 
        from
            pending_signup ps1_0 
        where
            ps1_0.expiry_time<?
2026-06-20 11:22:51 [scheduling-1] INFO  c.p.b.m.aspect.LoggingAspect - [8f470740-4bb1-4e9b-b375-233936cb56d0] <-- PendingSignupCleanupService.deleteExpiredPendingSignups() | timeMs=0
2026-06-20 11:23:51 [scheduling-1] INFO  c.p.b.m.aspect.LoggingAspect - [9d49d954-f2e8-431a-9792-0443f432404b] --> PendingSignupCleanupService.deleteExpiredPendingSignups()
2026-06-20 11:23:51 [scheduling-1] DEBUG org.hibernate.SQL - 
    /* SELECT
        p 
    FROM
        PendingSignup p 
    WHERE
        p.expiryTime < :time */ select
            ps1_0.id,
            ps1_0.email,
            ps1_0.expiry_time,
            ps1_0.otp,
            ps1_0.password,
            ps1_0.username 
        from
            pending_signup ps1_0 
        where
            ps1_0.expiry_time<?
2026-06-20 11:23:51 [scheduling-1] INFO  c.p.b.m.aspect.LoggingAspect - [9d49d954-f2e8-431a-9792-0443f432404b] <-- PendingSignupCleanupService.deleteExpiredPendingSignups() | timeMs=0
2026-06-20 11:24:51 [scheduling-1] INFO  c.p.b.m.aspect.LoggingAspect - [68f629bb-0697-4c4a-8e80-369d26650d72] --> PendingSignupCleanupService.deleteExpiredPendingSignups()
2026-06-20 11:24:51 [scheduling-1] DEBUG org.hibernate.SQL - 
    /* SELECT
        p 
    FROM
        PendingSignup p 
    WHERE
        p.expiryTime < :time */ select
            ps1_0.id,
            ps1_0.email,
            ps1_0.expiry_time,
            ps1_0.otp,
            ps1_0.password,
            ps1_0.username 
        from
            pending_signup ps1_0 
        where
            ps1_0.expiry_time<?
2026-06-20 11:24:51 [scheduling-1] INFO  c.p.b.m.aspect.LoggingAspect - [68f629bb-0697-4c4a-8e80-369d26650d72] <-- PendingSignupCleanupService.deleteExpiredPendingSignups() | timeMs=0
2026-06-20 11:25:51 [scheduling-1] INFO  c.p.b.m.aspect.LoggingAspect - [0a6dbbfb-68ed-4bcb-b41d-ebd69e29e711] --> PendingSignupCleanupService.deleteExpiredPendingSignups()
2026-06-20 11:25:51 [scheduling-1] DEBUG org.hibernate.SQL - 
    /* SELECT
        p 
    FROM
        PendingSignup p 
    WHERE
        p.expiryTime < :time */ select
            ps1_0.id,
            ps1_0.email,
            ps1_0.expiry_time,
            ps1_0.otp,
            ps1_0.password,
            ps1_0.username 
        from
            pending_signup ps1_0 
        where
            ps1_0.expiry_time<?
2026-06-20 11:25:51 [scheduling-1] INFO  c.p.b.m.aspect.LoggingAspect - [0a6dbbfb-68ed-4bcb-b41d-ebd69e29e711] <-- PendingSignupCleanupService.deleteExpiredPendingSignups() | timeMs=0
2026-06-20 11:26:51 [scheduling-1] INFO  c.p.b.m.aspect.LoggingAspect - [86dac52a-bad7-443a-96a4-b88074a616a7] --> PendingSignupCleanupService.deleteExpiredPendingSignups()
2026-06-20 11:26:51 [scheduling-1] DEBUG org.hibernate.SQL - 
    /* SELECT
        p 
    FROM
        PendingSignup p 
    WHERE
        p.expiryTime < :time */ select
            ps1_0.id,
            ps1_0.email,
            ps1_0.expiry_time,
            ps1_0.otp,
            ps1_0.password,
            ps1_0.username 
        from
            pending_signup ps1_0 
        where
            ps1_0.expiry_time<?
2026-06-20 11:26:51 [scheduling-1] INFO  c.p.b.m.aspect.LoggingAspect - [86dac52a-bad7-443a-96a4-b88074a616a7] <-- PendingSignupCleanupService.deleteExpiredPendingSignups() | timeMs=1
2026-06-20 11:27:51 [scheduling-1] INFO  c.p.b.m.aspect.LoggingAspect - [767d2cce-8195-4d23-85a1-c7c4f282b72f] --> PendingSignupCleanupService.deleteExpiredPendingSignups()
2026-06-20 11:27:51 [scheduling-1] DEBUG org.hibernate.SQL - 
    /* SELECT
        p 
    FROM
        PendingSignup p 
    WHERE
        p.expiryTime < :time */ select
            ps1_0.id,
            ps1_0.email,
            ps1_0.expiry_time,
            ps1_0.otp,
            ps1_0.password,
            ps1_0.username 
        from
            pending_signup ps1_0 
        where
            ps1_0.expiry_time<?
2026-06-20 11:27:51 [scheduling-1] INFO  c.p.b.m.aspect.LoggingAspect - [767d2cce-8195-4d23-85a1-c7c4f282b72f] <-- PendingSignupCleanupService.deleteExpiredPendingSignups() | timeMs=0
2026-06-20 11:28:51 [scheduling-1] INFO  c.p.b.m.aspect.LoggingAspect - [5001a6de-570c-4852-a9d1-f3a7a14fda3a] --> PendingSignupCleanupService.deleteExpiredPendingSignups()
2026-06-20 11:28:51 [scheduling-1] DEBUG org.hibernate.SQL - 
    /* SELECT
        p 
    FROM
        PendingSignup p 
    WHERE
        p.expiryTime < :time */ select
            ps1_0.id,
            ps1_0.email,
            ps1_0.expiry_time,
            ps1_0.otp,
            ps1_0.password,
            ps1_0.username 
        from
            pending_signup ps1_0 
        where
            ps1_0.expiry_time<?
2026-06-20 11:28:51 [scheduling-1] INFO  c.p.b.m.aspect.LoggingAspect - [5001a6de-570c-4852-a9d1-f3a7a14fda3a] <-- PendingSignupCleanupService.deleteExpiredPendingSignups() | timeMs=0
2026-06-20 11:29:51 [scheduling-1] INFO  c.p.b.m.aspect.LoggingAspect - [01c57e85-50ee-4f30-8e37-77c14f6e514c] --> PendingSignupCleanupService.deleteExpiredPendingSignups()
2026-06-20 11:29:51 [scheduling-1] DEBUG org.hibernate.SQL - 
    /* SELECT
        p 
    FROM
        PendingSignup p 
    WHERE
        p.expiryTime < :time */ select
            ps1_0.id,
            ps1_0.email,
            ps1_0.expiry_time,
            ps1_0.otp,
            ps1_0.password,
            ps1_0.username 
        from
            pending_signup ps1_0 
        where
            ps1_0.expiry_time<?
2026-06-20 11:29:51 [scheduling-1] INFO  c.p.b.m.aspect.LoggingAspect - [01c57e85-50ee-4f30-8e37-77c14f6e514c] <-- PendingSignupCleanupService.deleteExpiredPendingSignups() | timeMs=0
2026-06-20 11:30:51 [scheduling-1] INFO  c.p.b.m.aspect.LoggingAspect - [f8415b10-4bd4-4a2e-9eb5-e5a3654f537b] --> PendingSignupCleanupService.deleteExpiredPendingSignups()
2026-06-20 11:30:51 [scheduling-1] DEBUG org.hibernate.SQL - 
    /* SELECT
        p 
    FROM
        PendingSignup p 
    WHERE
        p.expiryTime < :time */ select
            ps1_0.id,
            ps1_0.email,
            ps1_0.expiry_time,
            ps1_0.otp,
            ps1_0.password,
            ps1_0.username 
        from
            pending_signup ps1_0 
        where
            ps1_0.expiry_time<?
2026-06-20 11:30:51 [scheduling-1] INFO  c.p.b.m.aspect.LoggingAspect - [f8415b10-4bd4-4a2e-9eb5-e5a3654f537b] <-- PendingSignupCleanupService.deleteExpiredPendingSignups() | timeMs=1
2026-06-20 11:31:51 [scheduling-1] INFO  c.p.b.m.aspect.LoggingAspect - [b9f07967-b245-4f09-8e56-32ba54bd7c42] --> PendingSignupCleanupService.deleteExpiredPendingSignups()
2026-06-20 11:31:51 [scheduling-1] DEBUG org.hibernate.SQL - 
    /* SELECT
        p 
    FROM
        PendingSignup p 
    WHERE
        p.expiryTime < :time */ select
            ps1_0.id,
            ps1_0.email,
            ps1_0.expiry_time,
            ps1_0.otp,
            ps1_0.password,
            ps1_0.username 
        from
            pending_signup ps1_0 
        where
            ps1_0.expiry_time<?
2026-06-20 11:31:51 [scheduling-1] INFO  c.p.b.m.aspect.LoggingAspect - [b9f07967-b245-4f09-8e56-32ba54bd7c42] <-- PendingSignupCleanupService.deleteExpiredPendingSignups() | timeMs=0
2026-06-20 11:32:51 [scheduling-1] INFO  c.p.b.m.aspect.LoggingAspect - [45971de0-0a2f-4534-86b4-94ebf6b52e1e] --> PendingSignupCleanupService.deleteExpiredPendingSignups()
2026-06-20 11:32:51 [scheduling-1] DEBUG org.hibernate.SQL - 
    /* SELECT
        p 
    FROM
        PendingSignup p 
    WHERE
        p.expiryTime < :time */ select
            ps1_0.id,
            ps1_0.email,
            ps1_0.expiry_time,
            ps1_0.otp,
            ps1_0.password,
            ps1_0.username 
        from
            pending_signup ps1_0 
        where
            ps1_0.expiry_time<?
2026-06-20 11:32:51 [scheduling-1] INFO  c.p.b.m.aspect.LoggingAspect - [45971de0-0a2f-4534-86b4-94ebf6b52e1e] <-- PendingSignupCleanupService.deleteExpiredPendingSignups() | timeMs=0
2026-06-20 11:33:51 [scheduling-1] INFO  c.p.b.m.aspect.LoggingAspect - [94278fdf-46d1-4e91-b408-f756acb4643c] --> PendingSignupCleanupService.deleteExpiredPendingSignups()
2026-06-20 11:33:51 [scheduling-1] DEBUG org.hibernate.SQL - 
    /* SELECT
        p 
    FROM
        PendingSignup p 
    WHERE
        p.expiryTime < :time */ select
            ps1_0.id,
            ps1_0.email,
            ps1_0.expiry_time,
            ps1_0.otp,
            ps1_0.password,
            ps1_0.username 
        from
            pending_signup ps1_0 
        where
            ps1_0.expiry_time<?
2026-06-20 11:33:51 [scheduling-1] INFO  c.p.b.m.aspect.LoggingAspect - [94278fdf-46d1-4e91-b408-f756acb4643c] <-- PendingSignupCleanupService.deleteExpiredPendingSignups() | timeMs=0
2026-06-20 11:34:51 [scheduling-1] INFO  c.p.b.m.aspect.LoggingAspect - [8ac26ae3-5187-4afd-a077-a0e6365d6dc1] --> PendingSignupCleanupService.deleteExpiredPendingSignups()
2026-06-20 11:34:51 [scheduling-1] DEBUG org.hibernate.SQL - 
    /* SELECT
        p 
    FROM
        PendingSignup p 
    WHERE
        p.expiryTime < :time */ select
            ps1_0.id,
            ps1_0.email,
            ps1_0.expiry_time,
            ps1_0.otp,
            ps1_0.password,
            ps1_0.username 
        from
            pending_signup ps1_0 
        where
            ps1_0.expiry_time<?
2026-06-20 11:34:51 [scheduling-1] INFO  c.p.b.m.aspect.LoggingAspect - [8ac26ae3-5187-4afd-a077-a0e6365d6dc1] <-- PendingSignupCleanupService.deleteExpiredPendingSignups() | timeMs=0
2026-06-20 11:35:51 [scheduling-1] INFO  c.p.b.m.aspect.LoggingAspect - [0653b7ab-1b58-43c5-8ac4-d6445dee6d02] --> PendingSignupCleanupService.deleteExpiredPendingSignups()
2026-06-20 11:35:51 [scheduling-1] DEBUG org.hibernate.SQL - 
    /* SELECT
        p 
    FROM
        PendingSignup p 
    WHERE
        p.expiryTime < :time */ select
            ps1_0.id,
            ps1_0.email,
            ps1_0.expiry_time,
            ps1_0.otp,
            ps1_0.password,
            ps1_0.username 
        from
            pending_signup ps1_0 
        where
            ps1_0.expiry_time<?
2026-06-20 11:35:51 [scheduling-1] INFO  c.p.b.m.aspect.LoggingAspect - [0653b7ab-1b58-43c5-8ac4-d6445dee6d02] <-- PendingSignupCleanupService.deleteExpiredPendingSignups() | timeMs=0
2026-06-20 11:36:51 [scheduling-1] INFO  c.p.b.m.aspect.LoggingAspect - [761c4751-f1cb-497c-949f-92506ce52781] --> PendingSignupCleanupService.deleteExpiredPendingSignups()
2026-06-20 11:36:51 [scheduling-1] DEBUG org.hibernate.SQL - 
    /* SELECT
        p 
    FROM
        PendingSignup p 
    WHERE
        p.expiryTime < :time */ select
            ps1_0.id,
            ps1_0.email,
            ps1_0.expiry_time,
            ps1_0.otp,
            ps1_0.password,
            ps1_0.username 
        from
            pending_signup ps1_0 
        where
            ps1_0.expiry_time<?
2026-06-20 11:36:51 [scheduling-1] INFO  c.p.b.m.aspect.LoggingAspect - [761c4751-f1cb-497c-949f-92506ce52781] <-- PendingSignupCleanupService.deleteExpiredPendingSignups() | timeMs=0
2026-06-20 11:37:51 [scheduling-1] INFO  c.p.b.m.aspect.LoggingAspect - [e82d923a-045b-4937-bbaf-bbd55a8ac6f7] --> PendingSignupCleanupService.deleteExpiredPendingSignups()
2026-06-20 11:37:51 [scheduling-1] DEBUG org.hibernate.SQL - 
    /* SELECT
        p 
    FROM
        PendingSignup p 
    WHERE
        p.expiryTime < :time */ select
            ps1_0.id,
            ps1_0.email,
            ps1_0.expiry_time,
            ps1_0.otp,
            ps1_0.password,
            ps1_0.username 
        from
            pending_signup ps1_0 
        where
            ps1_0.expiry_time<?
2026-06-20 11:37:51 [scheduling-1] INFO  c.p.b.m.aspect.LoggingAspect - [e82d923a-045b-4937-bbaf-bbd55a8ac6f7] <-- PendingSignupCleanupService.deleteExpiredPendingSignups() | timeMs=0
2026-06-20 11:38:51 [scheduling-1] INFO  c.p.b.m.aspect.LoggingAspect - [e1b47faa-2360-4dbe-8144-287bada365b0] --> PendingSignupCleanupService.deleteExpiredPendingSignups()
2026-06-20 11:38:51 [scheduling-1] DEBUG org.hibernate.SQL - 
    /* SELECT
        p 
    FROM
        PendingSignup p 
    WHERE
        p.expiryTime < :time */ select
            ps1_0.id,
            ps1_0.email,
            ps1_0.expiry_time,
            ps1_0.otp,
            ps1_0.password,
            ps1_0.username 
        from
            pending_signup ps1_0 
        where
            ps1_0.expiry_time<?
2026-06-20 11:38:51 [scheduling-1] INFO  c.p.b.m.aspect.LoggingAspect - [e1b47faa-2360-4dbe-8144-287bada365b0] <-- PendingSignupCleanupService.deleteExpiredPendingSignups() | timeMs=0
2026-06-20 11:39:51 [scheduling-1] INFO  c.p.b.m.aspect.LoggingAspect - [dc4f4422-cd71-4de7-82fd-a66b1421ba76] --> PendingSignupCleanupService.deleteExpiredPendingSignups()
2026-06-20 11:39:51 [scheduling-1] DEBUG org.hibernate.SQL - 
    /* SELECT
        p 
    FROM
        PendingSignup p 
    WHERE
        p.expiryTime < :time */ select
            ps1_0.id,
            ps1_0.email,
            ps1_0.expiry_time,
            ps1_0.otp,
            ps1_0.password,
            ps1_0.username 
        from
            pending_signup ps1_0 
        where
            ps1_0.expiry_time<?
2026-06-20 11:39:51 [scheduling-1] INFO  c.p.b.m.aspect.LoggingAspect - [dc4f4422-cd71-4de7-82fd-a66b1421ba76] <-- PendingSignupCleanupService.deleteExpiredPendingSignups() | timeMs=0
2026-06-20 11:40:51 [scheduling-1] INFO  c.p.b.m.aspect.LoggingAspect - [050ff8ae-c93e-420f-b414-1db1eebb117a] --> PendingSignupCleanupService.deleteExpiredPendingSignups()
2026-06-20 11:40:51 [scheduling-1] DEBUG org.hibernate.SQL - 
    /* SELECT
        p 
    FROM
        PendingSignup p 
    WHERE
        p.expiryTime < :time */ select
            ps1_0.id,
            ps1_0.email,
            ps1_0.expiry_time,
            ps1_0.otp,
            ps1_0.password,
            ps1_0.username 
        from
            pending_signup ps1_0 
        where
            ps1_0.expiry_time<?
2026-06-20 11:40:51 [scheduling-1] INFO  c.p.b.m.aspect.LoggingAspect - [050ff8ae-c93e-420f-b414-1db1eebb117a] <-- PendingSignupCleanupService.deleteExpiredPendingSignups() | timeMs=0
2026-06-20 11:41:51 [scheduling-1] INFO  c.p.b.m.aspect.LoggingAspect - [df92ec1f-dc51-4ed9-9f84-8d753d0f1335] --> PendingSignupCleanupService.deleteExpiredPendingSignups()
2026-06-20 11:41:51 [scheduling-1] DEBUG org.hibernate.SQL - 
    /* SELECT
        p 
    FROM
        PendingSignup p 
    WHERE
        p.expiryTime < :time */ select
            ps1_0.id,
            ps1_0.email,
            ps1_0.expiry_time,
            ps1_0.otp,
            ps1_0.password,
            ps1_0.username 
        from
            pending_signup ps1_0 
        where
            ps1_0.expiry_time<?
2026-06-20 11:41:51 [scheduling-1] INFO  c.p.b.m.aspect.LoggingAspect - [df92ec1f-dc51-4ed9-9f84-8d753d0f1335] <-- PendingSignupCleanupService.deleteExpiredPendingSignups() | timeMs=0
2026-06-20 11:42:51 [scheduling-1] INFO  c.p.b.m.aspect.LoggingAspect - [e4caa2cc-1935-4e81-b871-fda41fbf9b10] --> PendingSignupCleanupService.deleteExpiredPendingSignups()
2026-06-20 11:42:51 [scheduling-1] DEBUG org.hibernate.SQL - 
    /* SELECT
        p 
    FROM
        PendingSignup p 
    WHERE
        p.expiryTime < :time */ select
            ps1_0.id,
            ps1_0.email,
            ps1_0.expiry_time,
            ps1_0.otp,
            ps1_0.password,
            ps1_0.username 
        from
            pending_signup ps1_0 
        where
            ps1_0.expiry_time<?
2026-06-20 11:42:51 [scheduling-1] INFO  c.p.b.m.aspect.LoggingAspect - [e4caa2cc-1935-4e81-b871-fda41fbf9b10] <-- PendingSignupCleanupService.deleteExpiredPendingSignups() | timeMs=0
2026-06-20 11:43:51 [scheduling-1] INFO  c.p.b.m.aspect.LoggingAspect - [705ef098-a909-444b-8bac-b0a6a1353177] --> PendingSignupCleanupService.deleteExpiredPendingSignups()
2026-06-20 11:43:51 [scheduling-1] DEBUG org.hibernate.SQL - 
    /* SELECT
        p 
    FROM
        PendingSignup p 
    WHERE
        p.expiryTime < :time */ select
            ps1_0.id,
            ps1_0.email,
            ps1_0.expiry_time,
            ps1_0.otp,
            ps1_0.password,
            ps1_0.username 
        from
            pending_signup ps1_0 
        where
            ps1_0.expiry_time<?
2026-06-20 11:43:51 [scheduling-1] INFO  c.p.b.m.aspect.LoggingAspect - [705ef098-a909-444b-8bac-b0a6a1353177] <-- PendingSignupCleanupService.deleteExpiredPendingSignups() | timeMs=0
2026-06-20 11:44:51 [scheduling-1] INFO  c.p.b.m.aspect.LoggingAspect - [cfe1b9c8-7312-491c-98d7-97df5acb4e67] --> PendingSignupCleanupService.deleteExpiredPendingSignups()
2026-06-20 11:44:51 [scheduling-1] DEBUG org.hibernate.SQL - 
    /* SELECT
        p 
    FROM
        PendingSignup p 
    WHERE
        p.expiryTime < :time */ select
            ps1_0.id,
            ps1_0.email,
            ps1_0.expiry_time,
            ps1_0.otp,
            ps1_0.password,
            ps1_0.username 
        from
            pending_signup ps1_0 
        where
            ps1_0.expiry_time<?
2026-06-20 11:44:51 [scheduling-1] INFO  c.p.b.m.aspect.LoggingAspect - [cfe1b9c8-7312-491c-98d7-97df5acb4e67] <-- PendingSignupCleanupService.deleteExpiredPendingSignups() | timeMs=0
2026-06-20 11:45:51 [scheduling-1] INFO  c.p.b.m.aspect.LoggingAspect - [a7d0546b-fe5a-4efa-bfc3-27af970b4cc6] --> PendingSignupCleanupService.deleteExpiredPendingSignups()
2026-06-20 11:45:51 [scheduling-1] DEBUG org.hibernate.SQL - 
    /* SELECT
        p 
    FROM
        PendingSignup p 
    WHERE
        p.expiryTime < :time */ select
            ps1_0.id,
            ps1_0.email,
            ps1_0.expiry_time,
            ps1_0.otp,
            ps1_0.password,
            ps1_0.username 
        from
            pending_signup ps1_0 
        where
            ps1_0.expiry_time<?
2026-06-20 11:45:51 [scheduling-1] INFO  c.p.b.m.aspect.LoggingAspect - [a7d0546b-fe5a-4efa-bfc3-27af970b4cc6] <-- PendingSignupCleanupService.deleteExpiredPendingSignups() | timeMs=0
2026-06-20 11:46:51 [scheduling-1] INFO  c.p.b.m.aspect.LoggingAspect - [e577cffb-2c83-4326-8e41-d15c13f17e3e] --> PendingSignupCleanupService.deleteExpiredPendingSignups()
2026-06-20 11:46:51 [scheduling-1] DEBUG org.hibernate.SQL - 
    /* SELECT
        p 
    FROM
        PendingSignup p 
    WHERE
        p.expiryTime < :time */ select
            ps1_0.id,
            ps1_0.email,
            ps1_0.expiry_time,
            ps1_0.otp,
            ps1_0.password,
            ps1_0.username 
        from
            pending_signup ps1_0 
        where
            ps1_0.expiry_time<?
2026-06-20 11:46:51 [scheduling-1] INFO  c.p.b.m.aspect.LoggingAspect - [e577cffb-2c83-4326-8e41-d15c13f17e3e] <-- PendingSignupCleanupService.deleteExpiredPendingSignups() | timeMs=1
2026-06-20 11:47:51 [scheduling-1] INFO  c.p.b.m.aspect.LoggingAspect - [2566d61b-d68b-497f-9477-36661e49a11a] --> PendingSignupCleanupService.deleteExpiredPendingSignups()
2026-06-20 11:47:51 [scheduling-1] DEBUG org.hibernate.SQL - 
    /* SELECT
        p 
    FROM
        PendingSignup p 
    WHERE
        p.expiryTime < :time */ select
            ps1_0.id,
            ps1_0.email,
            ps1_0.expiry_time,
            ps1_0.otp,
            ps1_0.password,
            ps1_0.username 
        from
            pending_signup ps1_0 
        where
            ps1_0.expiry_time<?
2026-06-20 11:47:51 [scheduling-1] INFO  c.p.b.m.aspect.LoggingAspect - [2566d61b-d68b-497f-9477-36661e49a11a] <-- PendingSignupCleanupService.deleteExpiredPendingSignups() | timeMs=0
2026-06-20 11:48:51 [scheduling-1] INFO  c.p.b.m.aspect.LoggingAspect - [31b0c28b-b47d-416d-af69-11d92e369141] --> PendingSignupCleanupService.deleteExpiredPendingSignups()
2026-06-20 11:48:51 [scheduling-1] DEBUG org.hibernate.SQL - 
    /* SELECT
        p 
    FROM
        PendingSignup p 
    WHERE
        p.expiryTime < :time */ select
            ps1_0.id,
            ps1_0.email,
            ps1_0.expiry_time,
            ps1_0.otp,
            ps1_0.password,
            ps1_0.username 
        from
            pending_signup ps1_0 
        where
            ps1_0.expiry_time<?
2026-06-20 11:48:51 [scheduling-1] INFO  c.p.b.m.aspect.LoggingAspect - [31b0c28b-b47d-416d-af69-11d92e369141] <-- PendingSignupCleanupService.deleteExpiredPendingSignups() | timeMs=1
2026-06-20 11:49:51 [scheduling-1] INFO  c.p.b.m.aspect.LoggingAspect - [d90d29a9-2836-42d7-8b48-e7f742f0c969] --> PendingSignupCleanupService.deleteExpiredPendingSignups()
2026-06-20 11:49:51 [scheduling-1] DEBUG org.hibernate.SQL - 
    /* SELECT
        p 
    FROM
        PendingSignup p 
    WHERE
        p.expiryTime < :time */ select
            ps1_0.id,
            ps1_0.email,
            ps1_0.expiry_time,
            ps1_0.otp,
            ps1_0.password,
            ps1_0.username 
        from
            pending_signup ps1_0 
        where
            ps1_0.expiry_time<?
2026-06-20 11:49:51 [scheduling-1] INFO  c.p.b.m.aspect.LoggingAspect - [d90d29a9-2836-42d7-8b48-e7f742f0c969] <-- PendingSignupCleanupService.deleteExpiredPendingSignups() | timeMs=0
2026-06-20 11:50:51 [scheduling-1] INFO  c.p.b.m.aspect.LoggingAspect - [f947feda-be6a-43b4-a656-9cd4a8f702bc] --> PendingSignupCleanupService.deleteExpiredPendingSignups()
2026-06-20 11:50:51 [scheduling-1] DEBUG org.hibernate.SQL - 
    /* SELECT
        p 
    FROM
        PendingSignup p 
    WHERE
        p.expiryTime < :time */ select
            ps1_0.id,
            ps1_0.email,
            ps1_0.expiry_time,
            ps1_0.otp,
            ps1_0.password,
            ps1_0.username 
        from
            pending_signup ps1_0 
        where
            ps1_0.expiry_time<?
2026-06-20 11:50:51 [scheduling-1] INFO  c.p.b.m.aspect.LoggingAspect - [f947feda-be6a-43b4-a656-9cd4a8f702bc] <-- PendingSignupCleanupService.deleteExpiredPendingSignups() | timeMs=0
2026-06-20 11:51:51 [scheduling-1] INFO  c.p.b.m.aspect.LoggingAspect - [def6cd2e-4f3f-4c30-befe-ecc617416099] --> PendingSignupCleanupService.deleteExpiredPendingSignups()
2026-06-20 11:51:51 [scheduling-1] DEBUG org.hibernate.SQL - 
    /* SELECT
        p 
    FROM
        PendingSignup p 
    WHERE
        p.expiryTime < :time */ select
            ps1_0.id,
            ps1_0.email,
            ps1_0.expiry_time,
            ps1_0.otp,
            ps1_0.password,
            ps1_0.username 
        from
            pending_signup ps1_0 
        where
            ps1_0.expiry_time<?
2026-06-20 11:51:51 [scheduling-1] INFO  c.p.b.m.aspect.LoggingAspect - [def6cd2e-4f3f-4c30-befe-ecc617416099] <-- PendingSignupCleanupService.deleteExpiredPendingSignups() | timeMs=0
2026-06-20 11:52:51 [scheduling-1] INFO  c.p.b.m.aspect.LoggingAspect - [3fa400b4-af2d-4aa9-885d-320cd868ce55] --> PendingSignupCleanupService.deleteExpiredPendingSignups()
2026-06-20 11:52:51 [scheduling-1] DEBUG org.hibernate.SQL - 
    /* SELECT
        p 
    FROM
        PendingSignup p 
    WHERE
        p.expiryTime < :time */ select
            ps1_0.id,
            ps1_0.email,
            ps1_0.expiry_time,
            ps1_0.otp,
            ps1_0.password,
            ps1_0.username 
        from
            pending_signup ps1_0 
        where
            ps1_0.expiry_time<?
2026-06-20 11:52:51 [scheduling-1] INFO  c.p.b.m.aspect.LoggingAspect - [3fa400b4-af2d-4aa9-885d-320cd868ce55] <-- PendingSignupCleanupService.deleteExpiredPendingSignups() | timeMs=0
2026-06-20 11:53:51 [scheduling-1] INFO  c.p.b.m.aspect.LoggingAspect - [c36076d1-d75f-4d32-a10b-62f47cea4501] --> PendingSignupCleanupService.deleteExpiredPendingSignups()
2026-06-20 11:53:51 [scheduling-1] DEBUG org.hibernate.SQL - 
    /* SELECT
        p 
    FROM
        PendingSignup p 
    WHERE
        p.expiryTime < :time */ select
            ps1_0.id,
            ps1_0.email,
            ps1_0.expiry_time,
            ps1_0.otp,
            ps1_0.password,
            ps1_0.username 
        from
            pending_signup ps1_0 
        where
            ps1_0.expiry_time<?
2026-06-20 11:53:51 [scheduling-1] INFO  c.p.b.m.aspect.LoggingAspect - [c36076d1-d75f-4d32-a10b-62f47cea4501] <-- PendingSignupCleanupService.deleteExpiredPendingSignups() | timeMs=0
2026-06-20 11:54:51 [scheduling-1] INFO  c.p.b.m.aspect.LoggingAspect - [a5d2c9f0-4f3d-4ab1-859c-1ba50c2cb004] --> PendingSignupCleanupService.deleteExpiredPendingSignups()
2026-06-20 11:54:51 [scheduling-1] DEBUG org.hibernate.SQL - 
    /* SELECT
        p 
    FROM
        PendingSignup p 
    WHERE
        p.expiryTime < :time */ select
            ps1_0.id,
            ps1_0.email,
            ps1_0.expiry_time,
            ps1_0.otp,
            ps1_0.password,
            ps1_0.username 
        from
            pending_signup ps1_0 
        where
            ps1_0.expiry_time<?
2026-06-20 11:54:51 [scheduling-1] INFO  c.p.b.m.aspect.LoggingAspect - [a5d2c9f0-4f3d-4ab1-859c-1ba50c2cb004] <-- PendingSignupCleanupService.deleteExpiredPendingSignups() | timeMs=0
2026-06-20 11:55:51 [scheduling-1] INFO  c.p.b.m.aspect.LoggingAspect - [9c833cef-6597-40c7-a31d-7284d9450337] --> PendingSignupCleanupService.deleteExpiredPendingSignups()
2026-06-20 11:55:51 [scheduling-1] DEBUG org.hibernate.SQL - 
    /* SELECT
        p 
    FROM
        PendingSignup p 
    WHERE
        p.expiryTime < :time */ select
            ps1_0.id,
            ps1_0.email,
            ps1_0.expiry_time,
            ps1_0.otp,
            ps1_0.password,
            ps1_0.username 
        from
            pending_signup ps1_0 
        where
            ps1_0.expiry_time<?
2026-06-20 11:55:51 [scheduling-1] INFO  c.p.b.m.aspect.LoggingAspect - [9c833cef-6597-40c7-a31d-7284d9450337] <-- PendingSignupCleanupService.deleteExpiredPendingSignups() | timeMs=0
2026-06-20 11:56:51 [scheduling-1] INFO  c.p.b.m.aspect.LoggingAspect - [71ebc587-4d4d-493c-aa7f-5becf4d860a7] --> PendingSignupCleanupService.deleteExpiredPendingSignups()
2026-06-20 11:56:51 [scheduling-1] DEBUG org.hibernate.SQL - 
    /* SELECT
        p 
    FROM
        PendingSignup p 
    WHERE
        p.expiryTime < :time */ select
            ps1_0.id,
            ps1_0.email,
            ps1_0.expiry_time,
            ps1_0.otp,
            ps1_0.password,
            ps1_0.username 
        from
            pending_signup ps1_0 
        where
            ps1_0.expiry_time<?
2026-06-20 11:56:51 [scheduling-1] INFO  c.p.b.m.aspect.LoggingAspect - [71ebc587-4d4d-493c-aa7f-5becf4d860a7] <-- PendingSignupCleanupService.deleteExpiredPendingSignups() | timeMs=1
2026-06-20 11:57:51 [scheduling-1] INFO  c.p.b.m.aspect.LoggingAspect - [d26ee7fa-7227-40c9-b873-55aaa8627806] --> PendingSignupCleanupService.deleteExpiredPendingSignups()
2026-06-20 11:57:51 [scheduling-1] DEBUG org.hibernate.SQL - 
    /* SELECT
        p 
    FROM
        PendingSignup p 
    WHERE
        p.expiryTime < :time */ select
            ps1_0.id,
            ps1_0.email,
            ps1_0.expiry_time,
            ps1_0.otp,
            ps1_0.password,
            ps1_0.username 
        from
            pending_signup ps1_0 
        where
            ps1_0.expiry_time<?
2026-06-20 11:57:51 [scheduling-1] INFO  c.p.b.m.aspect.LoggingAspect - [d26ee7fa-7227-40c9-b873-55aaa8627806] <-- PendingSignupCleanupService.deleteExpiredPendingSignups() | timeMs=1
2026-06-20 11:58:51 [scheduling-1] INFO  c.p.b.m.aspect.LoggingAspect - [417660ff-8f27-44dd-9538-6c278a712111] --> PendingSignupCleanupService.deleteExpiredPendingSignups()
2026-06-20 11:58:51 [scheduling-1] DEBUG org.hibernate.SQL - 
    /* SELECT
        p 
    FROM
        PendingSignup p 
    WHERE
        p.expiryTime < :time */ select
            ps1_0.id,
            ps1_0.email,
            ps1_0.expiry_time,
            ps1_0.otp,
            ps1_0.password,
            ps1_0.username 
        from
            pending_signup ps1_0 
        where
            ps1_0.expiry_time<?
2026-06-20 11:58:51 [scheduling-1] INFO  c.p.b.m.aspect.LoggingAspect - [417660ff-8f27-44dd-9538-6c278a712111] <-- PendingSignupCleanupService.deleteExpiredPendingSignups() | timeMs=0
2026-06-20 11:59:51 [scheduling-1] INFO  c.p.b.m.aspect.LoggingAspect - [53a3e1dd-068b-47c1-a4d0-1c52ad9cda62] --> PendingSignupCleanupService.deleteExpiredPendingSignups()
2026-06-20 11:59:51 [scheduling-1] DEBUG org.hibernate.SQL - 
    /* SELECT
        p 
    FROM
        PendingSignup p 
    WHERE
        p.expiryTime < :time */ select
            ps1_0.id,
            ps1_0.email,
            ps1_0.expiry_time,
            ps1_0.otp,
            ps1_0.password,
            ps1_0.username 
        from
            pending_signup ps1_0 
        where
            ps1_0.expiry_time<?
2026-06-20 11:59:51 [scheduling-1] INFO  c.p.b.m.aspect.LoggingAspect - [53a3e1dd-068b-47c1-a4d0-1c52ad9cda62] <-- PendingSignupCleanupService.deleteExpiredPendingSignups() | timeMs=0
2026-06-20 12:00:51 [scheduling-1] INFO  c.p.b.m.aspect.LoggingAspect - [62bf8d38-c5ea-4018-8de4-e7c494be01fb] --> PendingSignupCleanupService.deleteExpiredPendingSignups()
2026-06-20 12:00:51 [scheduling-1] DEBUG org.hibernate.SQL - 
    /* SELECT
        p 
    FROM
        PendingSignup p 
    WHERE
        p.expiryTime < :time */ select
            ps1_0.id,
            ps1_0.email,
            ps1_0.expiry_time,
            ps1_0.otp,
            ps1_0.password,
            ps1_0.username 
        from
            pending_signup ps1_0 
        where
            ps1_0.expiry_time<?
2026-06-20 12:00:51 [scheduling-1] INFO  c.p.b.m.aspect.LoggingAspect - [62bf8d38-c5ea-4018-8de4-e7c494be01fb] <-- PendingSignupCleanupService.deleteExpiredPendingSignups() | timeMs=0
2026-06-20 12:01:51 [scheduling-1] INFO  c.p.b.m.aspect.LoggingAspect - [04030d36-3252-4844-ab81-de7142d9bb60] --> PendingSignupCleanupService.deleteExpiredPendingSignups()
2026-06-20 12:01:51 [scheduling-1] DEBUG org.hibernate.SQL - 
    /* SELECT
        p 
    FROM
        PendingSignup p 
    WHERE
        p.expiryTime < :time */ select
            ps1_0.id,
            ps1_0.email,
            ps1_0.expiry_time,
            ps1_0.otp,
            ps1_0.password,
            ps1_0.username 
        from
            pending_signup ps1_0 
        where
            ps1_0.expiry_time<?
2026-06-20 12:01:51 [scheduling-1] INFO  c.p.b.m.aspect.LoggingAspect - [04030d36-3252-4844-ab81-de7142d9bb60] <-- PendingSignupCleanupService.deleteExpiredPendingSignups() | timeMs=1
2026-06-20 12:02:51 [scheduling-1] INFO  c.p.b.m.aspect.LoggingAspect - [f80281d7-f774-4cab-98fe-6ca29971e71f] --> PendingSignupCleanupService.deleteExpiredPendingSignups()
2026-06-20 12:02:51 [scheduling-1] DEBUG org.hibernate.SQL - 
    /* SELECT
        p 
    FROM
        PendingSignup p 
    WHERE
        p.expiryTime < :time */ select
            ps1_0.id,
            ps1_0.email,
            ps1_0.expiry_time,
            ps1_0.otp,
            ps1_0.password,
            ps1_0.username 
        from
            pending_signup ps1_0 
        where
            ps1_0.expiry_time<?
2026-06-20 12:02:51 [scheduling-1] INFO  c.p.b.m.aspect.LoggingAspect - [f80281d7-f774-4cab-98fe-6ca29971e71f] <-- PendingSignupCleanupService.deleteExpiredPendingSignups() | timeMs=0
2026-06-20 12:03:51 [scheduling-1] INFO  c.p.b.m.aspect.LoggingAspect - [2147776f-8f78-4620-99f6-68a497228aac] --> PendingSignupCleanupService.deleteExpiredPendingSignups()
2026-06-20 12:03:51 [scheduling-1] DEBUG org.hibernate.SQL - 
    /* SELECT
        p 
    FROM
        PendingSignup p 
    WHERE
        p.expiryTime < :time */ select
            ps1_0.id,
            ps1_0.email,
            ps1_0.expiry_time,
            ps1_0.otp,
            ps1_0.password,
            ps1_0.username 
        from
            pending_signup ps1_0 
        where
            ps1_0.expiry_time<?
2026-06-20 12:03:51 [scheduling-1] INFO  c.p.b.m.aspect.LoggingAspect - [2147776f-8f78-4620-99f6-68a497228aac] <-- PendingSignupCleanupService.deleteExpiredPendingSignups() | timeMs=0
2026-06-20 12:04:51 [scheduling-1] INFO  c.p.b.m.aspect.LoggingAspect - [060ad17a-083b-4bbf-9b04-2dc431a56594] --> PendingSignupCleanupService.deleteExpiredPendingSignups()
2026-06-20 12:04:51 [scheduling-1] DEBUG org.hibernate.SQL - 
    /* SELECT
        p 
    FROM
        PendingSignup p 
    WHERE
        p.expiryTime < :time */ select
            ps1_0.id,
            ps1_0.email,
            ps1_0.expiry_time,
            ps1_0.otp,
            ps1_0.password,
            ps1_0.username 
        from
            pending_signup ps1_0 
        where
            ps1_0.expiry_time<?
2026-06-20 12:04:51 [scheduling-1] INFO  c.p.b.m.aspect.LoggingAspect - [060ad17a-083b-4bbf-9b04-2dc431a56594] <-- PendingSignupCleanupService.deleteExpiredPendingSignups() | timeMs=0
2026-06-20 12:05:51 [scheduling-1] INFO  c.p.b.m.aspect.LoggingAspect - [0b8b4eb3-4253-4f74-aa9c-863f74b0287e] --> PendingSignupCleanupService.deleteExpiredPendingSignups()
2026-06-20 12:05:51 [scheduling-1] DEBUG org.hibernate.SQL - 
    /* SELECT
        p 
    FROM
        PendingSignup p 
    WHERE
        p.expiryTime < :time */ select
            ps1_0.id,
            ps1_0.email,
            ps1_0.expiry_time,
            ps1_0.otp,
            ps1_0.password,
            ps1_0.username 
        from
            pending_signup ps1_0 
        where
            ps1_0.expiry_time<?
2026-06-20 12:05:51 [scheduling-1] INFO  c.p.b.m.aspect.LoggingAspect - [0b8b4eb3-4253-4f74-aa9c-863f74b0287e] <-- PendingSignupCleanupService.deleteExpiredPendingSignups() | timeMs=0
2026-06-20 12:06:51 [scheduling-1] INFO  c.p.b.m.aspect.LoggingAspect - [eb501297-b1d7-4ede-8c16-c119ace54a9d] --> PendingSignupCleanupService.deleteExpiredPendingSignups()
2026-06-20 12:06:51 [scheduling-1] DEBUG org.hibernate.SQL - 
    /* SELECT
        p 
    FROM
        PendingSignup p 
    WHERE
        p.expiryTime < :time */ select
            ps1_0.id,
            ps1_0.email,
            ps1_0.expiry_time,
            ps1_0.otp,
            ps1_0.password,
            ps1_0.username 
        from
            pending_signup ps1_0 
        where
            ps1_0.expiry_time<?
2026-06-20 12:06:51 [scheduling-1] INFO  c.p.b.m.aspect.LoggingAspect - [eb501297-b1d7-4ede-8c16-c119ace54a9d] <-- PendingSignupCleanupService.deleteExpiredPendingSignups() | timeMs=0
2026-06-20 12:07:51 [scheduling-1] INFO  c.p.b.m.aspect.LoggingAspect - [7f6ef296-85e8-49ac-949b-3acbb54138da] --> PendingSignupCleanupService.deleteExpiredPendingSignups()
2026-06-20 12:07:51 [scheduling-1] DEBUG org.hibernate.SQL - 
    /* SELECT
        p 
    FROM
        PendingSignup p 
    WHERE
        p.expiryTime < :time */ select
            ps1_0.id,
            ps1_0.email,
            ps1_0.expiry_time,
            ps1_0.otp,
            ps1_0.password,
            ps1_0.username 
        from
            pending_signup ps1_0 
        where
            ps1_0.expiry_time<?
2026-06-20 12:07:51 [scheduling-1] INFO  c.p.b.m.aspect.LoggingAspect - [7f6ef296-85e8-49ac-949b-3acbb54138da] <-- PendingSignupCleanupService.deleteExpiredPendingSignups() | timeMs=0
2026-06-20 12:08:51 [scheduling-1] INFO  c.p.b.m.aspect.LoggingAspect - [fac44168-fb4e-4cbb-8393-c98c6eb59f6e] --> PendingSignupCleanupService.deleteExpiredPendingSignups()
2026-06-20 12:08:51 [scheduling-1] DEBUG org.hibernate.SQL - 
    /* SELECT
        p 
    FROM
        PendingSignup p 
    WHERE
        p.expiryTime < :time */ select
            ps1_0.id,
            ps1_0.email,
            ps1_0.expiry_time,
            ps1_0.otp,
            ps1_0.password,
            ps1_0.username 
        from
            pending_signup ps1_0 
        where
            ps1_0.expiry_time<?
2026-06-20 12:08:51 [scheduling-1] INFO  c.p.b.m.aspect.LoggingAspect - [fac44168-fb4e-4cbb-8393-c98c6eb59f6e] <-- PendingSignupCleanupService.deleteExpiredPendingSignups() | timeMs=0
2026-06-20 12:09:51 [scheduling-1] INFO  c.p.b.m.aspect.LoggingAspect - [8bec55b1-1622-478c-9cc0-89c0d7d810b6] --> PendingSignupCleanupService.deleteExpiredPendingSignups()
2026-06-20 12:09:51 [scheduling-1] DEBUG org.hibernate.SQL - 
    /* SELECT
        p 
    FROM
        PendingSignup p 
    WHERE
        p.expiryTime < :time */ select
            ps1_0.id,
            ps1_0.email,
            ps1_0.expiry_time,
            ps1_0.otp,
            ps1_0.password,
            ps1_0.username 
        from
            pending_signup ps1_0 
        where
            ps1_0.expiry_time<?
2026-06-20 12:09:51 [scheduling-1] INFO  c.p.b.m.aspect.LoggingAspect - [8bec55b1-1622-478c-9cc0-89c0d7d810b6] <-- PendingSignupCleanupService.deleteExpiredPendingSignups() | timeMs=2
2026-06-20 12:10:51 [scheduling-1] INFO  c.p.b.m.aspect.LoggingAspect - [3ff64e4f-37b9-42bd-a18e-dd8faf35548b] --> PendingSignupCleanupService.deleteExpiredPendingSignups()
2026-06-20 12:10:51 [scheduling-1] DEBUG org.hibernate.SQL - 
    /* SELECT
        p 
    FROM
        PendingSignup p 
    WHERE
        p.expiryTime < :time */ select
            ps1_0.id,
            ps1_0.email,
            ps1_0.expiry_time,
            ps1_0.otp,
            ps1_0.password,
            ps1_0.username 
        from
            pending_signup ps1_0 
        where
            ps1_0.expiry_time<?
2026-06-20 12:10:51 [scheduling-1] INFO  c.p.b.m.aspect.LoggingAspect - [3ff64e4f-37b9-42bd-a18e-dd8faf35548b] <-- PendingSignupCleanupService.deleteExpiredPendingSignups() | timeMs=0
2026-06-20 12:11:51 [scheduling-1] INFO  c.p.b.m.aspect.LoggingAspect - [f84ffdfc-b902-49de-ae72-7cc834855cdc] --> PendingSignupCleanupService.deleteExpiredPendingSignups()
2026-06-20 12:11:51 [scheduling-1] DEBUG org.hibernate.SQL - 
    /* SELECT
        p 
    FROM
        PendingSignup p 
    WHERE
        p.expiryTime < :time */ select
            ps1_0.id,
            ps1_0.email,
            ps1_0.expiry_time,
            ps1_0.otp,
            ps1_0.password,
            ps1_0.username 
        from
            pending_signup ps1_0 
        where
            ps1_0.expiry_time<?
2026-06-20 12:11:51 [scheduling-1] INFO  c.p.b.m.aspect.LoggingAspect - [f84ffdfc-b902-49de-ae72-7cc834855cdc] <-- PendingSignupCleanupService.deleteExpiredPendingSignups() | timeMs=0
2026-06-20 12:12:51 [scheduling-1] INFO  c.p.b.m.aspect.LoggingAspect - [85131e10-17e7-4319-af06-b327ee32ca5c] --> PendingSignupCleanupService.deleteExpiredPendingSignups()
2026-06-20 12:12:51 [scheduling-1] DEBUG org.hibernate.SQL - 
    /* SELECT
        p 
    FROM
        PendingSignup p 
    WHERE
        p.expiryTime < :time */ select
            ps1_0.id,
            ps1_0.email,
            ps1_0.expiry_time,
            ps1_0.otp,
            ps1_0.password,
            ps1_0.username 
        from
            pending_signup ps1_0 
        where
            ps1_0.expiry_time<?
2026-06-20 12:12:51 [scheduling-1] INFO  c.p.b.m.aspect.LoggingAspect - [85131e10-17e7-4319-af06-b327ee32ca5c] <-- PendingSignupCleanupService.deleteExpiredPendingSignups() | timeMs=0
2026-06-20 12:13:51 [scheduling-1] INFO  c.p.b.m.aspect.LoggingAspect - [db620d47-9a96-4054-866b-af44f4d7400f] --> PendingSignupCleanupService.deleteExpiredPendingSignups()
2026-06-20 12:13:51 [scheduling-1] DEBUG org.hibernate.SQL - 
    /* SELECT
        p 
    FROM
        PendingSignup p 
    WHERE
        p.expiryTime < :time */ select
            ps1_0.id,
            ps1_0.email,
            ps1_0.expiry_time,
            ps1_0.otp,
            ps1_0.password,
            ps1_0.username 
        from
            pending_signup ps1_0 
        where
            ps1_0.expiry_time<?
2026-06-20 12:13:51 [scheduling-1] INFO  c.p.b.m.aspect.LoggingAspect - [db620d47-9a96-4054-866b-af44f4d7400f] <-- PendingSignupCleanupService.deleteExpiredPendingSignups() | timeMs=0
2026-06-20 12:14:51 [scheduling-1] INFO  c.p.b.m.aspect.LoggingAspect - [cf003c7f-0e05-452c-9334-7a782feb32e1] --> PendingSignupCleanupService.deleteExpiredPendingSignups()
2026-06-20 12:14:51 [scheduling-1] DEBUG org.hibernate.SQL - 
    /* SELECT
        p 
    FROM
        PendingSignup p 
    WHERE
        p.expiryTime < :time */ select
            ps1_0.id,
            ps1_0.email,
            ps1_0.expiry_time,
            ps1_0.otp,
            ps1_0.password,
            ps1_0.username 
        from
            pending_signup ps1_0 
        where
            ps1_0.expiry_time<?
2026-06-20 12:14:51 [scheduling-1] INFO  c.p.b.m.aspect.LoggingAspect - [cf003c7f-0e05-452c-9334-7a782feb32e1] <-- PendingSignupCleanupService.deleteExpiredPendingSignups() | timeMs=0
2026-06-20 12:15:51 [scheduling-1] INFO  c.p.b.m.aspect.LoggingAspect - [4fef5ba0-6fd1-4721-b030-57c54082fe7b] --> PendingSignupCleanupService.deleteExpiredPendingSignups()
2026-06-20 12:15:51 [scheduling-1] DEBUG org.hibernate.SQL - 
    /* SELECT
        p 
    FROM
        PendingSignup p 
    WHERE
        p.expiryTime < :time */ select
            ps1_0.id,
            ps1_0.email,
            ps1_0.expiry_time,
            ps1_0.otp,
            ps1_0.password,
            ps1_0.username 
        from
            pending_signup ps1_0 
        where
            ps1_0.expiry_time<?
2026-06-20 12:15:51 [scheduling-1] INFO  c.p.b.m.aspect.LoggingAspect - [4fef5ba0-6fd1-4721-b030-57c54082fe7b] <-- PendingSignupCleanupService.deleteExpiredPendingSignups() | timeMs=0
2026-06-20 12:16:51 [scheduling-1] INFO  c.p.b.m.aspect.LoggingAspect - [fc846f94-8c6c-45ec-ab23-9aeb765dab01] --> PendingSignupCleanupService.deleteExpiredPendingSignups()
2026-06-20 12:16:51 [scheduling-1] DEBUG org.hibernate.SQL - 
    /* SELECT
        p 
    FROM
        PendingSignup p 
    WHERE
        p.expiryTime < :time */ select
            ps1_0.id,
            ps1_0.email,
            ps1_0.expiry_time,
            ps1_0.otp,
            ps1_0.password,
            ps1_0.username 
        from
            pending_signup ps1_0 
        where
            ps1_0.expiry_time<?
2026-06-20 12:16:51 [scheduling-1] INFO  c.p.b.m.aspect.LoggingAspect - [fc846f94-8c6c-45ec-ab23-9aeb765dab01] <-- PendingSignupCleanupService.deleteExpiredPendingSignups() | timeMs=0
2026-06-20 12:17:51 [scheduling-1] INFO  c.p.b.m.aspect.LoggingAspect - [add6eb09-2821-419d-a211-be27eceee35f] --> PendingSignupCleanupService.deleteExpiredPendingSignups()
2026-06-20 12:17:51 [scheduling-1] DEBUG org.hibernate.SQL - 
    /* SELECT
        p 
    FROM
        PendingSignup p 
    WHERE
        p.expiryTime < :time */ select
            ps1_0.id,
            ps1_0.email,
            ps1_0.expiry_time,
            ps1_0.otp,
            ps1_0.password,
            ps1_0.username 
        from
            pending_signup ps1_0 
        where
            ps1_0.expiry_time<?
2026-06-20 12:17:51 [scheduling-1] INFO  c.p.b.m.aspect.LoggingAspect - [add6eb09-2821-419d-a211-be27eceee35f] <-- PendingSignupCleanupService.deleteExpiredPendingSignups() | timeMs=0
2026-06-20 12:18:51 [scheduling-1] INFO  c.p.b.m.aspect.LoggingAspect - [c9750986-2b02-4a19-bd53-842696921492] --> PendingSignupCleanupService.deleteExpiredPendingSignups()
2026-06-20 12:18:51 [scheduling-1] DEBUG org.hibernate.SQL - 
    /* SELECT
        p 
    FROM
        PendingSignup p 
    WHERE
        p.expiryTime < :time */ select
            ps1_0.id,
            ps1_0.email,
            ps1_0.expiry_time,
            ps1_0.otp,
            ps1_0.password,
            ps1_0.username 
        from
            pending_signup ps1_0 
        where
            ps1_0.expiry_time<?
2026-06-20 12:18:51 [scheduling-1] INFO  c.p.b.m.aspect.LoggingAspect - [c9750986-2b02-4a19-bd53-842696921492] <-- PendingSignupCleanupService.deleteExpiredPendingSignups() | timeMs=0
2026-06-20 12:19:51 [scheduling-1] INFO  c.p.b.m.aspect.LoggingAspect - [c2ff0d7b-6f0c-44c8-8550-7dd1a5be0349] --> PendingSignupCleanupService.deleteExpiredPendingSignups()
2026-06-20 12:19:51 [scheduling-1] DEBUG org.hibernate.SQL - 
    /* SELECT
        p 
    FROM
        PendingSignup p 
    WHERE
        p.expiryTime < :time */ select
            ps1_0.id,
            ps1_0.email,
            ps1_0.expiry_time,
            ps1_0.otp,
            ps1_0.password,
            ps1_0.username 
        from
            pending_signup ps1_0 
        where
            ps1_0.expiry_time<?
2026-06-20 12:19:51 [scheduling-1] INFO  c.p.b.m.aspect.LoggingAspect - [c2ff0d7b-6f0c-44c8-8550-7dd1a5be0349] <-- PendingSignupCleanupService.deleteExpiredPendingSignups() | timeMs=0
2026-06-20 12:20:51 [scheduling-1] INFO  c.p.b.m.aspect.LoggingAspect - [844080d7-bb9d-4122-b602-753169fa6e27] --> PendingSignupCleanupService.deleteExpiredPendingSignups()
2026-06-20 12:20:51 [scheduling-1] DEBUG org.hibernate.SQL - 
    /* SELECT
        p 
    FROM
        PendingSignup p 
    WHERE
        p.expiryTime < :time */ select
            ps1_0.id,
            ps1_0.email,
            ps1_0.expiry_time,
            ps1_0.otp,
            ps1_0.password,
            ps1_0.username 
        from
            pending_signup ps1_0 
        where
            ps1_0.expiry_time<?
2026-06-20 12:20:51 [scheduling-1] INFO  c.p.b.m.aspect.LoggingAspect - [844080d7-bb9d-4122-b602-753169fa6e27] <-- PendingSignupCleanupService.deleteExpiredPendingSignups() | timeMs=0
2026-06-20 12:21:51 [scheduling-1] INFO  c.p.b.m.aspect.LoggingAspect - [438163b7-c47e-4d86-adac-fe89cbb03b37] --> PendingSignupCleanupService.deleteExpiredPendingSignups()
2026-06-20 12:21:51 [scheduling-1] DEBUG org.hibernate.SQL - 
    /* SELECT
        p 
    FROM
        PendingSignup p 
    WHERE
        p.expiryTime < :time */ select
            ps1_0.id,
            ps1_0.email,
            ps1_0.expiry_time,
            ps1_0.otp,
            ps1_0.password,
            ps1_0.username 
        from
            pending_signup ps1_0 
        where
            ps1_0.expiry_time<?
2026-06-20 12:21:51 [scheduling-1] INFO  c.p.b.m.aspect.LoggingAspect - [438163b7-c47e-4d86-adac-fe89cbb03b37] <-- PendingSignupCleanupService.deleteExpiredPendingSignups() | timeMs=0
2026-06-20 12:22:51 [scheduling-1] INFO  c.p.b.m.aspect.LoggingAspect - [81edbdcf-0e31-4bdf-97fe-921e073e6b6b] --> PendingSignupCleanupService.deleteExpiredPendingSignups()
2026-06-20 12:22:51 [scheduling-1] DEBUG org.hibernate.SQL - 
    /* SELECT
        p 
    FROM
        PendingSignup p 
    WHERE
        p.expiryTime < :time */ select
            ps1_0.id,
            ps1_0.email,
            ps1_0.expiry_time,
            ps1_0.otp,
            ps1_0.password,
            ps1_0.username 
        from
            pending_signup ps1_0 
        where
            ps1_0.expiry_time<?
2026-06-20 12:22:51 [scheduling-1] INFO  c.p.b.m.aspect.LoggingAspect - [81edbdcf-0e31-4bdf-97fe-921e073e6b6b] <-- PendingSignupCleanupService.deleteExpiredPendingSignups() | timeMs=0
2026-06-20 12:23:51 [scheduling-1] INFO  c.p.b.m.aspect.LoggingAspect - [f31dc2eb-e57b-4548-b01c-e4f847b6274c] --> PendingSignupCleanupService.deleteExpiredPendingSignups()
2026-06-20 12:23:51 [scheduling-1] DEBUG org.hibernate.SQL - 
    /* SELECT
        p 
    FROM
        PendingSignup p 
    WHERE
        p.expiryTime < :time */ select
            ps1_0.id,
            ps1_0.email,
            ps1_0.expiry_time,
            ps1_0.otp,
            ps1_0.password,
            ps1_0.username 
        from
            pending_signup ps1_0 
        where
            ps1_0.expiry_time<?
2026-06-20 12:23:51 [scheduling-1] INFO  c.p.b.m.aspect.LoggingAspect - [f31dc2eb-e57b-4548-b01c-e4f847b6274c] <-- PendingSignupCleanupService.deleteExpiredPendingSignups() | timeMs=0
2026-06-20 12:24:51 [scheduling-1] INFO  c.p.b.m.aspect.LoggingAspect - [462729f7-782b-4dfb-8b84-fc8d4020cd19] --> PendingSignupCleanupService.deleteExpiredPendingSignups()
2026-06-20 12:24:51 [scheduling-1] DEBUG org.hibernate.SQL - 
    /* SELECT
        p 
    FROM
        PendingSignup p 
    WHERE
        p.expiryTime < :time */ select
            ps1_0.id,
            ps1_0.email,
            ps1_0.expiry_time,
            ps1_0.otp,
            ps1_0.password,
            ps1_0.username 
        from
            pending_signup ps1_0 
        where
            ps1_0.expiry_time<?
2026-06-20 12:24:51 [scheduling-1] INFO  c.p.b.m.aspect.LoggingAspect - [462729f7-782b-4dfb-8b84-fc8d4020cd19] <-- PendingSignupCleanupService.deleteExpiredPendingSignups() | timeMs=0
2026-06-20 12:25:51 [scheduling-1] INFO  c.p.b.m.aspect.LoggingAspect - [0fc677a7-e973-40eb-9043-6df89ec48c0e] --> PendingSignupCleanupService.deleteExpiredPendingSignups()
2026-06-20 12:25:51 [scheduling-1] DEBUG org.hibernate.SQL - 
    /* SELECT
        p 
    FROM
        PendingSignup p 
    WHERE
        p.expiryTime < :time */ select
            ps1_0.id,
            ps1_0.email,
            ps1_0.expiry_time,
            ps1_0.otp,
            ps1_0.password,
            ps1_0.username 
        from
            pending_signup ps1_0 
        where
            ps1_0.expiry_time<?
2026-06-20 12:25:51 [scheduling-1] INFO  c.p.b.m.aspect.LoggingAspect - [0fc677a7-e973-40eb-9043-6df89ec48c0e] <-- PendingSignupCleanupService.deleteExpiredPendingSignups() | timeMs=0
2026-06-20 12:26:51 [scheduling-1] INFO  c.p.b.m.aspect.LoggingAspect - [08c1ba9b-6f42-4d19-9ba9-5bd2823dd112] --> PendingSignupCleanupService.deleteExpiredPendingSignups()
2026-06-20 12:26:51 [scheduling-1] DEBUG org.hibernate.SQL - 
    /* SELECT
        p 
    FROM
        PendingSignup p 
    WHERE
        p.expiryTime < :time */ select
            ps1_0.id,
            ps1_0.email,
            ps1_0.expiry_time,
            ps1_0.otp,
            ps1_0.password,
            ps1_0.username 
        from
            pending_signup ps1_0 
        where
            ps1_0.expiry_time<?
2026-06-20 12:26:51 [scheduling-1] INFO  c.p.b.m.aspect.LoggingAspect - [08c1ba9b-6f42-4d19-9ba9-5bd2823dd112] <-- PendingSignupCleanupService.deleteExpiredPendingSignups() | timeMs=0
2026-06-20 12:27:51 [scheduling-1] INFO  c.p.b.m.aspect.LoggingAspect - [ee5b461a-5ee5-4670-a788-2ac6de64f831] --> PendingSignupCleanupService.deleteExpiredPendingSignups()
2026-06-20 12:27:51 [scheduling-1] DEBUG org.hibernate.SQL - 
    /* SELECT
        p 
    FROM
        PendingSignup p 
    WHERE
        p.expiryTime < :time */ select
            ps1_0.id,
            ps1_0.email,
            ps1_0.expiry_time,
            ps1_0.otp,
            ps1_0.password,
            ps1_0.username 
        from
            pending_signup ps1_0 
        where
            ps1_0.expiry_time<?
2026-06-20 12:27:51 [scheduling-1] INFO  c.p.b.m.aspect.LoggingAspect - [ee5b461a-5ee5-4670-a788-2ac6de64f831] <-- PendingSignupCleanupService.deleteExpiredPendingSignups() | timeMs=0
2026-06-20 12:28:51 [scheduling-1] INFO  c.p.b.m.aspect.LoggingAspect - [dc4e7164-6fe2-4d3d-b678-aee789d4182c] --> PendingSignupCleanupService.deleteExpiredPendingSignups()
2026-06-20 12:28:51 [scheduling-1] DEBUG org.hibernate.SQL - 
    /* SELECT
        p 
    FROM
        PendingSignup p 
    WHERE
        p.expiryTime < :time */ select
            ps1_0.id,
            ps1_0.email,
            ps1_0.expiry_time,
            ps1_0.otp,
            ps1_0.password,
            ps1_0.username 
        from
            pending_signup ps1_0 
        where
            ps1_0.expiry_time<?
2026-06-20 12:28:51 [scheduling-1] INFO  c.p.b.m.aspect.LoggingAspect - [dc4e7164-6fe2-4d3d-b678-aee789d4182c] <-- PendingSignupCleanupService.deleteExpiredPendingSignups() | timeMs=0
2026-06-20 12:29:51 [scheduling-1] INFO  c.p.b.m.aspect.LoggingAspect - [1e659c4d-5996-40f0-a1f9-ee1377e5475f] --> PendingSignupCleanupService.deleteExpiredPendingSignups()
2026-06-20 12:29:51 [scheduling-1] DEBUG org.hibernate.SQL - 
    /* SELECT
        p 
    FROM
        PendingSignup p 
    WHERE
        p.expiryTime < :time */ select
            ps1_0.id,
            ps1_0.email,
            ps1_0.expiry_time,
            ps1_0.otp,
            ps1_0.password,
            ps1_0.username 
        from
            pending_signup ps1_0 
        where
            ps1_0.expiry_time<?
2026-06-20 12:29:51 [scheduling-1] INFO  c.p.b.m.aspect.LoggingAspect - [1e659c4d-5996-40f0-a1f9-ee1377e5475f] <-- PendingSignupCleanupService.deleteExpiredPendingSignups() | timeMs=1
2026-06-20 12:30:51 [scheduling-1] INFO  c.p.b.m.aspect.LoggingAspect - [63f90282-ae98-4f0a-8443-55f344e5db27] --> PendingSignupCleanupService.deleteExpiredPendingSignups()
2026-06-20 12:30:51 [scheduling-1] DEBUG org.hibernate.SQL - 
    /* SELECT
        p 
    FROM
        PendingSignup p 
    WHERE
        p.expiryTime < :time */ select
            ps1_0.id,
            ps1_0.email,
            ps1_0.expiry_time,
            ps1_0.otp,
            ps1_0.password,
            ps1_0.username 
        from
            pending_signup ps1_0 
        where
            ps1_0.expiry_time<?
2026-06-20 12:30:51 [scheduling-1] INFO  c.p.b.m.aspect.LoggingAspect - [63f90282-ae98-4f0a-8443-55f344e5db27] <-- PendingSignupCleanupService.deleteExpiredPendingSignups() | timeMs=0
2026-06-20 12:31:51 [scheduling-1] INFO  c.p.b.m.aspect.LoggingAspect - [06477ce3-fed7-455f-a20b-3f34586126b8] --> PendingSignupCleanupService.deleteExpiredPendingSignups()
2026-06-20 12:31:51 [scheduling-1] DEBUG org.hibernate.SQL - 
    /* SELECT
        p 
    FROM
        PendingSignup p 
    WHERE
        p.expiryTime < :time */ select
            ps1_0.id,
            ps1_0.email,
            ps1_0.expiry_time,
            ps1_0.otp,
            ps1_0.password,
            ps1_0.username 
        from
            pending_signup ps1_0 
        where
            ps1_0.expiry_time<?
2026-06-20 12:31:51 [scheduling-1] INFO  c.p.b.m.aspect.LoggingAspect - [06477ce3-fed7-455f-a20b-3f34586126b8] <-- PendingSignupCleanupService.deleteExpiredPendingSignups() | timeMs=0
2026-06-20 12:32:51 [scheduling-1] INFO  c.p.b.m.aspect.LoggingAspect - [be79bb23-e266-47e0-9786-6383ac9d72de] --> PendingSignupCleanupService.deleteExpiredPendingSignups()
2026-06-20 12:32:51 [scheduling-1] DEBUG org.hibernate.SQL - 
    /* SELECT
        p 
    FROM
        PendingSignup p 
    WHERE
        p.expiryTime < :time */ select
            ps1_0.id,
            ps1_0.email,
            ps1_0.expiry_time,
            ps1_0.otp,
            ps1_0.password,
            ps1_0.username 
        from
            pending_signup ps1_0 
        where
            ps1_0.expiry_time<?
2026-06-20 12:32:51 [scheduling-1] INFO  c.p.b.m.aspect.LoggingAspect - [be79bb23-e266-47e0-9786-6383ac9d72de] <-- PendingSignupCleanupService.deleteExpiredPendingSignups() | timeMs=0
2026-06-20 12:33:51 [scheduling-1] INFO  c.p.b.m.aspect.LoggingAspect - [d2fe138a-8f1d-4d2f-b559-b3ba32216aae] --> PendingSignupCleanupService.deleteExpiredPendingSignups()
2026-06-20 12:33:51 [scheduling-1] DEBUG org.hibernate.SQL - 
    /* SELECT
        p 
    FROM
        PendingSignup p 
    WHERE
        p.expiryTime < :time */ select
            ps1_0.id,
            ps1_0.email,
            ps1_0.expiry_time,
            ps1_0.otp,
            ps1_0.password,
            ps1_0.username 
        from
            pending_signup ps1_0 
        where
            ps1_0.expiry_time<?
2026-06-20 12:33:51 [scheduling-1] INFO  c.p.b.m.aspect.LoggingAspect - [d2fe138a-8f1d-4d2f-b559-b3ba32216aae] <-- PendingSignupCleanupService.deleteExpiredPendingSignups() | timeMs=0
2026-06-20 12:34:51 [scheduling-1] INFO  c.p.b.m.aspect.LoggingAspect - [8d095e4e-6cfa-4379-a7d1-929c55544ca1] --> PendingSignupCleanupService.deleteExpiredPendingSignups()
2026-06-20 12:34:51 [scheduling-1] DEBUG org.hibernate.SQL - 
    /* SELECT
        p 
    FROM
        PendingSignup p 
    WHERE
        p.expiryTime < :time */ select
            ps1_0.id,
            ps1_0.email,
            ps1_0.expiry_time,
            ps1_0.otp,
            ps1_0.password,
            ps1_0.username 
        from
            pending_signup ps1_0 
        where
            ps1_0.expiry_time<?
2026-06-20 12:34:51 [scheduling-1] INFO  c.p.b.m.aspect.LoggingAspect - [8d095e4e-6cfa-4379-a7d1-929c55544ca1] <-- PendingSignupCleanupService.deleteExpiredPendingSignups() | timeMs=0
2026-06-20 12:35:51 [scheduling-1] INFO  c.p.b.m.aspect.LoggingAspect - [cd4565a4-8585-42ea-9d9b-d697b755a4ef] --> PendingSignupCleanupService.deleteExpiredPendingSignups()
2026-06-20 12:35:51 [scheduling-1] DEBUG org.hibernate.SQL - 
    /* SELECT
        p 
    FROM
        PendingSignup p 
    WHERE
        p.expiryTime < :time */ select
            ps1_0.id,
            ps1_0.email,
            ps1_0.expiry_time,
            ps1_0.otp,
            ps1_0.password,
            ps1_0.username 
        from
            pending_signup ps1_0 
        where
            ps1_0.expiry_time<?
2026-06-20 12:35:51 [scheduling-1] INFO  c.p.b.m.aspect.LoggingAspect - [cd4565a4-8585-42ea-9d9b-d697b755a4ef] <-- PendingSignupCleanupService.deleteExpiredPendingSignups() | timeMs=0
2026-06-20 12:36:51 [scheduling-1] INFO  c.p.b.m.aspect.LoggingAspect - [3385f422-0b10-4d93-8115-b77679c80e2b] --> PendingSignupCleanupService.deleteExpiredPendingSignups()
2026-06-20 12:36:51 [scheduling-1] DEBUG org.hibernate.SQL - 
    /* SELECT
        p 
    FROM
        PendingSignup p 
    WHERE
        p.expiryTime < :time */ select
            ps1_0.id,
            ps1_0.email,
            ps1_0.expiry_time,
            ps1_0.otp,
            ps1_0.password,
            ps1_0.username 
        from
            pending_signup ps1_0 
        where
            ps1_0.expiry_time<?
2026-06-20 12:36:51 [scheduling-1] INFO  c.p.b.m.aspect.LoggingAspect - [3385f422-0b10-4d93-8115-b77679c80e2b] <-- PendingSignupCleanupService.deleteExpiredPendingSignups() | timeMs=0
2026-06-20 12:37:51 [scheduling-1] INFO  c.p.b.m.aspect.LoggingAspect - [cac6ed47-3c34-4513-96b1-7c59ef9efd6d] --> PendingSignupCleanupService.deleteExpiredPendingSignups()
2026-06-20 12:37:51 [scheduling-1] DEBUG org.hibernate.SQL - 
    /* SELECT
        p 
    FROM
        PendingSignup p 
    WHERE
        p.expiryTime < :time */ select
            ps1_0.id,
            ps1_0.email,
            ps1_0.expiry_time,
            ps1_0.otp,
            ps1_0.password,
            ps1_0.username 
        from
            pending_signup ps1_0 
        where
            ps1_0.expiry_time<?
2026-06-20 12:37:51 [scheduling-1] INFO  c.p.b.m.aspect.LoggingAspect - [cac6ed47-3c34-4513-96b1-7c59ef9efd6d] <-- PendingSignupCleanupService.deleteExpiredPendingSignups() | timeMs=1
2026-06-20 12:38:51 [scheduling-1] INFO  c.p.b.m.aspect.LoggingAspect - [8f53148d-cb6b-4fce-a7b6-c1d7c3479383] --> PendingSignupCleanupService.deleteExpiredPendingSignups()
2026-06-20 12:38:51 [scheduling-1] DEBUG org.hibernate.SQL - 
    /* SELECT
        p 
    FROM
        PendingSignup p 
    WHERE
        p.expiryTime < :time */ select
            ps1_0.id,
            ps1_0.email,
            ps1_0.expiry_time,
            ps1_0.otp,
            ps1_0.password,
            ps1_0.username 
        from
            pending_signup ps1_0 
        where
            ps1_0.expiry_time<?
2026-06-20 12:38:51 [scheduling-1] INFO  c.p.b.m.aspect.LoggingAspect - [8f53148d-cb6b-4fce-a7b6-c1d7c3479383] <-- PendingSignupCleanupService.deleteExpiredPendingSignups() | timeMs=1
2026-06-20 12:39:51 [scheduling-1] INFO  c.p.b.m.aspect.LoggingAspect - [be863d02-a92c-41c1-bf79-6a44f8d2e8b9] --> PendingSignupCleanupService.deleteExpiredPendingSignups()
2026-06-20 12:39:51 [scheduling-1] DEBUG org.hibernate.SQL - 
    /* SELECT
        p 
    FROM
        PendingSignup p 
    WHERE
        p.expiryTime < :time */ select
            ps1_0.id,
            ps1_0.email,
            ps1_0.expiry_time,
            ps1_0.otp,
            ps1_0.password,
            ps1_0.username 
        from
            pending_signup ps1_0 
        where
            ps1_0.expiry_time<?
2026-06-20 12:39:51 [scheduling-1] INFO  c.p.b.m.aspect.LoggingAspect - [be863d02-a92c-41c1-bf79-6a44f8d2e8b9] <-- PendingSignupCleanupService.deleteExpiredPendingSignups() | timeMs=0
2026-06-20 12:40:51 [scheduling-1] INFO  c.p.b.m.aspect.LoggingAspect - [ed41915e-eeba-4a38-ab1f-1ad0c23d8431] --> PendingSignupCleanupService.deleteExpiredPendingSignups()
2026-06-20 12:40:51 [scheduling-1] DEBUG org.hibernate.SQL - 
    /* SELECT
        p 
    FROM
        PendingSignup p 
    WHERE
        p.expiryTime < :time */ select
            ps1_0.id,
            ps1_0.email,
            ps1_0.expiry_time,
            ps1_0.otp,
            ps1_0.password,
            ps1_0.username 
        from
            pending_signup ps1_0 
        where
            ps1_0.expiry_time<?
2026-06-20 12:40:51 [scheduling-1] INFO  c.p.b.m.aspect.LoggingAspect - [ed41915e-eeba-4a38-ab1f-1ad0c23d8431] <-- PendingSignupCleanupService.deleteExpiredPendingSignups() | timeMs=0
2026-06-20 12:41:51 [scheduling-1] INFO  c.p.b.m.aspect.LoggingAspect - [ce990fff-fba6-4154-b8b0-2255eab8a9e1] --> PendingSignupCleanupService.deleteExpiredPendingSignups()
2026-06-20 12:41:51 [scheduling-1] DEBUG org.hibernate.SQL - 
    /* SELECT
        p 
    FROM
        PendingSignup p 
    WHERE
        p.expiryTime < :time */ select
            ps1_0.id,
            ps1_0.email,
            ps1_0.expiry_time,
            ps1_0.otp,
            ps1_0.password,
            ps1_0.username 
        from
            pending_signup ps1_0 
        where
            ps1_0.expiry_time<?
2026-06-20 12:41:51 [scheduling-1] INFO  c.p.b.m.aspect.LoggingAspect - [ce990fff-fba6-4154-b8b0-2255eab8a9e1] <-- PendingSignupCleanupService.deleteExpiredPendingSignups() | timeMs=0
2026-06-20 12:42:51 [scheduling-1] INFO  c.p.b.m.aspect.LoggingAspect - [58dacc5d-c265-4cde-b3de-a31a963f4e50] --> PendingSignupCleanupService.deleteExpiredPendingSignups()
2026-06-20 12:42:51 [scheduling-1] DEBUG org.hibernate.SQL - 
    /* SELECT
        p 
    FROM
        PendingSignup p 
    WHERE
        p.expiryTime < :time */ select
            ps1_0.id,
            ps1_0.email,
            ps1_0.expiry_time,
            ps1_0.otp,
            ps1_0.password,
            ps1_0.username 
        from
            pending_signup ps1_0 
        where
            ps1_0.expiry_time<?
2026-06-20 12:42:51 [scheduling-1] INFO  c.p.b.m.aspect.LoggingAspect - [58dacc5d-c265-4cde-b3de-a31a963f4e50] <-- PendingSignupCleanupService.deleteExpiredPendingSignups() | timeMs=0
2026-06-20 12:43:51 [scheduling-1] INFO  c.p.b.m.aspect.LoggingAspect - [757b852d-013b-476f-b579-fae508d45142] --> PendingSignupCleanupService.deleteExpiredPendingSignups()
2026-06-20 12:43:51 [scheduling-1] DEBUG org.hibernate.SQL - 
    /* SELECT
        p 
    FROM
        PendingSignup p 
    WHERE
        p.expiryTime < :time */ select
            ps1_0.id,
            ps1_0.email,
            ps1_0.expiry_time,
            ps1_0.otp,
            ps1_0.password,
            ps1_0.username 
        from
            pending_signup ps1_0 
        where
            ps1_0.expiry_time<?
2026-06-20 12:43:51 [scheduling-1] INFO  c.p.b.m.aspect.LoggingAspect - [757b852d-013b-476f-b579-fae508d45142] <-- PendingSignupCleanupService.deleteExpiredPendingSignups() | timeMs=0
2026-06-20 12:44:51 [scheduling-1] INFO  c.p.b.m.aspect.LoggingAspect - [8c554872-0790-40d3-a027-656073b701c5] --> PendingSignupCleanupService.deleteExpiredPendingSignups()
2026-06-20 12:44:51 [scheduling-1] DEBUG org.hibernate.SQL - 
    /* SELECT
        p 
    FROM
        PendingSignup p 
    WHERE
        p.expiryTime < :time */ select
            ps1_0.id,
            ps1_0.email,
            ps1_0.expiry_time,
            ps1_0.otp,
            ps1_0.password,
            ps1_0.username 
        from
            pending_signup ps1_0 
        where
            ps1_0.expiry_time<?
2026-06-20 12:44:51 [scheduling-1] INFO  c.p.b.m.aspect.LoggingAspect - [8c554872-0790-40d3-a027-656073b701c5] <-- PendingSignupCleanupService.deleteExpiredPendingSignups() | timeMs=0
2026-06-20 12:45:51 [scheduling-1] INFO  c.p.b.m.aspect.LoggingAspect - [2c99ec86-4968-4e4a-96cf-c43e78320819] --> PendingSignupCleanupService.deleteExpiredPendingSignups()
2026-06-20 12:45:51 [scheduling-1] DEBUG org.hibernate.SQL - 
    /* SELECT
        p 
    FROM
        PendingSignup p 
    WHERE
        p.expiryTime < :time */ select
            ps1_0.id,
            ps1_0.email,
            ps1_0.expiry_time,
            ps1_0.otp,
            ps1_0.password,
            ps1_0.username 
        from
            pending_signup ps1_0 
        where
            ps1_0.expiry_time<?
2026-06-20 12:45:51 [scheduling-1] INFO  c.p.b.m.aspect.LoggingAspect - [2c99ec86-4968-4e4a-96cf-c43e78320819] <-- PendingSignupCleanupService.deleteExpiredPendingSignups() | timeMs=0
2026-06-20 12:46:51 [scheduling-1] INFO  c.p.b.m.aspect.LoggingAspect - [be8fa3c7-cf04-4751-8c41-150360608625] --> PendingSignupCleanupService.deleteExpiredPendingSignups()
2026-06-20 12:46:51 [scheduling-1] DEBUG org.hibernate.SQL - 
    /* SELECT
        p 
    FROM
        PendingSignup p 
    WHERE
        p.expiryTime < :time */ select
            ps1_0.id,
            ps1_0.email,
            ps1_0.expiry_time,
            ps1_0.otp,
            ps1_0.password,
            ps1_0.username 
        from
            pending_signup ps1_0 
        where
            ps1_0.expiry_time<?
2026-06-20 12:46:51 [scheduling-1] INFO  c.p.b.m.aspect.LoggingAspect - [be8fa3c7-cf04-4751-8c41-150360608625] <-- PendingSignupCleanupService.deleteExpiredPendingSignups() | timeMs=0
2026-06-20 12:47:51 [scheduling-1] INFO  c.p.b.m.aspect.LoggingAspect - [fb5c9311-3dfb-42c7-b1c3-e728bcc50318] --> PendingSignupCleanupService.deleteExpiredPendingSignups()
2026-06-20 12:47:51 [scheduling-1] DEBUG org.hibernate.SQL - 
    /* SELECT
        p 
    FROM
        PendingSignup p 
    WHERE
        p.expiryTime < :time */ select
            ps1_0.id,
            ps1_0.email,
            ps1_0.expiry_time,
            ps1_0.otp,
            ps1_0.password,
            ps1_0.username 
        from
            pending_signup ps1_0 
        where
            ps1_0.expiry_time<?
2026-06-20 12:47:51 [scheduling-1] INFO  c.p.b.m.aspect.LoggingAspect - [fb5c9311-3dfb-42c7-b1c3-e728bcc50318] <-- PendingSignupCleanupService.deleteExpiredPendingSignups() | timeMs=0
2026-06-20 12:48:51 [scheduling-1] INFO  c.p.b.m.aspect.LoggingAspect - [43b0c6d0-8df3-402b-91c2-61007d138ea6] --> PendingSignupCleanupService.deleteExpiredPendingSignups()
2026-06-20 12:48:51 [scheduling-1] DEBUG org.hibernate.SQL - 
    /* SELECT
        p 
    FROM
        PendingSignup p 
    WHERE
        p.expiryTime < :time */ select
            ps1_0.id,
            ps1_0.email,
            ps1_0.expiry_time,
            ps1_0.otp,
            ps1_0.password,
            ps1_0.username 
        from
            pending_signup ps1_0 
        where
            ps1_0.expiry_time<?
2026-06-20 12:48:51 [scheduling-1] INFO  c.p.b.m.aspect.LoggingAspect - [43b0c6d0-8df3-402b-91c2-61007d138ea6] <-- PendingSignupCleanupService.deleteExpiredPendingSignups() | timeMs=1
2026-06-20 12:49:51 [scheduling-1] INFO  c.p.b.m.aspect.LoggingAspect - [a21ac85b-c22b-45d8-94f4-ad2e3df10f94] --> PendingSignupCleanupService.deleteExpiredPendingSignups()
2026-06-20 12:49:51 [scheduling-1] DEBUG org.hibernate.SQL - 
    /* SELECT
        p 
    FROM
        PendingSignup p 
    WHERE
        p.expiryTime < :time */ select
            ps1_0.id,
            ps1_0.email,
            ps1_0.expiry_time,
            ps1_0.otp,
            ps1_0.password,
            ps1_0.username 
        from
            pending_signup ps1_0 
        where
            ps1_0.expiry_time<?
2026-06-20 12:49:51 [scheduling-1] INFO  c.p.b.m.aspect.LoggingAspect - [a21ac85b-c22b-45d8-94f4-ad2e3df10f94] <-- PendingSignupCleanupService.deleteExpiredPendingSignups() | timeMs=0
2026-06-20 12:50:51 [scheduling-1] INFO  c.p.b.m.aspect.LoggingAspect - [b859fa95-6bcc-4517-9fb1-895d5ae29aef] --> PendingSignupCleanupService.deleteExpiredPendingSignups()
2026-06-20 12:50:51 [scheduling-1] DEBUG org.hibernate.SQL - 
    /* SELECT
        p 
    FROM
        PendingSignup p 
    WHERE
        p.expiryTime < :time */ select
            ps1_0.id,
            ps1_0.email,
            ps1_0.expiry_time,
            ps1_0.otp,
            ps1_0.password,
            ps1_0.username 
        from
            pending_signup ps1_0 
        where
            ps1_0.expiry_time<?
2026-06-20 12:50:51 [scheduling-1] INFO  c.p.b.m.aspect.LoggingAspect - [b859fa95-6bcc-4517-9fb1-895d5ae29aef] <-- PendingSignupCleanupService.deleteExpiredPendingSignups() | timeMs=0
2026-06-20 12:51:51 [scheduling-1] INFO  c.p.b.m.aspect.LoggingAspect - [3b39d890-dda1-4c6a-a15f-ccc30dd05276] --> PendingSignupCleanupService.deleteExpiredPendingSignups()
2026-06-20 12:51:51 [scheduling-1] DEBUG org.hibernate.SQL - 
    /* SELECT
        p 
    FROM
        PendingSignup p 
    WHERE
        p.expiryTime < :time */ select
            ps1_0.id,
            ps1_0.email,
            ps1_0.expiry_time,
            ps1_0.otp,
            ps1_0.password,
            ps1_0.username 
        from
            pending_signup ps1_0 
        where
            ps1_0.expiry_time<?
2026-06-20 12:51:51 [scheduling-1] INFO  c.p.b.m.aspect.LoggingAspect - [3b39d890-dda1-4c6a-a15f-ccc30dd05276] <-- PendingSignupCleanupService.deleteExpiredPendingSignups() | timeMs=0
2026-06-20 12:52:51 [scheduling-1] INFO  c.p.b.m.aspect.LoggingAspect - [534668d4-be0e-4252-86de-bc3a129df6c8] --> PendingSignupCleanupService.deleteExpiredPendingSignups()
2026-06-20 12:52:51 [scheduling-1] DEBUG org.hibernate.SQL - 
    /* SELECT
        p 
    FROM
        PendingSignup p 
    WHERE
        p.expiryTime < :time */ select
            ps1_0.id,
            ps1_0.email,
            ps1_0.expiry_time,
            ps1_0.otp,
            ps1_0.password,
            ps1_0.username 
        from
            pending_signup ps1_0 
        where
            ps1_0.expiry_time<?
2026-06-20 12:52:51 [scheduling-1] INFO  c.p.b.m.aspect.LoggingAspect - [534668d4-be0e-4252-86de-bc3a129df6c8] <-- PendingSignupCleanupService.deleteExpiredPendingSignups() | timeMs=0
2026-06-20 12:53:51 [scheduling-1] INFO  c.p.b.m.aspect.LoggingAspect - [ff6b6104-d36b-46f1-a974-7c7ee8833479] --> PendingSignupCleanupService.deleteExpiredPendingSignups()
2026-06-20 12:53:51 [scheduling-1] DEBUG org.hibernate.SQL - 
    /* SELECT
        p 
    FROM
        PendingSignup p 
    WHERE
        p.expiryTime < :time */ select
            ps1_0.id,
            ps1_0.email,
            ps1_0.expiry_time,
            ps1_0.otp,
            ps1_0.password,
            ps1_0.username 
        from
            pending_signup ps1_0 
        where
            ps1_0.expiry_time<?
2026-06-20 12:53:51 [scheduling-1] INFO  c.p.b.m.aspect.LoggingAspect - [ff6b6104-d36b-46f1-a974-7c7ee8833479] <-- PendingSignupCleanupService.deleteExpiredPendingSignups() | timeMs=1
2026-06-20 12:54:51 [scheduling-1] INFO  c.p.b.m.aspect.LoggingAspect - [cff1f125-5f10-45b5-8bcf-26c6cb5ab00d] --> PendingSignupCleanupService.deleteExpiredPendingSignups()
2026-06-20 12:54:51 [scheduling-1] DEBUG org.hibernate.SQL - 
    /* SELECT
        p 
    FROM
        PendingSignup p 
    WHERE
        p.expiryTime < :time */ select
            ps1_0.id,
            ps1_0.email,
            ps1_0.expiry_time,
            ps1_0.otp,
            ps1_0.password,
            ps1_0.username 
        from
            pending_signup ps1_0 
        where
            ps1_0.expiry_time<?
2026-06-20 12:54:51 [scheduling-1] INFO  c.p.b.m.aspect.LoggingAspect - [cff1f125-5f10-45b5-8bcf-26c6cb5ab00d] <-- PendingSignupCleanupService.deleteExpiredPendingSignups() | timeMs=0
2026-06-20 12:55:51 [scheduling-1] INFO  c.p.b.m.aspect.LoggingAspect - [6765c47c-67aa-4d1e-9fbf-cbab025be7e1] --> PendingSignupCleanupService.deleteExpiredPendingSignups()
2026-06-20 12:55:51 [scheduling-1] DEBUG org.hibernate.SQL - 
    /* SELECT
        p 
    FROM
        PendingSignup p 
    WHERE
        p.expiryTime < :time */ select
            ps1_0.id,
            ps1_0.email,
            ps1_0.expiry_time,
            ps1_0.otp,
            ps1_0.password,
            ps1_0.username 
        from
            pending_signup ps1_0 
        where
            ps1_0.expiry_time<?
2026-06-20 12:55:51 [scheduling-1] INFO  c.p.b.m.aspect.LoggingAspect - [6765c47c-67aa-4d1e-9fbf-cbab025be7e1] <-- PendingSignupCleanupService.deleteExpiredPendingSignups() | timeMs=0
2026-06-20 12:56:51 [scheduling-1] INFO  c.p.b.m.aspect.LoggingAspect - [8e5481cd-841c-4cb7-a891-6601f15428a5] --> PendingSignupCleanupService.deleteExpiredPendingSignups()
2026-06-20 12:56:51 [scheduling-1] DEBUG org.hibernate.SQL - 
    /* SELECT
        p 
    FROM
        PendingSignup p 
    WHERE
        p.expiryTime < :time */ select
            ps1_0.id,
            ps1_0.email,
            ps1_0.expiry_time,
            ps1_0.otp,
            ps1_0.password,
            ps1_0.username 
        from
            pending_signup ps1_0 
        where
            ps1_0.expiry_time<?
2026-06-20 12:56:51 [scheduling-1] INFO  c.p.b.m.aspect.LoggingAspect - [8e5481cd-841c-4cb7-a891-6601f15428a5] <-- PendingSignupCleanupService.deleteExpiredPendingSignups() | timeMs=0
2026-06-20 12:57:51 [scheduling-1] INFO  c.p.b.m.aspect.LoggingAspect - [8b65081f-f1bb-4ffe-ae05-8a639012f480] --> PendingSignupCleanupService.deleteExpiredPendingSignups()
2026-06-20 12:57:51 [scheduling-1] DEBUG org.hibernate.SQL - 
    /* SELECT
        p 
    FROM
        PendingSignup p 
    WHERE
        p.expiryTime < :time */ select
            ps1_0.id,
            ps1_0.email,
            ps1_0.expiry_time,
            ps1_0.otp,
            ps1_0.password,
            ps1_0.username 
        from
            pending_signup ps1_0 
        where
            ps1_0.expiry_time<?
2026-06-20 12:57:51 [scheduling-1] INFO  c.p.b.m.aspect.LoggingAspect - [8b65081f-f1bb-4ffe-ae05-8a639012f480] <-- PendingSignupCleanupService.deleteExpiredPendingSignups() | timeMs=0
2026-06-20 12:58:51 [scheduling-1] INFO  c.p.b.m.aspect.LoggingAspect - [a5ae5b33-8b38-4bce-850f-bccf34f033ab] --> PendingSignupCleanupService.deleteExpiredPendingSignups()
2026-06-20 12:58:51 [scheduling-1] DEBUG org.hibernate.SQL - 
    /* SELECT
        p 
    FROM
        PendingSignup p 
    WHERE
        p.expiryTime < :time */ select
            ps1_0.id,
            ps1_0.email,
            ps1_0.expiry_time,
            ps1_0.otp,
            ps1_0.password,
            ps1_0.username 
        from
            pending_signup ps1_0 
        where
            ps1_0.expiry_time<?
2026-06-20 12:58:51 [scheduling-1] INFO  c.p.b.m.aspect.LoggingAspect - [a5ae5b33-8b38-4bce-850f-bccf34f033ab] <-- PendingSignupCleanupService.deleteExpiredPendingSignups() | timeMs=0
2026-06-20 12:59:51 [scheduling-1] INFO  c.p.b.m.aspect.LoggingAspect - [b19be668-44be-44ef-8563-93ebe9bc8636] --> PendingSignupCleanupService.deleteExpiredPendingSignups()
2026-06-20 12:59:51 [scheduling-1] DEBUG org.hibernate.SQL - 
    /* SELECT
        p 
    FROM
        PendingSignup p 
    WHERE
        p.expiryTime < :time */ select
            ps1_0.id,
            ps1_0.email,
            ps1_0.expiry_time,
            ps1_0.otp,
            ps1_0.password,
            ps1_0.username 
        from
            pending_signup ps1_0 
        where
            ps1_0.expiry_time<?
2026-06-20 12:59:51 [scheduling-1] INFO  c.p.b.m.aspect.LoggingAspect - [b19be668-44be-44ef-8563-93ebe9bc8636] <-- PendingSignupCleanupService.deleteExpiredPendingSignups() | timeMs=0
2026-06-20 13:00:51 [scheduling-1] INFO  c.p.b.m.aspect.LoggingAspect - [c01ff3f9-5315-48da-aa79-8c659fb5ccff] --> PendingSignupCleanupService.deleteExpiredPendingSignups()
2026-06-20 13:00:51 [scheduling-1] DEBUG org.hibernate.SQL - 
    /* SELECT
        p 
    FROM
        PendingSignup p 
    WHERE
        p.expiryTime < :time */ select
            ps1_0.id,
            ps1_0.email,
            ps1_0.expiry_time,
            ps1_0.otp,
            ps1_0.password,
            ps1_0.username 
        from
            pending_signup ps1_0 
        where
            ps1_0.expiry_time<?
2026-06-20 13:00:51 [scheduling-1] INFO  c.p.b.m.aspect.LoggingAspect - [c01ff3f9-5315-48da-aa79-8c659fb5ccff] <-- PendingSignupCleanupService.deleteExpiredPendingSignups() | timeMs=1
2026-06-20 13:01:51 [scheduling-1] INFO  c.p.b.m.aspect.LoggingAspect - [0b616428-a6b1-43da-9d2c-dd97fc0b54c6] --> PendingSignupCleanupService.deleteExpiredPendingSignups()
2026-06-20 13:01:51 [scheduling-1] DEBUG org.hibernate.SQL - 
    /* SELECT
        p 
    FROM
        PendingSignup p 
    WHERE
        p.expiryTime < :time */ select
            ps1_0.id,
            ps1_0.email,
            ps1_0.expiry_time,
            ps1_0.otp,
            ps1_0.password,
            ps1_0.username 
        from
            pending_signup ps1_0 
        where
            ps1_0.expiry_time<?
2026-06-20 13:01:51 [scheduling-1] INFO  c.p.b.m.aspect.LoggingAspect - [0b616428-a6b1-43da-9d2c-dd97fc0b54c6] <-- PendingSignupCleanupService.deleteExpiredPendingSignups() | timeMs=0
2026-06-20 13:02:51 [scheduling-1] INFO  c.p.b.m.aspect.LoggingAspect - [dc04c1db-52fb-4570-b2b1-cad2067ae8a8] --> PendingSignupCleanupService.deleteExpiredPendingSignups()
2026-06-20 13:02:51 [scheduling-1] DEBUG org.hibernate.SQL - 
    /* SELECT
        p 
    FROM
        PendingSignup p 
    WHERE
        p.expiryTime < :time */ select
            ps1_0.id,
            ps1_0.email,
            ps1_0.expiry_time,
            ps1_0.otp,
            ps1_0.password,
            ps1_0.username 
        from
            pending_signup ps1_0 
        where
            ps1_0.expiry_time<?
2026-06-20 13:02:51 [scheduling-1] INFO  c.p.b.m.aspect.LoggingAspect - [dc04c1db-52fb-4570-b2b1-cad2067ae8a8] <-- PendingSignupCleanupService.deleteExpiredPendingSignups() | timeMs=0
2026-06-20 13:03:51 [scheduling-1] INFO  c.p.b.m.aspect.LoggingAspect - [4078febd-92de-4ebc-a118-cdf7506ca962] --> PendingSignupCleanupService.deleteExpiredPendingSignups()
2026-06-20 13:03:51 [scheduling-1] DEBUG org.hibernate.SQL - 
    /* SELECT
        p 
    FROM
        PendingSignup p 
    WHERE
        p.expiryTime < :time */ select
            ps1_0.id,
            ps1_0.email,
            ps1_0.expiry_time,
            ps1_0.otp,
            ps1_0.password,
            ps1_0.username 
        from
            pending_signup ps1_0 
        where
            ps1_0.expiry_time<?
2026-06-20 13:03:51 [scheduling-1] INFO  c.p.b.m.aspect.LoggingAspect - [4078febd-92de-4ebc-a118-cdf7506ca962] <-- PendingSignupCleanupService.deleteExpiredPendingSignups() | timeMs=0
2026-06-20 13:04:51 [scheduling-1] INFO  c.p.b.m.aspect.LoggingAspect - [08a460b2-6c6f-4ce2-b354-85d4c7f25be9] --> PendingSignupCleanupService.deleteExpiredPendingSignups()
2026-06-20 13:04:51 [scheduling-1] DEBUG org.hibernate.SQL - 
    /* SELECT
        p 
    FROM
        PendingSignup p 
    WHERE
        p.expiryTime < :time */ select
            ps1_0.id,
            ps1_0.email,
            ps1_0.expiry_time,
            ps1_0.otp,
            ps1_0.password,
            ps1_0.username 
        from
            pending_signup ps1_0 
        where
            ps1_0.expiry_time<?
2026-06-20 13:04:51 [scheduling-1] INFO  c.p.b.m.aspect.LoggingAspect - [08a460b2-6c6f-4ce2-b354-85d4c7f25be9] <-- PendingSignupCleanupService.deleteExpiredPendingSignups() | timeMs=0
2026-06-20 13:05:51 [scheduling-1] INFO  c.p.b.m.aspect.LoggingAspect - [c0d934ca-20e1-4865-b8bb-f312756d9e59] --> PendingSignupCleanupService.deleteExpiredPendingSignups()
2026-06-20 13:05:51 [scheduling-1] DEBUG org.hibernate.SQL - 
    /* SELECT
        p 
    FROM
        PendingSignup p 
    WHERE
        p.expiryTime < :time */ select
            ps1_0.id,
            ps1_0.email,
            ps1_0.expiry_time,
            ps1_0.otp,
            ps1_0.password,
            ps1_0.username 
        from
            pending_signup ps1_0 
        where
            ps1_0.expiry_time<?
2026-06-20 13:05:51 [scheduling-1] INFO  c.p.b.m.aspect.LoggingAspect - [c0d934ca-20e1-4865-b8bb-f312756d9e59] <-- PendingSignupCleanupService.deleteExpiredPendingSignups() | timeMs=1
2026-06-20 13:06:51 [scheduling-1] INFO  c.p.b.m.aspect.LoggingAspect - [cbd1b783-4490-4b81-8632-7fc20350f78a] --> PendingSignupCleanupService.deleteExpiredPendingSignups()
2026-06-20 13:06:51 [scheduling-1] DEBUG org.hibernate.SQL - 
    /* SELECT
        p 
    FROM
        PendingSignup p 
    WHERE
        p.expiryTime < :time */ select
            ps1_0.id,
            ps1_0.email,
            ps1_0.expiry_time,
            ps1_0.otp,
            ps1_0.password,
            ps1_0.username 
        from
            pending_signup ps1_0 
        where
            ps1_0.expiry_time<?
2026-06-20 13:06:51 [scheduling-1] INFO  c.p.b.m.aspect.LoggingAspect - [cbd1b783-4490-4b81-8632-7fc20350f78a] <-- PendingSignupCleanupService.deleteExpiredPendingSignups() | timeMs=0
2026-06-20 13:07:51 [scheduling-1] INFO  c.p.b.m.aspect.LoggingAspect - [cb69bd14-a6a1-4eae-8515-5e743a2671ff] --> PendingSignupCleanupService.deleteExpiredPendingSignups()
2026-06-20 13:07:51 [scheduling-1] DEBUG org.hibernate.SQL - 
    /* SELECT
        p 
    FROM
        PendingSignup p 
    WHERE
        p.expiryTime < :time */ select
            ps1_0.id,
            ps1_0.email,
            ps1_0.expiry_time,
            ps1_0.otp,
            ps1_0.password,
            ps1_0.username 
        from
            pending_signup ps1_0 
        where
            ps1_0.expiry_time<?
2026-06-20 13:07:51 [scheduling-1] INFO  c.p.b.m.aspect.LoggingAspect - [cb69bd14-a6a1-4eae-8515-5e743a2671ff] <-- PendingSignupCleanupService.deleteExpiredPendingSignups() | timeMs=0
2026-06-20 13:08:51 [scheduling-1] INFO  c.p.b.m.aspect.LoggingAspect - [e229c060-210a-47d6-96f9-f8ec7bb12a68] --> PendingSignupCleanupService.deleteExpiredPendingSignups()
2026-06-20 13:08:51 [scheduling-1] DEBUG org.hibernate.SQL - 
    /* SELECT
        p 
    FROM
        PendingSignup p 
    WHERE
        p.expiryTime < :time */ select
            ps1_0.id,
            ps1_0.email,
            ps1_0.expiry_time,
            ps1_0.otp,
            ps1_0.password,
            ps1_0.username 
        from
            pending_signup ps1_0 
        where
            ps1_0.expiry_time<?
2026-06-20 13:08:51 [scheduling-1] INFO  c.p.b.m.aspect.LoggingAspect - [e229c060-210a-47d6-96f9-f8ec7bb12a68] <-- PendingSignupCleanupService.deleteExpiredPendingSignups() | timeMs=0
2026-06-20 13:09:51 [scheduling-1] INFO  c.p.b.m.aspect.LoggingAspect - [7d9a5f99-313a-4764-ac1f-d7fdfe369433] --> PendingSignupCleanupService.deleteExpiredPendingSignups()
2026-06-20 13:09:51 [scheduling-1] DEBUG org.hibernate.SQL - 
    /* SELECT
        p 
    FROM
        PendingSignup p 
    WHERE
        p.expiryTime < :time */ select
            ps1_0.id,
            ps1_0.email,
            ps1_0.expiry_time,
            ps1_0.otp,
            ps1_0.password,
            ps1_0.username 
        from
            pending_signup ps1_0 
        where
            ps1_0.expiry_time<?
2026-06-20 13:09:51 [scheduling-1] INFO  c.p.b.m.aspect.LoggingAspect - [7d9a5f99-313a-4764-ac1f-d7fdfe369433] <-- PendingSignupCleanupService.deleteExpiredPendingSignups() | timeMs=0
2026-06-20 13:10:51 [scheduling-1] INFO  c.p.b.m.aspect.LoggingAspect - [d1600932-65c0-43cb-8775-314d4f3eca05] --> PendingSignupCleanupService.deleteExpiredPendingSignups()
2026-06-20 13:10:51 [scheduling-1] DEBUG org.hibernate.SQL - 
    /* SELECT
        p 
    FROM
        PendingSignup p 
    WHERE
        p.expiryTime < :time */ select
            ps1_0.id,
            ps1_0.email,
            ps1_0.expiry_time,
            ps1_0.otp,
            ps1_0.password,
            ps1_0.username 
        from
            pending_signup ps1_0 
        where
            ps1_0.expiry_time<?
2026-06-20 13:10:51 [scheduling-1] INFO  c.p.b.m.aspect.LoggingAspect - [d1600932-65c0-43cb-8775-314d4f3eca05] <-- PendingSignupCleanupService.deleteExpiredPendingSignups() | timeMs=1
2026-06-20 13:11:51 [scheduling-1] INFO  c.p.b.m.aspect.LoggingAspect - [42f535f5-94e1-41ab-b814-d59d09604bf5] --> PendingSignupCleanupService.deleteExpiredPendingSignups()
2026-06-20 13:11:51 [scheduling-1] DEBUG org.hibernate.SQL - 
    /* SELECT
        p 
    FROM
        PendingSignup p 
    WHERE
        p.expiryTime < :time */ select
            ps1_0.id,
            ps1_0.email,
            ps1_0.expiry_time,
            ps1_0.otp,
            ps1_0.password,
            ps1_0.username 
        from
            pending_signup ps1_0 
        where
            ps1_0.expiry_time<?
2026-06-20 13:11:51 [scheduling-1] INFO  c.p.b.m.aspect.LoggingAspect - [42f535f5-94e1-41ab-b814-d59d09604bf5] <-- PendingSignupCleanupService.deleteExpiredPendingSignups() | timeMs=0
2026-06-20 13:12:51 [scheduling-1] INFO  c.p.b.m.aspect.LoggingAspect - [6944e82e-d396-4c36-86af-6153ccf2df44] --> PendingSignupCleanupService.deleteExpiredPendingSignups()
2026-06-20 13:12:51 [scheduling-1] DEBUG org.hibernate.SQL - 
    /* SELECT
        p 
    FROM
        PendingSignup p 
    WHERE
        p.expiryTime < :time */ select
            ps1_0.id,
            ps1_0.email,
            ps1_0.expiry_time,
            ps1_0.otp,
            ps1_0.password,
            ps1_0.username 
        from
            pending_signup ps1_0 
        where
            ps1_0.expiry_time<?
2026-06-20 13:12:51 [scheduling-1] INFO  c.p.b.m.aspect.LoggingAspect - [6944e82e-d396-4c36-86af-6153ccf2df44] <-- PendingSignupCleanupService.deleteExpiredPendingSignups() | timeMs=0
2026-06-20 13:13:51 [scheduling-1] INFO  c.p.b.m.aspect.LoggingAspect - [d16b1c57-5abf-45f4-a9b9-4028d990e10a] --> PendingSignupCleanupService.deleteExpiredPendingSignups()
2026-06-20 13:13:51 [scheduling-1] DEBUG org.hibernate.SQL - 
    /* SELECT
        p 
    FROM
        PendingSignup p 
    WHERE
        p.expiryTime < :time */ select
            ps1_0.id,
            ps1_0.email,
            ps1_0.expiry_time,
            ps1_0.otp,
            ps1_0.password,
            ps1_0.username 
        from
            pending_signup ps1_0 
        where
            ps1_0.expiry_time<?
2026-06-20 13:13:51 [scheduling-1] INFO  c.p.b.m.aspect.LoggingAspect - [d16b1c57-5abf-45f4-a9b9-4028d990e10a] <-- PendingSignupCleanupService.deleteExpiredPendingSignups() | timeMs=0
2026-06-20 13:14:51 [scheduling-1] INFO  c.p.b.m.aspect.LoggingAspect - [fa02fdec-f30d-4b75-8ff8-36c700ce7ea8] --> PendingSignupCleanupService.deleteExpiredPendingSignups()
2026-06-20 13:14:51 [scheduling-1] DEBUG org.hibernate.SQL - 
    /* SELECT
        p 
    FROM
        PendingSignup p 
    WHERE
        p.expiryTime < :time */ select
            ps1_0.id,
            ps1_0.email,
            ps1_0.expiry_time,
            ps1_0.otp,
            ps1_0.password,
            ps1_0.username 
        from
            pending_signup ps1_0 
        where
            ps1_0.expiry_time<?
2026-06-20 13:14:51 [scheduling-1] INFO  c.p.b.m.aspect.LoggingAspect - [fa02fdec-f30d-4b75-8ff8-36c700ce7ea8] <-- PendingSignupCleanupService.deleteExpiredPendingSignups() | timeMs=0
2026-06-20 13:15:51 [scheduling-1] INFO  c.p.b.m.aspect.LoggingAspect - [3ecab9d6-dff9-4b47-a91b-5c673135c698] --> PendingSignupCleanupService.deleteExpiredPendingSignups()
2026-06-20 13:15:51 [scheduling-1] DEBUG org.hibernate.SQL - 
    /* SELECT
        p 
    FROM
        PendingSignup p 
    WHERE
        p.expiryTime < :time */ select
            ps1_0.id,
            ps1_0.email,
            ps1_0.expiry_time,
            ps1_0.otp,
            ps1_0.password,
            ps1_0.username 
        from
            pending_signup ps1_0 
        where
            ps1_0.expiry_time<?
2026-06-20 13:15:51 [scheduling-1] INFO  c.p.b.m.aspect.LoggingAspect - [3ecab9d6-dff9-4b47-a91b-5c673135c698] <-- PendingSignupCleanupService.deleteExpiredPendingSignups() | timeMs=0
2026-06-20 13:16:51 [scheduling-1] INFO  c.p.b.m.aspect.LoggingAspect - [c4d03edc-b8a4-4557-9c36-15656591c439] --> PendingSignupCleanupService.deleteExpiredPendingSignups()
2026-06-20 13:16:51 [scheduling-1] DEBUG org.hibernate.SQL - 
    /* SELECT
        p 
    FROM
        PendingSignup p 
    WHERE
        p.expiryTime < :time */ select
            ps1_0.id,
            ps1_0.email,
            ps1_0.expiry_time,
            ps1_0.otp,
            ps1_0.password,
            ps1_0.username 
        from
            pending_signup ps1_0 
        where
            ps1_0.expiry_time<?
2026-06-20 13:16:51 [scheduling-1] INFO  c.p.b.m.aspect.LoggingAspect - [c4d03edc-b8a4-4557-9c36-15656591c439] <-- PendingSignupCleanupService.deleteExpiredPendingSignups() | timeMs=0
2026-06-20 13:17:51 [scheduling-1] INFO  c.p.b.m.aspect.LoggingAspect - [f19e3c82-d1bd-4437-893e-4831ce667928] --> PendingSignupCleanupService.deleteExpiredPendingSignups()
2026-06-20 13:17:51 [scheduling-1] DEBUG org.hibernate.SQL - 
    /* SELECT
        p 
    FROM
        PendingSignup p 
    WHERE
        p.expiryTime < :time */ select
            ps1_0.id,
            ps1_0.email,
            ps1_0.expiry_time,
            ps1_0.otp,
            ps1_0.password,
            ps1_0.username 
        from
            pending_signup ps1_0 
        where
            ps1_0.expiry_time<?
2026-06-20 13:17:51 [scheduling-1] INFO  c.p.b.m.aspect.LoggingAspect - [f19e3c82-d1bd-4437-893e-4831ce667928] <-- PendingSignupCleanupService.deleteExpiredPendingSignups() | timeMs=0
2026-06-20 13:18:51 [scheduling-1] INFO  c.p.b.m.aspect.LoggingAspect - [8324864d-b48a-4fd8-88c0-e748bf9db5e7] --> PendingSignupCleanupService.deleteExpiredPendingSignups()
2026-06-20 13:18:51 [scheduling-1] DEBUG org.hibernate.SQL - 
    /* SELECT
        p 
    FROM
        PendingSignup p 
    WHERE
        p.expiryTime < :time */ select
            ps1_0.id,
            ps1_0.email,
            ps1_0.expiry_time,
            ps1_0.otp,
            ps1_0.password,
            ps1_0.username 
        from
            pending_signup ps1_0 
        where
            ps1_0.expiry_time<?
2026-06-20 13:18:51 [scheduling-1] INFO  c.p.b.m.aspect.LoggingAspect - [8324864d-b48a-4fd8-88c0-e748bf9db5e7] <-- PendingSignupCleanupService.deleteExpiredPendingSignups() | timeMs=0
2026-06-20 13:19:51 [scheduling-1] INFO  c.p.b.m.aspect.LoggingAspect - [3eb98dc8-4cef-41d4-9ea0-c58614a4118f] --> PendingSignupCleanupService.deleteExpiredPendingSignups()
2026-06-20 13:19:51 [scheduling-1] DEBUG org.hibernate.SQL - 
    /* SELECT
        p 
    FROM
        PendingSignup p 
    WHERE
        p.expiryTime < :time */ select
            ps1_0.id,
            ps1_0.email,
            ps1_0.expiry_time,
            ps1_0.otp,
            ps1_0.password,
            ps1_0.username 
        from
            pending_signup ps1_0 
        where
            ps1_0.expiry_time<?
2026-06-20 13:19:51 [scheduling-1] INFO  c.p.b.m.aspect.LoggingAspect - [3eb98dc8-4cef-41d4-9ea0-c58614a4118f] <-- PendingSignupCleanupService.deleteExpiredPendingSignups() | timeMs=0
2026-06-20 13:20:51 [scheduling-1] INFO  c.p.b.m.aspect.LoggingAspect - [e4e4a064-5f7a-447e-b4d7-560c3095e8b9] --> PendingSignupCleanupService.deleteExpiredPendingSignups()
2026-06-20 13:20:51 [scheduling-1] DEBUG org.hibernate.SQL - 
    /* SELECT
        p 
    FROM
        PendingSignup p 
    WHERE
        p.expiryTime < :time */ select
            ps1_0.id,
            ps1_0.email,
            ps1_0.expiry_time,
            ps1_0.otp,
            ps1_0.password,
            ps1_0.username 
        from
            pending_signup ps1_0 
        where
            ps1_0.expiry_time<?
2026-06-20 13:20:51 [scheduling-1] INFO  c.p.b.m.aspect.LoggingAspect - [e4e4a064-5f7a-447e-b4d7-560c3095e8b9] <-- PendingSignupCleanupService.deleteExpiredPendingSignups() | timeMs=0
2026-06-20 13:21:51 [scheduling-1] INFO  c.p.b.m.aspect.LoggingAspect - [18809073-4671-426a-9945-e12231181c32] --> PendingSignupCleanupService.deleteExpiredPendingSignups()
2026-06-20 13:21:51 [scheduling-1] DEBUG org.hibernate.SQL - 
    /* SELECT
        p 
    FROM
        PendingSignup p 
    WHERE
        p.expiryTime < :time */ select
            ps1_0.id,
            ps1_0.email,
            ps1_0.expiry_time,
            ps1_0.otp,
            ps1_0.password,
            ps1_0.username 
        from
            pending_signup ps1_0 
        where
            ps1_0.expiry_time<?
2026-06-20 13:21:51 [scheduling-1] INFO  c.p.b.m.aspect.LoggingAspect - [18809073-4671-426a-9945-e12231181c32] <-- PendingSignupCleanupService.deleteExpiredPendingSignups() | timeMs=1
2026-06-20 13:22:51 [scheduling-1] INFO  c.p.b.m.aspect.LoggingAspect - [60f09825-1bc2-42c6-8421-7edeb6fa326f] --> PendingSignupCleanupService.deleteExpiredPendingSignups()
2026-06-20 13:22:51 [scheduling-1] DEBUG org.hibernate.SQL - 
    /* SELECT
        p 
    FROM
        PendingSignup p 
    WHERE
        p.expiryTime < :time */ select
            ps1_0.id,
            ps1_0.email,
            ps1_0.expiry_time,
            ps1_0.otp,
            ps1_0.password,
            ps1_0.username 
        from
            pending_signup ps1_0 
        where
            ps1_0.expiry_time<?
2026-06-20 13:22:51 [scheduling-1] INFO  c.p.b.m.aspect.LoggingAspect - [60f09825-1bc2-42c6-8421-7edeb6fa326f] <-- PendingSignupCleanupService.deleteExpiredPendingSignups() | timeMs=0
2026-06-20 13:23:51 [scheduling-1] INFO  c.p.b.m.aspect.LoggingAspect - [490e015b-e770-4289-9776-8a39f1098e3a] --> PendingSignupCleanupService.deleteExpiredPendingSignups()
2026-06-20 13:23:51 [scheduling-1] DEBUG org.hibernate.SQL - 
    /* SELECT
        p 
    FROM
        PendingSignup p 
    WHERE
        p.expiryTime < :time */ select
            ps1_0.id,
            ps1_0.email,
            ps1_0.expiry_time,
            ps1_0.otp,
            ps1_0.password,
            ps1_0.username 
        from
            pending_signup ps1_0 
        where
            ps1_0.expiry_time<?
2026-06-20 13:23:51 [scheduling-1] INFO  c.p.b.m.aspect.LoggingAspect - [490e015b-e770-4289-9776-8a39f1098e3a] <-- PendingSignupCleanupService.deleteExpiredPendingSignups() | timeMs=1
2026-06-20 13:24:51 [scheduling-1] INFO  c.p.b.m.aspect.LoggingAspect - [aeb1d9d7-1e1f-415c-9bd6-248e6c6281e0] --> PendingSignupCleanupService.deleteExpiredPendingSignups()
2026-06-20 13:24:51 [scheduling-1] DEBUG org.hibernate.SQL - 
    /* SELECT
        p 
    FROM
        PendingSignup p 
    WHERE
        p.expiryTime < :time */ select
            ps1_0.id,
            ps1_0.email,
            ps1_0.expiry_time,
            ps1_0.otp,
            ps1_0.password,
            ps1_0.username 
        from
            pending_signup ps1_0 
        where
            ps1_0.expiry_time<?
2026-06-20 13:24:51 [scheduling-1] INFO  c.p.b.m.aspect.LoggingAspect - [aeb1d9d7-1e1f-415c-9bd6-248e6c6281e0] <-- PendingSignupCleanupService.deleteExpiredPendingSignups() | timeMs=1
2026-06-20 13:25:51 [scheduling-1] INFO  c.p.b.m.aspect.LoggingAspect - [d0c3f5a8-bb59-42cb-b649-85f54e769a52] --> PendingSignupCleanupService.deleteExpiredPendingSignups()
2026-06-20 13:25:51 [scheduling-1] DEBUG org.hibernate.SQL - 
    /* SELECT
        p 
    FROM
        PendingSignup p 
    WHERE
        p.expiryTime < :time */ select
            ps1_0.id,
            ps1_0.email,
            ps1_0.expiry_time,
            ps1_0.otp,
            ps1_0.password,
            ps1_0.username 
        from
            pending_signup ps1_0 
        where
            ps1_0.expiry_time<?
2026-06-20 13:25:51 [scheduling-1] INFO  c.p.b.m.aspect.LoggingAspect - [d0c3f5a8-bb59-42cb-b649-85f54e769a52] <-- PendingSignupCleanupService.deleteExpiredPendingSignups() | timeMs=0
2026-06-20 13:26:51 [scheduling-1] INFO  c.p.b.m.aspect.LoggingAspect - [89a85fe0-25de-4809-94cb-2a6e121dfdf3] --> PendingSignupCleanupService.deleteExpiredPendingSignups()
2026-06-20 13:26:51 [scheduling-1] DEBUG org.hibernate.SQL - 
    /* SELECT
        p 
    FROM
        PendingSignup p 
    WHERE
        p.expiryTime < :time */ select
            ps1_0.id,
            ps1_0.email,
            ps1_0.expiry_time,
            ps1_0.otp,
            ps1_0.password,
            ps1_0.username 
        from
            pending_signup ps1_0 
        where
            ps1_0.expiry_time<?
2026-06-20 13:26:51 [scheduling-1] INFO  c.p.b.m.aspect.LoggingAspect - [89a85fe0-25de-4809-94cb-2a6e121dfdf3] <-- PendingSignupCleanupService.deleteExpiredPendingSignups() | timeMs=0
2026-06-20 13:27:51 [scheduling-1] INFO  c.p.b.m.aspect.LoggingAspect - [99eef0af-e81d-458f-8579-72c25036ce80] --> PendingSignupCleanupService.deleteExpiredPendingSignups()
2026-06-20 13:27:51 [scheduling-1] DEBUG org.hibernate.SQL - 
    /* SELECT
        p 
    FROM
        PendingSignup p 
    WHERE
        p.expiryTime < :time */ select
            ps1_0.id,
            ps1_0.email,
            ps1_0.expiry_time,
            ps1_0.otp,
            ps1_0.password,
            ps1_0.username 
        from
            pending_signup ps1_0 
        where
            ps1_0.expiry_time<?
2026-06-20 13:27:51 [scheduling-1] INFO  c.p.b.m.aspect.LoggingAspect - [99eef0af-e81d-458f-8579-72c25036ce80] <-- PendingSignupCleanupService.deleteExpiredPendingSignups() | timeMs=0
2026-06-20 13:28:51 [scheduling-1] INFO  c.p.b.m.aspect.LoggingAspect - [2a89c7e6-9df0-47c2-8f12-3263bf643b8d] --> PendingSignupCleanupService.deleteExpiredPendingSignups()
2026-06-20 13:28:51 [scheduling-1] DEBUG org.hibernate.SQL - 
    /* SELECT
        p 
    FROM
        PendingSignup p 
    WHERE
        p.expiryTime < :time */ select
            ps1_0.id,
            ps1_0.email,
            ps1_0.expiry_time,
            ps1_0.otp,
            ps1_0.password,
            ps1_0.username 
        from
            pending_signup ps1_0 
        where
            ps1_0.expiry_time<?
2026-06-20 13:28:51 [scheduling-1] INFO  c.p.b.m.aspect.LoggingAspect - [2a89c7e6-9df0-47c2-8f12-3263bf643b8d] <-- PendingSignupCleanupService.deleteExpiredPendingSignups() | timeMs=0
2026-06-20 13:29:51 [scheduling-1] INFO  c.p.b.m.aspect.LoggingAspect - [9b087a2c-d3ed-4dea-aad9-c5ea0b5075be] --> PendingSignupCleanupService.deleteExpiredPendingSignups()
2026-06-20 13:29:51 [scheduling-1] DEBUG org.hibernate.SQL - 
    /* SELECT
        p 
    FROM
        PendingSignup p 
    WHERE
        p.expiryTime < :time */ select
            ps1_0.id,
            ps1_0.email,
            ps1_0.expiry_time,
            ps1_0.otp,
            ps1_0.password,
            ps1_0.username 
        from
            pending_signup ps1_0 
        where
            ps1_0.expiry_time<?
2026-06-20 13:29:51 [scheduling-1] INFO  c.p.b.m.aspect.LoggingAspect - [9b087a2c-d3ed-4dea-aad9-c5ea0b5075be] <-- PendingSignupCleanupService.deleteExpiredPendingSignups() | timeMs=0
2026-06-20 13:30:51 [scheduling-1] INFO  c.p.b.m.aspect.LoggingAspect - [3207bc54-8f3a-4c9f-8ffa-0b1159827ed8] --> PendingSignupCleanupService.deleteExpiredPendingSignups()
2026-06-20 13:30:51 [scheduling-1] DEBUG org.hibernate.SQL - 
    /* SELECT
        p 
    FROM
        PendingSignup p 
    WHERE
        p.expiryTime < :time */ select
            ps1_0.id,
            ps1_0.email,
            ps1_0.expiry_time,
            ps1_0.otp,
            ps1_0.password,
            ps1_0.username 
        from
            pending_signup ps1_0 
        where
            ps1_0.expiry_time<?
2026-06-20 13:30:51 [scheduling-1] INFO  c.p.b.m.aspect.LoggingAspect - [3207bc54-8f3a-4c9f-8ffa-0b1159827ed8] <-- PendingSignupCleanupService.deleteExpiredPendingSignups() | timeMs=0
2026-06-20 13:31:51 [scheduling-1] INFO  c.p.b.m.aspect.LoggingAspect - [e5065399-41f2-4d75-8750-42ac61c2e252] --> PendingSignupCleanupService.deleteExpiredPendingSignups()
2026-06-20 13:31:51 [scheduling-1] DEBUG org.hibernate.SQL - 
    /* SELECT
        p 
    FROM
        PendingSignup p 
    WHERE
        p.expiryTime < :time */ select
            ps1_0.id,
            ps1_0.email,
            ps1_0.expiry_time,
            ps1_0.otp,
            ps1_0.password,
            ps1_0.username 
        from
            pending_signup ps1_0 
        where
            ps1_0.expiry_time<?
2026-06-20 13:31:51 [scheduling-1] INFO  c.p.b.m.aspect.LoggingAspect - [e5065399-41f2-4d75-8750-42ac61c2e252] <-- PendingSignupCleanupService.deleteExpiredPendingSignups() | timeMs=0
2026-06-20 13:32:51 [scheduling-1] INFO  c.p.b.m.aspect.LoggingAspect - [2322ef55-184c-42d6-885f-542333702f5b] --> PendingSignupCleanupService.deleteExpiredPendingSignups()
2026-06-20 13:32:51 [scheduling-1] DEBUG org.hibernate.SQL - 
    /* SELECT
        p 
    FROM
        PendingSignup p 
    WHERE
        p.expiryTime < :time */ select
            ps1_0.id,
            ps1_0.email,
            ps1_0.expiry_time,
            ps1_0.otp,
            ps1_0.password,
            ps1_0.username 
        from
            pending_signup ps1_0 
        where
            ps1_0.expiry_time<?
2026-06-20 13:32:51 [scheduling-1] INFO  c.p.b.m.aspect.LoggingAspect - [2322ef55-184c-42d6-885f-542333702f5b] <-- PendingSignupCleanupService.deleteExpiredPendingSignups() | timeMs=0
2026-06-20 13:33:51 [scheduling-1] INFO  c.p.b.m.aspect.LoggingAspect - [dff389e4-de75-473d-9966-3c63d8be4d67] --> PendingSignupCleanupService.deleteExpiredPendingSignups()
2026-06-20 13:33:51 [scheduling-1] DEBUG org.hibernate.SQL - 
    /* SELECT
        p 
    FROM
        PendingSignup p 
    WHERE
        p.expiryTime < :time */ select
            ps1_0.id,
            ps1_0.email,
            ps1_0.expiry_time,
            ps1_0.otp,
            ps1_0.password,
            ps1_0.username 
        from
            pending_signup ps1_0 
        where
            ps1_0.expiry_time<?
2026-06-20 13:33:51 [scheduling-1] INFO  c.p.b.m.aspect.LoggingAspect - [dff389e4-de75-473d-9966-3c63d8be4d67] <-- PendingSignupCleanupService.deleteExpiredPendingSignups() | timeMs=0
2026-06-20 13:34:51 [scheduling-1] INFO  c.p.b.m.aspect.LoggingAspect - [a266af09-21ad-421a-9ecf-f3e68fb621a5] --> PendingSignupCleanupService.deleteExpiredPendingSignups()
2026-06-20 13:34:51 [scheduling-1] DEBUG org.hibernate.SQL - 
    /* SELECT
        p 
    FROM
        PendingSignup p 
    WHERE
        p.expiryTime < :time */ select
            ps1_0.id,
            ps1_0.email,
            ps1_0.expiry_time,
            ps1_0.otp,
            ps1_0.password,
            ps1_0.username 
        from
            pending_signup ps1_0 
        where
            ps1_0.expiry_time<?
2026-06-20 13:34:51 [scheduling-1] INFO  c.p.b.m.aspect.LoggingAspect - [a266af09-21ad-421a-9ecf-f3e68fb621a5] <-- PendingSignupCleanupService.deleteExpiredPendingSignups() | timeMs=0
2026-06-20 13:35:51 [scheduling-1] INFO  c.p.b.m.aspect.LoggingAspect - [fe8c419d-fa19-4c19-8cab-f7e0f785df94] --> PendingSignupCleanupService.deleteExpiredPendingSignups()
2026-06-20 13:35:51 [scheduling-1] DEBUG org.hibernate.SQL - 
    /* SELECT
        p 
    FROM
        PendingSignup p 
    WHERE
        p.expiryTime < :time */ select
            ps1_0.id,
            ps1_0.email,
            ps1_0.expiry_time,
            ps1_0.otp,
            ps1_0.password,
            ps1_0.username 
        from
            pending_signup ps1_0 
        where
            ps1_0.expiry_time<?
2026-06-20 13:35:51 [scheduling-1] INFO  c.p.b.m.aspect.LoggingAspect - [fe8c419d-fa19-4c19-8cab-f7e0f785df94] <-- PendingSignupCleanupService.deleteExpiredPendingSignups() | timeMs=0
2026-06-20 13:36:51 [scheduling-1] INFO  c.p.b.m.aspect.LoggingAspect - [405f4749-8d53-4d70-a6a6-7982fbfb9a7d] --> PendingSignupCleanupService.deleteExpiredPendingSignups()
2026-06-20 13:36:51 [scheduling-1] DEBUG org.hibernate.SQL - 
    /* SELECT
        p 
    FROM
        PendingSignup p 
    WHERE
        p.expiryTime < :time */ select
            ps1_0.id,
            ps1_0.email,
            ps1_0.expiry_time,
            ps1_0.otp,
            ps1_0.password,
            ps1_0.username 
        from
            pending_signup ps1_0 
        where
            ps1_0.expiry_time<?
2026-06-20 13:36:51 [scheduling-1] INFO  c.p.b.m.aspect.LoggingAspect - [405f4749-8d53-4d70-a6a6-7982fbfb9a7d] <-- PendingSignupCleanupService.deleteExpiredPendingSignups() | timeMs=0
2026-06-20 13:37:51 [scheduling-1] INFO  c.p.b.m.aspect.LoggingAspect - [72686661-3a28-4447-b158-756e14513371] --> PendingSignupCleanupService.deleteExpiredPendingSignups()
2026-06-20 13:37:51 [scheduling-1] DEBUG org.hibernate.SQL - 
    /* SELECT
        p 
    FROM
        PendingSignup p 
    WHERE
        p.expiryTime < :time */ select
            ps1_0.id,
            ps1_0.email,
            ps1_0.expiry_time,
            ps1_0.otp,
            ps1_0.password,
            ps1_0.username 
        from
            pending_signup ps1_0 
        where
            ps1_0.expiry_time<?
2026-06-20 13:37:51 [scheduling-1] INFO  c.p.b.m.aspect.LoggingAspect - [72686661-3a28-4447-b158-756e14513371] <-- PendingSignupCleanupService.deleteExpiredPendingSignups() | timeMs=0
2026-06-20 13:38:51 [scheduling-1] INFO  c.p.b.m.aspect.LoggingAspect - [f2af117a-5711-45e3-9570-fb6dfdf4fd33] --> PendingSignupCleanupService.deleteExpiredPendingSignups()
2026-06-20 13:38:51 [scheduling-1] DEBUG org.hibernate.SQL - 
    /* SELECT
        p 
    FROM
        PendingSignup p 
    WHERE
        p.expiryTime < :time */ select
            ps1_0.id,
            ps1_0.email,
            ps1_0.expiry_time,
            ps1_0.otp,
            ps1_0.password,
            ps1_0.username 
        from
            pending_signup ps1_0 
        where
            ps1_0.expiry_time<?
2026-06-20 13:38:51 [scheduling-1] INFO  c.p.b.m.aspect.LoggingAspect - [f2af117a-5711-45e3-9570-fb6dfdf4fd33] <-- PendingSignupCleanupService.deleteExpiredPendingSignups() | timeMs=0
2026-06-20 13:39:51 [scheduling-1] INFO  c.p.b.m.aspect.LoggingAspect - [8caf73f7-7e15-4c5c-8036-046cc3c2e899] --> PendingSignupCleanupService.deleteExpiredPendingSignups()
2026-06-20 13:39:51 [scheduling-1] DEBUG org.hibernate.SQL - 
    /* SELECT
        p 
    FROM
        PendingSignup p 
    WHERE
        p.expiryTime < :time */ select
            ps1_0.id,
            ps1_0.email,
            ps1_0.expiry_time,
            ps1_0.otp,
            ps1_0.password,
            ps1_0.username 
        from
            pending_signup ps1_0 
        where
            ps1_0.expiry_time<?
2026-06-20 13:39:51 [scheduling-1] INFO  c.p.b.m.aspect.LoggingAspect - [8caf73f7-7e15-4c5c-8036-046cc3c2e899] <-- PendingSignupCleanupService.deleteExpiredPendingSignups() | timeMs=0
2026-06-20 13:40:51 [scheduling-1] INFO  c.p.b.m.aspect.LoggingAspect - [b3fab55a-33f9-4032-8fac-0e33d4b9a4d6] --> PendingSignupCleanupService.deleteExpiredPendingSignups()
2026-06-20 13:40:51 [scheduling-1] DEBUG org.hibernate.SQL - 
    /* SELECT
        p 
    FROM
        PendingSignup p 
    WHERE
        p.expiryTime < :time */ select
            ps1_0.id,
            ps1_0.email,
            ps1_0.expiry_time,
            ps1_0.otp,
            ps1_0.password,
            ps1_0.username 
        from
            pending_signup ps1_0 
        where
            ps1_0.expiry_time<?
2026-06-20 13:40:51 [scheduling-1] INFO  c.p.b.m.aspect.LoggingAspect - [b3fab55a-33f9-4032-8fac-0e33d4b9a4d6] <-- PendingSignupCleanupService.deleteExpiredPendingSignups() | timeMs=0
2026-06-20 13:41:51 [scheduling-1] INFO  c.p.b.m.aspect.LoggingAspect - [c33f9a87-e106-4245-83c2-17d5e8a292e8] --> PendingSignupCleanupService.deleteExpiredPendingSignups()
2026-06-20 13:41:51 [scheduling-1] DEBUG org.hibernate.SQL - 
    /* SELECT
        p 
    FROM
        PendingSignup p 
    WHERE
        p.expiryTime < :time */ select
            ps1_0.id,
            ps1_0.email,
            ps1_0.expiry_time,
            ps1_0.otp,
            ps1_0.password,
            ps1_0.username 
        from
            pending_signup ps1_0 
        where
            ps1_0.expiry_time<?
2026-06-20 13:41:51 [scheduling-1] INFO  c.p.b.m.aspect.LoggingAspect - [c33f9a87-e106-4245-83c2-17d5e8a292e8] <-- PendingSignupCleanupService.deleteExpiredPendingSignups() | timeMs=0
2026-06-20 13:42:51 [scheduling-1] INFO  c.p.b.m.aspect.LoggingAspect - [39ac942c-b4be-4e75-b74e-05e37b2d337c] --> PendingSignupCleanupService.deleteExpiredPendingSignups()
2026-06-20 13:42:51 [scheduling-1] DEBUG org.hibernate.SQL - 
    /* SELECT
        p 
    FROM
        PendingSignup p 
    WHERE
        p.expiryTime < :time */ select
            ps1_0.id,
            ps1_0.email,
            ps1_0.expiry_time,
            ps1_0.otp,
            ps1_0.password,
            ps1_0.username 
        from
            pending_signup ps1_0 
        where
            ps1_0.expiry_time<?
2026-06-20 13:42:51 [scheduling-1] INFO  c.p.b.m.aspect.LoggingAspect - [39ac942c-b4be-4e75-b74e-05e37b2d337c] <-- PendingSignupCleanupService.deleteExpiredPendingSignups() | timeMs=0
2026-06-20 13:43:51 [scheduling-1] INFO  c.p.b.m.aspect.LoggingAspect - [9262c579-ed91-407c-a23b-bb687da0e755] --> PendingSignupCleanupService.deleteExpiredPendingSignups()
2026-06-20 13:43:51 [scheduling-1] DEBUG org.hibernate.SQL - 
    /* SELECT
        p 
    FROM
        PendingSignup p 
    WHERE
        p.expiryTime < :time */ select
            ps1_0.id,
            ps1_0.email,
            ps1_0.expiry_time,
            ps1_0.otp,
            ps1_0.password,
            ps1_0.username 
        from
            pending_signup ps1_0 
        where
            ps1_0.expiry_time<?
2026-06-20 13:43:51 [scheduling-1] INFO  c.p.b.m.aspect.LoggingAspect - [9262c579-ed91-407c-a23b-bb687da0e755] <-- PendingSignupCleanupService.deleteExpiredPendingSignups() | timeMs=0
2026-06-20 13:44:51 [scheduling-1] INFO  c.p.b.m.aspect.LoggingAspect - [17471325-70d7-48c1-8702-fcb135abf52f] --> PendingSignupCleanupService.deleteExpiredPendingSignups()
2026-06-20 13:44:51 [scheduling-1] DEBUG org.hibernate.SQL - 
    /* SELECT
        p 
    FROM
        PendingSignup p 
    WHERE
        p.expiryTime < :time */ select
            ps1_0.id,
            ps1_0.email,
            ps1_0.expiry_time,
            ps1_0.otp,
            ps1_0.password,
            ps1_0.username 
        from
            pending_signup ps1_0 
        where
            ps1_0.expiry_time<?
2026-06-20 13:44:51 [scheduling-1] INFO  c.p.b.m.aspect.LoggingAspect - [17471325-70d7-48c1-8702-fcb135abf52f] <-- PendingSignupCleanupService.deleteExpiredPendingSignups() | timeMs=0
2026-06-20 13:45:51 [scheduling-1] INFO  c.p.b.m.aspect.LoggingAspect - [d12474dd-64b8-48f6-9576-f42cd8a5d36a] --> PendingSignupCleanupService.deleteExpiredPendingSignups()
2026-06-20 13:45:51 [scheduling-1] DEBUG org.hibernate.SQL - 
    /* SELECT
        p 
    FROM
        PendingSignup p 
    WHERE
        p.expiryTime < :time */ select
            ps1_0.id,
            ps1_0.email,
            ps1_0.expiry_time,
            ps1_0.otp,
            ps1_0.password,
            ps1_0.username 
        from
            pending_signup ps1_0 
        where
            ps1_0.expiry_time<?
2026-06-20 13:45:51 [scheduling-1] INFO  c.p.b.m.aspect.LoggingAspect - [d12474dd-64b8-48f6-9576-f42cd8a5d36a] <-- PendingSignupCleanupService.deleteExpiredPendingSignups() | timeMs=0
2026-06-20 13:46:51 [scheduling-1] INFO  c.p.b.m.aspect.LoggingAspect - [97ba2c90-0fae-46c7-8735-3cba8240b1f4] --> PendingSignupCleanupService.deleteExpiredPendingSignups()
2026-06-20 13:46:51 [scheduling-1] DEBUG org.hibernate.SQL - 
    /* SELECT
        p 
    FROM
        PendingSignup p 
    WHERE
        p.expiryTime < :time */ select
            ps1_0.id,
            ps1_0.email,
            ps1_0.expiry_time,
            ps1_0.otp,
            ps1_0.password,
            ps1_0.username 
        from
            pending_signup ps1_0 
        where
            ps1_0.expiry_time<?
2026-06-20 13:46:51 [scheduling-1] INFO  c.p.b.m.aspect.LoggingAspect - [97ba2c90-0fae-46c7-8735-3cba8240b1f4] <-- PendingSignupCleanupService.deleteExpiredPendingSignups() | timeMs=0
2026-06-20 13:47:51 [scheduling-1] INFO  c.p.b.m.aspect.LoggingAspect - [3c8dab2e-b9d1-4861-88b9-0dc855ae4888] --> PendingSignupCleanupService.deleteExpiredPendingSignups()
2026-06-20 13:47:51 [scheduling-1] DEBUG org.hibernate.SQL - 
    /* SELECT
        p 
    FROM
        PendingSignup p 
    WHERE
        p.expiryTime < :time */ select
            ps1_0.id,
            ps1_0.email,
            ps1_0.expiry_time,
            ps1_0.otp,
            ps1_0.password,
            ps1_0.username 
        from
            pending_signup ps1_0 
        where
            ps1_0.expiry_time<?
2026-06-20 13:47:51 [scheduling-1] INFO  c.p.b.m.aspect.LoggingAspect - [3c8dab2e-b9d1-4861-88b9-0dc855ae4888] <-- PendingSignupCleanupService.deleteExpiredPendingSignups() | timeMs=1
2026-06-20 13:48:51 [scheduling-1] INFO  c.p.b.m.aspect.LoggingAspect - [67a3208f-b0d2-401e-beb7-8c981703eee7] --> PendingSignupCleanupService.deleteExpiredPendingSignups()
2026-06-20 13:48:51 [scheduling-1] DEBUG org.hibernate.SQL - 
    /* SELECT
        p 
    FROM
        PendingSignup p 
    WHERE
        p.expiryTime < :time */ select
            ps1_0.id,
            ps1_0.email,
            ps1_0.expiry_time,
            ps1_0.otp,
            ps1_0.password,
            ps1_0.username 
        from
            pending_signup ps1_0 
        where
            ps1_0.expiry_time<?
2026-06-20 13:48:51 [scheduling-1] INFO  c.p.b.m.aspect.LoggingAspect - [67a3208f-b0d2-401e-beb7-8c981703eee7] <-- PendingSignupCleanupService.deleteExpiredPendingSignups() | timeMs=1
2026-06-20 13:49:51 [scheduling-1] INFO  c.p.b.m.aspect.LoggingAspect - [ba700753-8f0c-4ea7-b71e-defc0635e97a] --> PendingSignupCleanupService.deleteExpiredPendingSignups()
2026-06-20 13:49:51 [scheduling-1] DEBUG org.hibernate.SQL - 
    /* SELECT
        p 
    FROM
        PendingSignup p 
    WHERE
        p.expiryTime < :time */ select
            ps1_0.id,
            ps1_0.email,
            ps1_0.expiry_time,
            ps1_0.otp,
            ps1_0.password,
            ps1_0.username 
        from
            pending_signup ps1_0 
        where
            ps1_0.expiry_time<?
2026-06-20 13:49:51 [scheduling-1] INFO  c.p.b.m.aspect.LoggingAspect - [ba700753-8f0c-4ea7-b71e-defc0635e97a] <-- PendingSignupCleanupService.deleteExpiredPendingSignups() | timeMs=0
2026-06-20 13:50:51 [scheduling-1] INFO  c.p.b.m.aspect.LoggingAspect - [440b6fc9-05b6-4155-8dbb-5e2f998144fd] --> PendingSignupCleanupService.deleteExpiredPendingSignups()
2026-06-20 13:50:51 [scheduling-1] DEBUG org.hibernate.SQL - 
    /* SELECT
        p 
    FROM
        PendingSignup p 
    WHERE
        p.expiryTime < :time */ select
            ps1_0.id,
            ps1_0.email,
            ps1_0.expiry_time,
            ps1_0.otp,
            ps1_0.password,
            ps1_0.username 
        from
            pending_signup ps1_0 
        where
            ps1_0.expiry_time<?
2026-06-20 13:50:51 [scheduling-1] INFO  c.p.b.m.aspect.LoggingAspect - [440b6fc9-05b6-4155-8dbb-5e2f998144fd] <-- PendingSignupCleanupService.deleteExpiredPendingSignups() | timeMs=0
2026-06-20 13:51:51 [scheduling-1] INFO  c.p.b.m.aspect.LoggingAspect - [f976a756-912b-439c-9732-485416815000] --> PendingSignupCleanupService.deleteExpiredPendingSignups()
2026-06-20 13:51:51 [scheduling-1] DEBUG org.hibernate.SQL - 
    /* SELECT
        p 
    FROM
        PendingSignup p 
    WHERE
        p.expiryTime < :time */ select
            ps1_0.id,
            ps1_0.email,
            ps1_0.expiry_time,
            ps1_0.otp,
            ps1_0.password,
            ps1_0.username 
        from
            pending_signup ps1_0 
        where
            ps1_0.expiry_time<?
2026-06-20 13:51:51 [scheduling-1] INFO  c.p.b.m.aspect.LoggingAspect - [f976a756-912b-439c-9732-485416815000] <-- PendingSignupCleanupService.deleteExpiredPendingSignups() | timeMs=0
2026-06-20 13:52:51 [scheduling-1] INFO  c.p.b.m.aspect.LoggingAspect - [5c787bb7-d2cd-4816-a8b1-a0a4f441b8a8] --> PendingSignupCleanupService.deleteExpiredPendingSignups()
2026-06-20 13:52:51 [scheduling-1] DEBUG org.hibernate.SQL - 
    /* SELECT
        p 
    FROM
        PendingSignup p 
    WHERE
        p.expiryTime < :time */ select
            ps1_0.id,
            ps1_0.email,
            ps1_0.expiry_time,
            ps1_0.otp,
            ps1_0.password,
            ps1_0.username 
        from
            pending_signup ps1_0 
        where
            ps1_0.expiry_time<?
2026-06-20 13:52:51 [scheduling-1] INFO  c.p.b.m.aspect.LoggingAspect - [5c787bb7-d2cd-4816-a8b1-a0a4f441b8a8] <-- PendingSignupCleanupService.deleteExpiredPendingSignups() | timeMs=0
2026-06-20 13:53:51 [scheduling-1] INFO  c.p.b.m.aspect.LoggingAspect - [1b03e578-b885-4cdc-9671-3ef4bd3563d9] --> PendingSignupCleanupService.deleteExpiredPendingSignups()
2026-06-20 13:53:51 [scheduling-1] DEBUG org.hibernate.SQL - 
    /* SELECT
        p 
    FROM
        PendingSignup p 
    WHERE
        p.expiryTime < :time */ select
            ps1_0.id,
            ps1_0.email,
            ps1_0.expiry_time,
            ps1_0.otp,
            ps1_0.password,
            ps1_0.username 
        from
            pending_signup ps1_0 
        where
            ps1_0.expiry_time<?
2026-06-20 13:53:51 [scheduling-1] INFO  c.p.b.m.aspect.LoggingAspect - [1b03e578-b885-4cdc-9671-3ef4bd3563d9] <-- PendingSignupCleanupService.deleteExpiredPendingSignups() | timeMs=0
2026-06-20 13:54:51 [scheduling-1] INFO  c.p.b.m.aspect.LoggingAspect - [06a11eb1-ba07-4661-900f-aaee97784cb6] --> PendingSignupCleanupService.deleteExpiredPendingSignups()
2026-06-20 13:54:51 [scheduling-1] DEBUG org.hibernate.SQL - 
    /* SELECT
        p 
    FROM
        PendingSignup p 
    WHERE
        p.expiryTime < :time */ select
            ps1_0.id,
            ps1_0.email,
            ps1_0.expiry_time,
            ps1_0.otp,
            ps1_0.password,
            ps1_0.username 
        from
            pending_signup ps1_0 
        where
            ps1_0.expiry_time<?
2026-06-20 13:54:51 [scheduling-1] INFO  c.p.b.m.aspect.LoggingAspect - [06a11eb1-ba07-4661-900f-aaee97784cb6] <-- PendingSignupCleanupService.deleteExpiredPendingSignups() | timeMs=0
2026-06-20 13:55:51 [scheduling-1] INFO  c.p.b.m.aspect.LoggingAspect - [efafcf89-867d-49a8-87b9-4debbb5a6637] --> PendingSignupCleanupService.deleteExpiredPendingSignups()
2026-06-20 13:55:51 [scheduling-1] DEBUG org.hibernate.SQL - 
    /* SELECT
        p 
    FROM
        PendingSignup p 
    WHERE
        p.expiryTime < :time */ select
            ps1_0.id,
            ps1_0.email,
            ps1_0.expiry_time,
            ps1_0.otp,
            ps1_0.password,
            ps1_0.username 
        from
            pending_signup ps1_0 
        where
            ps1_0.expiry_time<?
2026-06-20 13:55:51 [scheduling-1] INFO  c.p.b.m.aspect.LoggingAspect - [efafcf89-867d-49a8-87b9-4debbb5a6637] <-- PendingSignupCleanupService.deleteExpiredPendingSignups() | timeMs=0
2026-06-20 13:56:51 [scheduling-1] INFO  c.p.b.m.aspect.LoggingAspect - [7c802c32-02b8-49aa-b1f4-01b247df1811] --> PendingSignupCleanupService.deleteExpiredPendingSignups()
2026-06-20 13:56:51 [scheduling-1] DEBUG org.hibernate.SQL - 
    /* SELECT
        p 
    FROM
        PendingSignup p 
    WHERE
        p.expiryTime < :time */ select
            ps1_0.id,
            ps1_0.email,
            ps1_0.expiry_time,
            ps1_0.otp,
            ps1_0.password,
            ps1_0.username 
        from
            pending_signup ps1_0 
        where
            ps1_0.expiry_time<?
2026-06-20 13:56:51 [scheduling-1] INFO  c.p.b.m.aspect.LoggingAspect - [7c802c32-02b8-49aa-b1f4-01b247df1811] <-- PendingSignupCleanupService.deleteExpiredPendingSignups() | timeMs=0
2026-06-20 13:57:51 [scheduling-1] INFO  c.p.b.m.aspect.LoggingAspect - [cce403a3-c569-4358-a804-85c077627bbb] --> PendingSignupCleanupService.deleteExpiredPendingSignups()
2026-06-20 13:57:51 [scheduling-1] DEBUG org.hibernate.SQL - 
    /* SELECT
        p 
    FROM
        PendingSignup p 
    WHERE
        p.expiryTime < :time */ select
            ps1_0.id,
            ps1_0.email,
            ps1_0.expiry_time,
            ps1_0.otp,
            ps1_0.password,
            ps1_0.username 
        from
            pending_signup ps1_0 
        where
            ps1_0.expiry_time<?
2026-06-20 13:57:51 [scheduling-1] INFO  c.p.b.m.aspect.LoggingAspect - [cce403a3-c569-4358-a804-85c077627bbb] <-- PendingSignupCleanupService.deleteExpiredPendingSignups() | timeMs=0
2026-06-20 13:58:51 [scheduling-1] INFO  c.p.b.m.aspect.LoggingAspect - [53dbdb01-4f10-4231-a522-ae41bce030f5] --> PendingSignupCleanupService.deleteExpiredPendingSignups()
2026-06-20 13:58:51 [scheduling-1] DEBUG org.hibernate.SQL - 
    /* SELECT
        p 
    FROM
        PendingSignup p 
    WHERE
        p.expiryTime < :time */ select
            ps1_0.id,
            ps1_0.email,
            ps1_0.expiry_time,
            ps1_0.otp,
            ps1_0.password,
            ps1_0.username 
        from
            pending_signup ps1_0 
        where
            ps1_0.expiry_time<?
2026-06-20 13:58:51 [scheduling-1] INFO  c.p.b.m.aspect.LoggingAspect - [53dbdb01-4f10-4231-a522-ae41bce030f5] <-- PendingSignupCleanupService.deleteExpiredPendingSignups() | timeMs=0
2026-06-20 13:59:51 [scheduling-1] INFO  c.p.b.m.aspect.LoggingAspect - [cf5af9b4-a5ab-4515-81e4-bd7235eb9ebc] --> PendingSignupCleanupService.deleteExpiredPendingSignups()
2026-06-20 13:59:51 [scheduling-1] DEBUG org.hibernate.SQL - 
    /* SELECT
        p 
    FROM
        PendingSignup p 
    WHERE
        p.expiryTime < :time */ select
            ps1_0.id,
            ps1_0.email,
            ps1_0.expiry_time,
            ps1_0.otp,
            ps1_0.password,
            ps1_0.username 
        from
            pending_signup ps1_0 
        where
            ps1_0.expiry_time<?
2026-06-20 13:59:51 [scheduling-1] INFO  c.p.b.m.aspect.LoggingAspect - [cf5af9b4-a5ab-4515-81e4-bd7235eb9ebc] <-- PendingSignupCleanupService.deleteExpiredPendingSignups() | timeMs=0
2026-06-20 14:00:51 [scheduling-1] INFO  c.p.b.m.aspect.LoggingAspect - [19e9cbf5-f863-444f-b73d-6c285ccf801d] --> PendingSignupCleanupService.deleteExpiredPendingSignups()
2026-06-20 14:00:51 [scheduling-1] DEBUG org.hibernate.SQL - 
    /* SELECT
        p 
    FROM
        PendingSignup p 
    WHERE
        p.expiryTime < :time */ select
            ps1_0.id,
            ps1_0.email,
            ps1_0.expiry_time,
            ps1_0.otp,
            ps1_0.password,
            ps1_0.username 
        from
            pending_signup ps1_0 
        where
            ps1_0.expiry_time<?
2026-06-20 14:00:51 [scheduling-1] INFO  c.p.b.m.aspect.LoggingAspect - [19e9cbf5-f863-444f-b73d-6c285ccf801d] <-- PendingSignupCleanupService.deleteExpiredPendingSignups() | timeMs=0
2026-06-20 14:01:51 [scheduling-1] INFO  c.p.b.m.aspect.LoggingAspect - [0d6be071-6703-4683-b72e-e1be0ef51fb7] --> PendingSignupCleanupService.deleteExpiredPendingSignups()
2026-06-20 14:01:51 [scheduling-1] DEBUG org.hibernate.SQL - 
    /* SELECT
        p 
    FROM
        PendingSignup p 
    WHERE
        p.expiryTime < :time */ select
            ps1_0.id,
            ps1_0.email,
            ps1_0.expiry_time,
            ps1_0.otp,
            ps1_0.password,
            ps1_0.username 
        from
            pending_signup ps1_0 
        where
            ps1_0.expiry_time<?
2026-06-20 14:01:51 [scheduling-1] INFO  c.p.b.m.aspect.LoggingAspect - [0d6be071-6703-4683-b72e-e1be0ef51fb7] <-- PendingSignupCleanupService.deleteExpiredPendingSignups() | timeMs=0
2026-06-20 14:02:51 [scheduling-1] INFO  c.p.b.m.aspect.LoggingAspect - [10dae216-60c2-4e66-b2e0-c1cf1526b823] --> PendingSignupCleanupService.deleteExpiredPendingSignups()
2026-06-20 14:02:51 [scheduling-1] DEBUG org.hibernate.SQL - 
    /* SELECT
        p 
    FROM
        PendingSignup p 
    WHERE
        p.expiryTime < :time */ select
            ps1_0.id,
            ps1_0.email,
            ps1_0.expiry_time,
            ps1_0.otp,
            ps1_0.password,
            ps1_0.username 
        from
            pending_signup ps1_0 
        where
            ps1_0.expiry_time<?
2026-06-20 14:02:51 [scheduling-1] INFO  c.p.b.m.aspect.LoggingAspect - [10dae216-60c2-4e66-b2e0-c1cf1526b823] <-- PendingSignupCleanupService.deleteExpiredPendingSignups() | timeMs=1
2026-06-20 14:03:51 [scheduling-1] INFO  c.p.b.m.aspect.LoggingAspect - [0a03f779-9a43-4c9d-bf2f-49d20182a635] --> PendingSignupCleanupService.deleteExpiredPendingSignups()
2026-06-20 14:03:51 [scheduling-1] DEBUG org.hibernate.SQL - 
    /* SELECT
        p 
    FROM
        PendingSignup p 
    WHERE
        p.expiryTime < :time */ select
            ps1_0.id,
            ps1_0.email,
            ps1_0.expiry_time,
            ps1_0.otp,
            ps1_0.password,
            ps1_0.username 
        from
            pending_signup ps1_0 
        where
            ps1_0.expiry_time<?
2026-06-20 14:03:51 [scheduling-1] INFO  c.p.b.m.aspect.LoggingAspect - [0a03f779-9a43-4c9d-bf2f-49d20182a635] <-- PendingSignupCleanupService.deleteExpiredPendingSignups() | timeMs=0
2026-06-20 14:04:51 [scheduling-1] INFO  c.p.b.m.aspect.LoggingAspect - [de13bbdd-e3ac-44be-8852-638f5071612c] --> PendingSignupCleanupService.deleteExpiredPendingSignups()
2026-06-20 14:04:51 [scheduling-1] DEBUG org.hibernate.SQL - 
    /* SELECT
        p 
    FROM
        PendingSignup p 
    WHERE
        p.expiryTime < :time */ select
            ps1_0.id,
            ps1_0.email,
            ps1_0.expiry_time,
            ps1_0.otp,
            ps1_0.password,
            ps1_0.username 
        from
            pending_signup ps1_0 
        where
            ps1_0.expiry_time<?
2026-06-20 14:04:51 [scheduling-1] INFO  c.p.b.m.aspect.LoggingAspect - [de13bbdd-e3ac-44be-8852-638f5071612c] <-- PendingSignupCleanupService.deleteExpiredPendingSignups() | timeMs=0
2026-06-20 14:05:51 [scheduling-1] INFO  c.p.b.m.aspect.LoggingAspect - [38f32dfc-32e8-418e-b504-ee5aeb48a671] --> PendingSignupCleanupService.deleteExpiredPendingSignups()
2026-06-20 14:05:51 [scheduling-1] DEBUG org.hibernate.SQL - 
    /* SELECT
        p 
    FROM
        PendingSignup p 
    WHERE
        p.expiryTime < :time */ select
            ps1_0.id,
            ps1_0.email,
            ps1_0.expiry_time,
            ps1_0.otp,
            ps1_0.password,
            ps1_0.username 
        from
            pending_signup ps1_0 
        where
            ps1_0.expiry_time<?
2026-06-20 14:05:51 [scheduling-1] INFO  c.p.b.m.aspect.LoggingAspect - [38f32dfc-32e8-418e-b504-ee5aeb48a671] <-- PendingSignupCleanupService.deleteExpiredPendingSignups() | timeMs=0
2026-06-20 14:06:51 [scheduling-1] INFO  c.p.b.m.aspect.LoggingAspect - [4e8e8857-0a5d-4783-816c-80464d161185] --> PendingSignupCleanupService.deleteExpiredPendingSignups()
2026-06-20 14:06:51 [scheduling-1] DEBUG org.hibernate.SQL - 
    /* SELECT
        p 
    FROM
        PendingSignup p 
    WHERE
        p.expiryTime < :time */ select
            ps1_0.id,
            ps1_0.email,
            ps1_0.expiry_time,
            ps1_0.otp,
            ps1_0.password,
            ps1_0.username 
        from
            pending_signup ps1_0 
        where
            ps1_0.expiry_time<?
2026-06-20 14:06:51 [scheduling-1] INFO  c.p.b.m.aspect.LoggingAspect - [4e8e8857-0a5d-4783-816c-80464d161185] <-- PendingSignupCleanupService.deleteExpiredPendingSignups() | timeMs=0
2026-06-20 14:07:51 [scheduling-1] INFO  c.p.b.m.aspect.LoggingAspect - [9d642594-5368-445c-b753-e817e486cfcb] --> PendingSignupCleanupService.deleteExpiredPendingSignups()
2026-06-20 14:07:51 [scheduling-1] DEBUG org.hibernate.SQL - 
    /* SELECT
        p 
    FROM
        PendingSignup p 
    WHERE
        p.expiryTime < :time */ select
            ps1_0.id,
            ps1_0.email,
            ps1_0.expiry_time,
            ps1_0.otp,
            ps1_0.password,
            ps1_0.username 
        from
            pending_signup ps1_0 
        where
            ps1_0.expiry_time<?
2026-06-20 14:07:51 [scheduling-1] INFO  c.p.b.m.aspect.LoggingAspect - [9d642594-5368-445c-b753-e817e486cfcb] <-- PendingSignupCleanupService.deleteExpiredPendingSignups() | timeMs=0
2026-06-20 14:08:51 [scheduling-1] INFO  c.p.b.m.aspect.LoggingAspect - [fb6c6288-5831-4bee-b4d5-d25e8b0116e6] --> PendingSignupCleanupService.deleteExpiredPendingSignups()
2026-06-20 14:08:51 [scheduling-1] DEBUG org.hibernate.SQL - 
    /* SELECT
        p 
    FROM
        PendingSignup p 
    WHERE
        p.expiryTime < :time */ select
            ps1_0.id,
            ps1_0.email,
            ps1_0.expiry_time,
            ps1_0.otp,
            ps1_0.password,
            ps1_0.username 
        from
            pending_signup ps1_0 
        where
            ps1_0.expiry_time<?
2026-06-20 14:08:51 [scheduling-1] INFO  c.p.b.m.aspect.LoggingAspect - [fb6c6288-5831-4bee-b4d5-d25e8b0116e6] <-- PendingSignupCleanupService.deleteExpiredPendingSignups() | timeMs=0
2026-06-20 14:09:51 [scheduling-1] INFO  c.p.b.m.aspect.LoggingAspect - [33684efd-aa75-4bcd-ac60-9396145bdce2] --> PendingSignupCleanupService.deleteExpiredPendingSignups()
2026-06-20 14:09:51 [scheduling-1] DEBUG org.hibernate.SQL - 
    /* SELECT
        p 
    FROM
        PendingSignup p 
    WHERE
        p.expiryTime < :time */ select
            ps1_0.id,
            ps1_0.email,
            ps1_0.expiry_time,
            ps1_0.otp,
            ps1_0.password,
            ps1_0.username 
        from
            pending_signup ps1_0 
        where
            ps1_0.expiry_time<?
2026-06-20 14:09:51 [scheduling-1] INFO  c.p.b.m.aspect.LoggingAspect - [33684efd-aa75-4bcd-ac60-9396145bdce2] <-- PendingSignupCleanupService.deleteExpiredPendingSignups() | timeMs=0
2026-06-20 14:10:51 [scheduling-1] INFO  c.p.b.m.aspect.LoggingAspect - [1973bf06-74f5-43fd-bc8b-707a8201fa0a] --> PendingSignupCleanupService.deleteExpiredPendingSignups()
2026-06-20 14:10:51 [scheduling-1] DEBUG org.hibernate.SQL - 
    /* SELECT
        p 
    FROM
        PendingSignup p 
    WHERE
        p.expiryTime < :time */ select
            ps1_0.id,
            ps1_0.email,
            ps1_0.expiry_time,
            ps1_0.otp,
            ps1_0.password,
            ps1_0.username 
        from
            pending_signup ps1_0 
        where
            ps1_0.expiry_time<?
2026-06-20 14:10:51 [scheduling-1] INFO  c.p.b.m.aspect.LoggingAspect - [1973bf06-74f5-43fd-bc8b-707a8201fa0a] <-- PendingSignupCleanupService.deleteExpiredPendingSignups() | timeMs=1
2026-06-20 14:11:51 [scheduling-1] INFO  c.p.b.m.aspect.LoggingAspect - [2ab1f36c-0a7d-4239-8637-7c51364c612a] --> PendingSignupCleanupService.deleteExpiredPendingSignups()
2026-06-20 14:11:51 [scheduling-1] DEBUG org.hibernate.SQL - 
    /* SELECT
        p 
    FROM
        PendingSignup p 
    WHERE
        p.expiryTime < :time */ select
            ps1_0.id,
            ps1_0.email,
            ps1_0.expiry_time,
            ps1_0.otp,
            ps1_0.password,
            ps1_0.username 
        from
            pending_signup ps1_0 
        where
            ps1_0.expiry_time<?
2026-06-20 14:11:51 [scheduling-1] INFO  c.p.b.m.aspect.LoggingAspect - [2ab1f36c-0a7d-4239-8637-7c51364c612a] <-- PendingSignupCleanupService.deleteExpiredPendingSignups() | timeMs=0
2026-06-20 14:12:51 [scheduling-1] INFO  c.p.b.m.aspect.LoggingAspect - [2030631c-e683-4855-a5f4-acf250cd8336] --> PendingSignupCleanupService.deleteExpiredPendingSignups()
2026-06-20 14:12:51 [scheduling-1] DEBUG org.hibernate.SQL - 
    /* SELECT
        p 
    FROM
        PendingSignup p 
    WHERE
        p.expiryTime < :time */ select
            ps1_0.id,
            ps1_0.email,
            ps1_0.expiry_time,
            ps1_0.otp,
            ps1_0.password,
            ps1_0.username 
        from
            pending_signup ps1_0 
        where
            ps1_0.expiry_time<?
2026-06-20 14:12:51 [scheduling-1] INFO  c.p.b.m.aspect.LoggingAspect - [2030631c-e683-4855-a5f4-acf250cd8336] <-- PendingSignupCleanupService.deleteExpiredPendingSignups() | timeMs=0
2026-06-20 14:13:51 [scheduling-1] INFO  c.p.b.m.aspect.LoggingAspect - [0b39d1e4-6970-4c0c-8db0-eda58a60300e] --> PendingSignupCleanupService.deleteExpiredPendingSignups()
2026-06-20 14:13:51 [scheduling-1] DEBUG org.hibernate.SQL - 
    /* SELECT
        p 
    FROM
        PendingSignup p 
    WHERE
        p.expiryTime < :time */ select
            ps1_0.id,
            ps1_0.email,
            ps1_0.expiry_time,
            ps1_0.otp,
            ps1_0.password,
            ps1_0.username 
        from
            pending_signup ps1_0 
        where
            ps1_0.expiry_time<?
2026-06-20 14:13:51 [scheduling-1] INFO  c.p.b.m.aspect.LoggingAspect - [0b39d1e4-6970-4c0c-8db0-eda58a60300e] <-- PendingSignupCleanupService.deleteExpiredPendingSignups() | timeMs=0
2026-06-20 14:14:51 [scheduling-1] INFO  c.p.b.m.aspect.LoggingAspect - [7f797df9-de4f-4c67-a94a-9e8c3bdfbcce] --> PendingSignupCleanupService.deleteExpiredPendingSignups()
2026-06-20 14:14:51 [scheduling-1] DEBUG org.hibernate.SQL - 
    /* SELECT
        p 
    FROM
        PendingSignup p 
    WHERE
        p.expiryTime < :time */ select
            ps1_0.id,
            ps1_0.email,
            ps1_0.expiry_time,
            ps1_0.otp,
            ps1_0.password,
            ps1_0.username 
        from
            pending_signup ps1_0 
        where
            ps1_0.expiry_time<?
2026-06-20 14:14:51 [scheduling-1] INFO  c.p.b.m.aspect.LoggingAspect - [7f797df9-de4f-4c67-a94a-9e8c3bdfbcce] <-- PendingSignupCleanupService.deleteExpiredPendingSignups() | timeMs=1
2026-06-20 14:15:51 [scheduling-1] INFO  c.p.b.m.aspect.LoggingAspect - [6093d1a9-cf52-436b-841e-e795c35cda60] --> PendingSignupCleanupService.deleteExpiredPendingSignups()
2026-06-20 14:15:51 [scheduling-1] DEBUG org.hibernate.SQL - 
    /* SELECT
        p 
    FROM
        PendingSignup p 
    WHERE
        p.expiryTime < :time */ select
            ps1_0.id,
            ps1_0.email,
            ps1_0.expiry_time,
            ps1_0.otp,
            ps1_0.password,
            ps1_0.username 
        from
            pending_signup ps1_0 
        where
            ps1_0.expiry_time<?
2026-06-20 14:15:51 [scheduling-1] INFO  c.p.b.m.aspect.LoggingAspect - [6093d1a9-cf52-436b-841e-e795c35cda60] <-- PendingSignupCleanupService.deleteExpiredPendingSignups() | timeMs=0
2026-06-20 14:16:51 [scheduling-1] INFO  c.p.b.m.aspect.LoggingAspect - [8430fa25-56a3-489e-adac-6bf4bfd2f818] --> PendingSignupCleanupService.deleteExpiredPendingSignups()
2026-06-20 14:16:51 [scheduling-1] DEBUG org.hibernate.SQL - 
    /* SELECT
        p 
    FROM
        PendingSignup p 
    WHERE
        p.expiryTime < :time */ select
            ps1_0.id,
            ps1_0.email,
            ps1_0.expiry_time,
            ps1_0.otp,
            ps1_0.password,
            ps1_0.username 
        from
            pending_signup ps1_0 
        where
            ps1_0.expiry_time<?
2026-06-20 14:16:51 [scheduling-1] INFO  c.p.b.m.aspect.LoggingAspect - [8430fa25-56a3-489e-adac-6bf4bfd2f818] <-- PendingSignupCleanupService.deleteExpiredPendingSignups() | timeMs=0
2026-06-20 14:17:51 [scheduling-1] INFO  c.p.b.m.aspect.LoggingAspect - [6e89cc88-d949-47f8-9dd6-fc0e10b2324d] --> PendingSignupCleanupService.deleteExpiredPendingSignups()
2026-06-20 14:17:51 [scheduling-1] DEBUG org.hibernate.SQL - 
    /* SELECT
        p 
    FROM
        PendingSignup p 
    WHERE
        p.expiryTime < :time */ select
            ps1_0.id,
            ps1_0.email,
            ps1_0.expiry_time,
            ps1_0.otp,
            ps1_0.password,
            ps1_0.username 
        from
            pending_signup ps1_0 
        where
            ps1_0.expiry_time<?
2026-06-20 14:17:51 [scheduling-1] INFO  c.p.b.m.aspect.LoggingAspect - [6e89cc88-d949-47f8-9dd6-fc0e10b2324d] <-- PendingSignupCleanupService.deleteExpiredPendingSignups() | timeMs=0
2026-06-20 14:18:51 [scheduling-1] INFO  c.p.b.m.aspect.LoggingAspect - [920b02f5-754e-4c97-8ac6-b6ae6df90926] --> PendingSignupCleanupService.deleteExpiredPendingSignups()
2026-06-20 14:18:51 [scheduling-1] DEBUG org.hibernate.SQL - 
    /* SELECT
        p 
    FROM
        PendingSignup p 
    WHERE
        p.expiryTime < :time */ select
            ps1_0.id,
            ps1_0.email,
            ps1_0.expiry_time,
            ps1_0.otp,
            ps1_0.password,
            ps1_0.username 
        from
            pending_signup ps1_0 
        where
            ps1_0.expiry_time<?
2026-06-20 14:18:51 [scheduling-1] INFO  c.p.b.m.aspect.LoggingAspect - [920b02f5-754e-4c97-8ac6-b6ae6df90926] <-- PendingSignupCleanupService.deleteExpiredPendingSignups() | timeMs=0
2026-06-20 14:19:51 [scheduling-1] INFO  c.p.b.m.aspect.LoggingAspect - [e284ffeb-a04f-4e3b-864d-9fddec520dd9] --> PendingSignupCleanupService.deleteExpiredPendingSignups()
2026-06-20 14:19:51 [scheduling-1] DEBUG org.hibernate.SQL - 
    /* SELECT
        p 
    FROM
        PendingSignup p 
    WHERE
        p.expiryTime < :time */ select
            ps1_0.id,
            ps1_0.email,
            ps1_0.expiry_time,
            ps1_0.otp,
            ps1_0.password,
            ps1_0.username 
        from
            pending_signup ps1_0 
        where
            ps1_0.expiry_time<?
2026-06-20 14:19:51 [scheduling-1] INFO  c.p.b.m.aspect.LoggingAspect - [e284ffeb-a04f-4e3b-864d-9fddec520dd9] <-- PendingSignupCleanupService.deleteExpiredPendingSignups() | timeMs=0
2026-06-20 14:20:51 [scheduling-1] INFO  c.p.b.m.aspect.LoggingAspect - [b4f9e35a-0223-434a-a3b0-947fc364b892] --> PendingSignupCleanupService.deleteExpiredPendingSignups()
2026-06-20 14:20:51 [scheduling-1] DEBUG org.hibernate.SQL - 
    /* SELECT
        p 
    FROM
        PendingSignup p 
    WHERE
        p.expiryTime < :time */ select
            ps1_0.id,
            ps1_0.email,
            ps1_0.expiry_time,
            ps1_0.otp,
            ps1_0.password,
            ps1_0.username 
        from
            pending_signup ps1_0 
        where
            ps1_0.expiry_time<?
2026-06-20 14:20:51 [scheduling-1] INFO  c.p.b.m.aspect.LoggingAspect - [b4f9e35a-0223-434a-a3b0-947fc364b892] <-- PendingSignupCleanupService.deleteExpiredPendingSignups() | timeMs=0
2026-06-20 14:21:51 [scheduling-1] INFO  c.p.b.m.aspect.LoggingAspect - [e7b77c4c-8546-4216-9088-0bf3cd104089] --> PendingSignupCleanupService.deleteExpiredPendingSignups()
2026-06-20 14:21:51 [scheduling-1] DEBUG org.hibernate.SQL - 
    /* SELECT
        p 
    FROM
        PendingSignup p 
    WHERE
        p.expiryTime < :time */ select
            ps1_0.id,
            ps1_0.email,
            ps1_0.expiry_time,
            ps1_0.otp,
            ps1_0.password,
            ps1_0.username 
        from
            pending_signup ps1_0 
        where
            ps1_0.expiry_time<?
2026-06-20 14:21:51 [scheduling-1] INFO  c.p.b.m.aspect.LoggingAspect - [e7b77c4c-8546-4216-9088-0bf3cd104089] <-- PendingSignupCleanupService.deleteExpiredPendingSignups() | timeMs=0
2026-06-20 14:22:51 [scheduling-1] INFO  c.p.b.m.aspect.LoggingAspect - [3a69c9f5-0ba6-474d-8b91-99b9de5d278a] --> PendingSignupCleanupService.deleteExpiredPendingSignups()
2026-06-20 14:22:51 [scheduling-1] DEBUG org.hibernate.SQL - 
    /* SELECT
        p 
    FROM
        PendingSignup p 
    WHERE
        p.expiryTime < :time */ select
            ps1_0.id,
            ps1_0.email,
            ps1_0.expiry_time,
            ps1_0.otp,
            ps1_0.password,
            ps1_0.username 
        from
            pending_signup ps1_0 
        where
            ps1_0.expiry_time<?
2026-06-20 14:22:51 [scheduling-1] INFO  c.p.b.m.aspect.LoggingAspect - [3a69c9f5-0ba6-474d-8b91-99b9de5d278a] <-- PendingSignupCleanupService.deleteExpiredPendingSignups() | timeMs=0
2026-06-20 14:23:51 [scheduling-1] INFO  c.p.b.m.aspect.LoggingAspect - [8a4c01b8-812a-4a6d-b8d1-8a26f6a5dfbd] --> PendingSignupCleanupService.deleteExpiredPendingSignups()
2026-06-20 14:23:51 [scheduling-1] DEBUG org.hibernate.SQL - 
    /* SELECT
        p 
    FROM
        PendingSignup p 
    WHERE
        p.expiryTime < :time */ select
            ps1_0.id,
            ps1_0.email,
            ps1_0.expiry_time,
            ps1_0.otp,
            ps1_0.password,
            ps1_0.username 
        from
            pending_signup ps1_0 
        where
            ps1_0.expiry_time<?
2026-06-20 14:23:51 [scheduling-1] INFO  c.p.b.m.aspect.LoggingAspect - [8a4c01b8-812a-4a6d-b8d1-8a26f6a5dfbd] <-- PendingSignupCleanupService.deleteExpiredPendingSignups() | timeMs=0
2026-06-20 14:24:51 [scheduling-1] INFO  c.p.b.m.aspect.LoggingAspect - [6a14f800-d665-4010-b633-110657ef03fc] --> PendingSignupCleanupService.deleteExpiredPendingSignups()
2026-06-20 14:24:51 [scheduling-1] DEBUG org.hibernate.SQL - 
    /* SELECT
        p 
    FROM
        PendingSignup p 
    WHERE
        p.expiryTime < :time */ select
            ps1_0.id,
            ps1_0.email,
            ps1_0.expiry_time,
            ps1_0.otp,
            ps1_0.password,
            ps1_0.username 
        from
            pending_signup ps1_0 
        where
            ps1_0.expiry_time<?
2026-06-20 14:24:51 [scheduling-1] INFO  c.p.b.m.aspect.LoggingAspect - [6a14f800-d665-4010-b633-110657ef03fc] <-- PendingSignupCleanupService.deleteExpiredPendingSignups() | timeMs=0
2026-06-20 14:25:51 [scheduling-1] INFO  c.p.b.m.aspect.LoggingAspect - [0581875b-7c84-4d99-b4bb-08e0f64296ae] --> PendingSignupCleanupService.deleteExpiredPendingSignups()
2026-06-20 14:25:51 [scheduling-1] DEBUG org.hibernate.SQL - 
    /* SELECT
        p 
    FROM
        PendingSignup p 
    WHERE
        p.expiryTime < :time */ select
            ps1_0.id,
            ps1_0.email,
            ps1_0.expiry_time,
            ps1_0.otp,
            ps1_0.password,
            ps1_0.username 
        from
            pending_signup ps1_0 
        where
            ps1_0.expiry_time<?
2026-06-20 14:25:51 [scheduling-1] INFO  c.p.b.m.aspect.LoggingAspect - [0581875b-7c84-4d99-b4bb-08e0f64296ae] <-- PendingSignupCleanupService.deleteExpiredPendingSignups() | timeMs=0
2026-06-20 14:26:51 [scheduling-1] INFO  c.p.b.m.aspect.LoggingAspect - [9d8865d5-820e-430e-8fba-cb877b7e661b] --> PendingSignupCleanupService.deleteExpiredPendingSignups()
2026-06-20 14:26:51 [scheduling-1] DEBUG org.hibernate.SQL - 
    /* SELECT
        p 
    FROM
        PendingSignup p 
    WHERE
        p.expiryTime < :time */ select
            ps1_0.id,
            ps1_0.email,
            ps1_0.expiry_time,
            ps1_0.otp,
            ps1_0.password,
            ps1_0.username 
        from
            pending_signup ps1_0 
        where
            ps1_0.expiry_time<?
2026-06-20 14:26:51 [scheduling-1] INFO  c.p.b.m.aspect.LoggingAspect - [9d8865d5-820e-430e-8fba-cb877b7e661b] <-- PendingSignupCleanupService.deleteExpiredPendingSignups() | timeMs=0
2026-06-20 14:27:51 [scheduling-1] INFO  c.p.b.m.aspect.LoggingAspect - [e3112ce1-b5c8-426e-8be3-cb2bf66cc73b] --> PendingSignupCleanupService.deleteExpiredPendingSignups()
2026-06-20 14:27:51 [scheduling-1] DEBUG org.hibernate.SQL - 
    /* SELECT
        p 
    FROM
        PendingSignup p 
    WHERE
        p.expiryTime < :time */ select
            ps1_0.id,
            ps1_0.email,
            ps1_0.expiry_time,
            ps1_0.otp,
            ps1_0.password,
            ps1_0.username 
        from
            pending_signup ps1_0 
        where
            ps1_0.expiry_time<?
2026-06-20 14:27:51 [scheduling-1] INFO  c.p.b.m.aspect.LoggingAspect - [e3112ce1-b5c8-426e-8be3-cb2bf66cc73b] <-- PendingSignupCleanupService.deleteExpiredPendingSignups() | timeMs=0
2026-06-20 14:28:51 [scheduling-1] INFO  c.p.b.m.aspect.LoggingAspect - [886158b3-d901-4145-8641-36021b589048] --> PendingSignupCleanupService.deleteExpiredPendingSignups()
2026-06-20 14:28:51 [scheduling-1] DEBUG org.hibernate.SQL - 
    /* SELECT
        p 
    FROM
        PendingSignup p 
    WHERE
        p.expiryTime < :time */ select
            ps1_0.id,
            ps1_0.email,
            ps1_0.expiry_time,
            ps1_0.otp,
            ps1_0.password,
            ps1_0.username 
        from
            pending_signup ps1_0 
        where
            ps1_0.expiry_time<?
2026-06-20 14:28:51 [scheduling-1] INFO  c.p.b.m.aspect.LoggingAspect - [886158b3-d901-4145-8641-36021b589048] <-- PendingSignupCleanupService.deleteExpiredPendingSignups() | timeMs=1
2026-06-20 14:29:51 [scheduling-1] INFO  c.p.b.m.aspect.LoggingAspect - [dc721a47-2a33-4794-81dd-66a68e3956c0] --> PendingSignupCleanupService.deleteExpiredPendingSignups()
2026-06-20 14:29:51 [scheduling-1] DEBUG org.hibernate.SQL - 
    /* SELECT
        p 
    FROM
        PendingSignup p 
    WHERE
        p.expiryTime < :time */ select
            ps1_0.id,
            ps1_0.email,
            ps1_0.expiry_time,
            ps1_0.otp,
            ps1_0.password,
            ps1_0.username 
        from
            pending_signup ps1_0 
        where
            ps1_0.expiry_time<?
2026-06-20 14:29:51 [scheduling-1] INFO  c.p.b.m.aspect.LoggingAspect - [dc721a47-2a33-4794-81dd-66a68e3956c0] <-- PendingSignupCleanupService.deleteExpiredPendingSignups() | timeMs=0
2026-06-20 14:30:51 [scheduling-1] INFO  c.p.b.m.aspect.LoggingAspect - [50227e38-c926-4fd1-94ab-f13294787881] --> PendingSignupCleanupService.deleteExpiredPendingSignups()
2026-06-20 14:30:51 [scheduling-1] DEBUG org.hibernate.SQL - 
    /* SELECT
        p 
    FROM
        PendingSignup p 
    WHERE
        p.expiryTime < :time */ select
            ps1_0.id,
            ps1_0.email,
            ps1_0.expiry_time,
            ps1_0.otp,
            ps1_0.password,
            ps1_0.username 
        from
            pending_signup ps1_0 
        where
            ps1_0.expiry_time<?
2026-06-20 14:30:51 [scheduling-1] INFO  c.p.b.m.aspect.LoggingAspect - [50227e38-c926-4fd1-94ab-f13294787881] <-- PendingSignupCleanupService.deleteExpiredPendingSignups() | timeMs=0
2026-06-20 14:31:51 [scheduling-1] INFO  c.p.b.m.aspect.LoggingAspect - [bf5da1d5-1f06-4966-9fdc-0b80e2603f14] --> PendingSignupCleanupService.deleteExpiredPendingSignups()
2026-06-20 14:31:51 [scheduling-1] DEBUG org.hibernate.SQL - 
    /* SELECT
        p 
    FROM
        PendingSignup p 
    WHERE
        p.expiryTime < :time */ select
            ps1_0.id,
            ps1_0.email,
            ps1_0.expiry_time,
            ps1_0.otp,
            ps1_0.password,
            ps1_0.username 
        from
            pending_signup ps1_0 
        where
            ps1_0.expiry_time<?
2026-06-20 14:31:51 [scheduling-1] INFO  c.p.b.m.aspect.LoggingAspect - [bf5da1d5-1f06-4966-9fdc-0b80e2603f14] <-- PendingSignupCleanupService.deleteExpiredPendingSignups() | timeMs=0
2026-06-20 14:32:51 [scheduling-1] INFO  c.p.b.m.aspect.LoggingAspect - [9a474f0b-7d40-419c-8912-ac8bfbda2345] --> PendingSignupCleanupService.deleteExpiredPendingSignups()
2026-06-20 14:32:51 [scheduling-1] DEBUG org.hibernate.SQL - 
    /* SELECT
        p 
    FROM
        PendingSignup p 
    WHERE
        p.expiryTime < :time */ select
            ps1_0.id,
            ps1_0.email,
            ps1_0.expiry_time,
            ps1_0.otp,
            ps1_0.password,
            ps1_0.username 
        from
            pending_signup ps1_0 
        where
            ps1_0.expiry_time<?
2026-06-20 14:32:51 [scheduling-1] INFO  c.p.b.m.aspect.LoggingAspect - [9a474f0b-7d40-419c-8912-ac8bfbda2345] <-- PendingSignupCleanupService.deleteExpiredPendingSignups() | timeMs=0
2026-06-20 14:33:51 [scheduling-1] INFO  c.p.b.m.aspect.LoggingAspect - [a4472482-1e8f-4c4a-a99e-fc21a52a8a0f] --> PendingSignupCleanupService.deleteExpiredPendingSignups()
2026-06-20 14:33:51 [scheduling-1] DEBUG org.hibernate.SQL - 
    /* SELECT
        p 
    FROM
        PendingSignup p 
    WHERE
        p.expiryTime < :time */ select
            ps1_0.id,
            ps1_0.email,
            ps1_0.expiry_time,
            ps1_0.otp,
            ps1_0.password,
            ps1_0.username 
        from
            pending_signup ps1_0 
        where
            ps1_0.expiry_time<?
2026-06-20 14:33:51 [scheduling-1] INFO  c.p.b.m.aspect.LoggingAspect - [a4472482-1e8f-4c4a-a99e-fc21a52a8a0f] <-- PendingSignupCleanupService.deleteExpiredPendingSignups() | timeMs=0
2026-06-20 14:34:51 [scheduling-1] INFO  c.p.b.m.aspect.LoggingAspect - [b66da9f8-aa45-453d-bcf3-8bcc16eebe29] --> PendingSignupCleanupService.deleteExpiredPendingSignups()
2026-06-20 14:34:51 [scheduling-1] DEBUG org.hibernate.SQL - 
    /* SELECT
        p 
    FROM
        PendingSignup p 
    WHERE
        p.expiryTime < :time */ select
            ps1_0.id,
            ps1_0.email,
            ps1_0.expiry_time,
            ps1_0.otp,
            ps1_0.password,
            ps1_0.username 
        from
            pending_signup ps1_0 
        where
            ps1_0.expiry_time<?
2026-06-20 14:34:51 [scheduling-1] INFO  c.p.b.m.aspect.LoggingAspect - [b66da9f8-aa45-453d-bcf3-8bcc16eebe29] <-- PendingSignupCleanupService.deleteExpiredPendingSignups() | timeMs=0
2026-06-20 14:35:51 [scheduling-1] INFO  c.p.b.m.aspect.LoggingAspect - [45b5f1b4-91a1-4b71-86a7-3aea91ee17eb] --> PendingSignupCleanupService.deleteExpiredPendingSignups()
2026-06-20 14:35:51 [scheduling-1] DEBUG org.hibernate.SQL - 
    /* SELECT
        p 
    FROM
        PendingSignup p 
    WHERE
        p.expiryTime < :time */ select
            ps1_0.id,
            ps1_0.email,
            ps1_0.expiry_time,
            ps1_0.otp,
            ps1_0.password,
            ps1_0.username 
        from
            pending_signup ps1_0 
        where
            ps1_0.expiry_time<?
2026-06-20 14:35:51 [scheduling-1] INFO  c.p.b.m.aspect.LoggingAspect - [45b5f1b4-91a1-4b71-86a7-3aea91ee17eb] <-- PendingSignupCleanupService.deleteExpiredPendingSignups() | timeMs=1
2026-06-20 14:36:51 [scheduling-1] INFO  c.p.b.m.aspect.LoggingAspect - [8edeed83-435d-4650-9618-2e47e0ec8ec2] --> PendingSignupCleanupService.deleteExpiredPendingSignups()
2026-06-20 14:36:51 [scheduling-1] DEBUG org.hibernate.SQL - 
    /* SELECT
        p 
    FROM
        PendingSignup p 
    WHERE
        p.expiryTime < :time */ select
            ps1_0.id,
            ps1_0.email,
            ps1_0.expiry_time,
            ps1_0.otp,
            ps1_0.password,
            ps1_0.username 
        from
            pending_signup ps1_0 
        where
            ps1_0.expiry_time<?
2026-06-20 14:36:51 [scheduling-1] INFO  c.p.b.m.aspect.LoggingAspect - [8edeed83-435d-4650-9618-2e47e0ec8ec2] <-- PendingSignupCleanupService.deleteExpiredPendingSignups() | timeMs=0
2026-06-20 14:37:51 [scheduling-1] INFO  c.p.b.m.aspect.LoggingAspect - [15b34a95-bad6-4e84-80cb-221fe8facc30] --> PendingSignupCleanupService.deleteExpiredPendingSignups()
2026-06-20 14:37:51 [scheduling-1] DEBUG org.hibernate.SQL - 
    /* SELECT
        p 
    FROM
        PendingSignup p 
    WHERE
        p.expiryTime < :time */ select
            ps1_0.id,
            ps1_0.email,
            ps1_0.expiry_time,
            ps1_0.otp,
            ps1_0.password,
            ps1_0.username 
        from
            pending_signup ps1_0 
        where
            ps1_0.expiry_time<?
2026-06-20 14:37:51 [scheduling-1] INFO  c.p.b.m.aspect.LoggingAspect - [15b34a95-bad6-4e84-80cb-221fe8facc30] <-- PendingSignupCleanupService.deleteExpiredPendingSignups() | timeMs=0
2026-06-20 14:38:51 [scheduling-1] INFO  c.p.b.m.aspect.LoggingAspect - [ddd3baa6-b464-4459-abc1-1fb98a1eb0fb] --> PendingSignupCleanupService.deleteExpiredPendingSignups()
2026-06-20 14:38:51 [scheduling-1] DEBUG org.hibernate.SQL - 
    /* SELECT
        p 
    FROM
        PendingSignup p 
    WHERE
        p.expiryTime < :time */ select
            ps1_0.id,
            ps1_0.email,
            ps1_0.expiry_time,
            ps1_0.otp,
            ps1_0.password,
            ps1_0.username 
        from
            pending_signup ps1_0 
        where
            ps1_0.expiry_time<?
2026-06-20 14:38:51 [scheduling-1] INFO  c.p.b.m.aspect.LoggingAspect - [ddd3baa6-b464-4459-abc1-1fb98a1eb0fb] <-- PendingSignupCleanupService.deleteExpiredPendingSignups() | timeMs=1
2026-06-20 14:39:51 [scheduling-1] INFO  c.p.b.m.aspect.LoggingAspect - [7a05c9a3-ea8a-4378-a664-5afdfd674cb7] --> PendingSignupCleanupService.deleteExpiredPendingSignups()
2026-06-20 14:39:51 [scheduling-1] DEBUG org.hibernate.SQL - 
    /* SELECT
        p 
    FROM
        PendingSignup p 
    WHERE
        p.expiryTime < :time */ select
            ps1_0.id,
            ps1_0.email,
            ps1_0.expiry_time,
            ps1_0.otp,
            ps1_0.password,
            ps1_0.username 
        from
            pending_signup ps1_0 
        where
            ps1_0.expiry_time<?
2026-06-20 14:39:51 [scheduling-1] INFO  c.p.b.m.aspect.LoggingAspect - [7a05c9a3-ea8a-4378-a664-5afdfd674cb7] <-- PendingSignupCleanupService.deleteExpiredPendingSignups() | timeMs=0
2026-06-20 14:40:51 [scheduling-1] INFO  c.p.b.m.aspect.LoggingAspect - [27ac2e22-9c5e-4d26-b0a9-941b7944608f] --> PendingSignupCleanupService.deleteExpiredPendingSignups()
2026-06-20 14:40:51 [scheduling-1] DEBUG org.hibernate.SQL - 
    /* SELECT
        p 
    FROM
        PendingSignup p 
    WHERE
        p.expiryTime < :time */ select
            ps1_0.id,
            ps1_0.email,
            ps1_0.expiry_time,
            ps1_0.otp,
            ps1_0.password,
            ps1_0.username 
        from
            pending_signup ps1_0 
        where
            ps1_0.expiry_time<?
2026-06-20 14:40:51 [scheduling-1] INFO  c.p.b.m.aspect.LoggingAspect - [27ac2e22-9c5e-4d26-b0a9-941b7944608f] <-- PendingSignupCleanupService.deleteExpiredPendingSignups() | timeMs=1
2026-06-20 14:41:51 [scheduling-1] INFO  c.p.b.m.aspect.LoggingAspect - [ed84ecdf-7760-4a60-8dc3-c6ac89c906b9] --> PendingSignupCleanupService.deleteExpiredPendingSignups()
2026-06-20 14:41:51 [scheduling-1] DEBUG org.hibernate.SQL - 
    /* SELECT
        p 
    FROM
        PendingSignup p 
    WHERE
        p.expiryTime < :time */ select
            ps1_0.id,
            ps1_0.email,
            ps1_0.expiry_time,
            ps1_0.otp,
            ps1_0.password,
            ps1_0.username 
        from
            pending_signup ps1_0 
        where
            ps1_0.expiry_time<?
2026-06-20 14:41:51 [scheduling-1] INFO  c.p.b.m.aspect.LoggingAspect - [ed84ecdf-7760-4a60-8dc3-c6ac89c906b9] <-- PendingSignupCleanupService.deleteExpiredPendingSignups() | timeMs=0
2026-06-20 14:42:51 [scheduling-1] INFO  c.p.b.m.aspect.LoggingAspect - [b83dc847-915b-45f4-a4eb-f92d3b734c41] --> PendingSignupCleanupService.deleteExpiredPendingSignups()
2026-06-20 14:42:51 [scheduling-1] DEBUG org.hibernate.SQL - 
    /* SELECT
        p 
    FROM
        PendingSignup p 
    WHERE
        p.expiryTime < :time */ select
            ps1_0.id,
            ps1_0.email,
            ps1_0.expiry_time,
            ps1_0.otp,
            ps1_0.password,
            ps1_0.username 
        from
            pending_signup ps1_0 
        where
            ps1_0.expiry_time<?
2026-06-20 14:42:51 [scheduling-1] INFO  c.p.b.m.aspect.LoggingAspect - [b83dc847-915b-45f4-a4eb-f92d3b734c41] <-- PendingSignupCleanupService.deleteExpiredPendingSignups() | timeMs=0
2026-06-20 14:43:51 [scheduling-1] INFO  c.p.b.m.aspect.LoggingAspect - [57b9e7ab-560d-4911-aca7-e923dc493cf1] --> PendingSignupCleanupService.deleteExpiredPendingSignups()
2026-06-20 14:43:51 [scheduling-1] DEBUG org.hibernate.SQL - 
    /* SELECT
        p 
    FROM
        PendingSignup p 
    WHERE
        p.expiryTime < :time */ select
            ps1_0.id,
            ps1_0.email,
            ps1_0.expiry_time,
            ps1_0.otp,
            ps1_0.password,
            ps1_0.username 
        from
            pending_signup ps1_0 
        where
            ps1_0.expiry_time<?
2026-06-20 14:43:51 [scheduling-1] INFO  c.p.b.m.aspect.LoggingAspect - [57b9e7ab-560d-4911-aca7-e923dc493cf1] <-- PendingSignupCleanupService.deleteExpiredPendingSignups() | timeMs=0
2026-06-20 14:44:51 [scheduling-1] INFO  c.p.b.m.aspect.LoggingAspect - [6eb76dd5-0082-4405-98b6-f1af301ce809] --> PendingSignupCleanupService.deleteExpiredPendingSignups()
2026-06-20 14:44:51 [scheduling-1] DEBUG org.hibernate.SQL - 
    /* SELECT
        p 
    FROM
        PendingSignup p 
    WHERE
        p.expiryTime < :time */ select
            ps1_0.id,
            ps1_0.email,
            ps1_0.expiry_time,
            ps1_0.otp,
            ps1_0.password,
            ps1_0.username 
        from
            pending_signup ps1_0 
        where
            ps1_0.expiry_time<?
2026-06-20 14:44:51 [scheduling-1] INFO  c.p.b.m.aspect.LoggingAspect - [6eb76dd5-0082-4405-98b6-f1af301ce809] <-- PendingSignupCleanupService.deleteExpiredPendingSignups() | timeMs=0
2026-06-20 14:45:51 [scheduling-1] INFO  c.p.b.m.aspect.LoggingAspect - [76c414f1-d85b-4d75-91fd-d432eccb3c20] --> PendingSignupCleanupService.deleteExpiredPendingSignups()
2026-06-20 14:45:51 [scheduling-1] DEBUG org.hibernate.SQL - 
    /* SELECT
        p 
    FROM
        PendingSignup p 
    WHERE
        p.expiryTime < :time */ select
            ps1_0.id,
            ps1_0.email,
            ps1_0.expiry_time,
            ps1_0.otp,
            ps1_0.password,
            ps1_0.username 
        from
            pending_signup ps1_0 
        where
            ps1_0.expiry_time<?
2026-06-20 14:45:51 [scheduling-1] INFO  c.p.b.m.aspect.LoggingAspect - [76c414f1-d85b-4d75-91fd-d432eccb3c20] <-- PendingSignupCleanupService.deleteExpiredPendingSignups() | timeMs=0
2026-06-20 14:46:51 [scheduling-1] INFO  c.p.b.m.aspect.LoggingAspect - [78e7ba49-0679-4aff-bd94-b7350a4cdcb2] --> PendingSignupCleanupService.deleteExpiredPendingSignups()
2026-06-20 14:46:51 [scheduling-1] DEBUG org.hibernate.SQL - 
    /* SELECT
        p 
    FROM
        PendingSignup p 
    WHERE
        p.expiryTime < :time */ select
            ps1_0.id,
            ps1_0.email,
            ps1_0.expiry_time,
            ps1_0.otp,
            ps1_0.password,
            ps1_0.username 
        from
            pending_signup ps1_0 
        where
            ps1_0.expiry_time<?
2026-06-20 14:46:51 [scheduling-1] INFO  c.p.b.m.aspect.LoggingAspect - [78e7ba49-0679-4aff-bd94-b7350a4cdcb2] <-- PendingSignupCleanupService.deleteExpiredPendingSignups() | timeMs=0
2026-06-20 14:47:51 [scheduling-1] INFO  c.p.b.m.aspect.LoggingAspect - [f6893490-6159-44a2-80ae-9594ce720573] --> PendingSignupCleanupService.deleteExpiredPendingSignups()
2026-06-20 14:47:51 [scheduling-1] DEBUG org.hibernate.SQL - 
    /* SELECT
        p 
    FROM
        PendingSignup p 
    WHERE
        p.expiryTime < :time */ select
            ps1_0.id,
            ps1_0.email,
            ps1_0.expiry_time,
            ps1_0.otp,
            ps1_0.password,
            ps1_0.username 
        from
            pending_signup ps1_0 
        where
            ps1_0.expiry_time<?
2026-06-20 14:47:51 [scheduling-1] INFO  c.p.b.m.aspect.LoggingAspect - [f6893490-6159-44a2-80ae-9594ce720573] <-- PendingSignupCleanupService.deleteExpiredPendingSignups() | timeMs=0
2026-06-20 14:48:51 [scheduling-1] INFO  c.p.b.m.aspect.LoggingAspect - [91a8daca-ae0a-4270-8458-caac19eb3f9d] --> PendingSignupCleanupService.deleteExpiredPendingSignups()
2026-06-20 14:48:51 [scheduling-1] DEBUG org.hibernate.SQL - 
    /* SELECT
        p 
    FROM
        PendingSignup p 
    WHERE
        p.expiryTime < :time */ select
            ps1_0.id,
            ps1_0.email,
            ps1_0.expiry_time,
            ps1_0.otp,
            ps1_0.password,
            ps1_0.username 
        from
            pending_signup ps1_0 
        where
            ps1_0.expiry_time<?
2026-06-20 14:48:51 [scheduling-1] INFO  c.p.b.m.aspect.LoggingAspect - [91a8daca-ae0a-4270-8458-caac19eb3f9d] <-- PendingSignupCleanupService.deleteExpiredPendingSignups() | timeMs=0
2026-06-20 14:49:51 [scheduling-1] INFO  c.p.b.m.aspect.LoggingAspect - [b7d00df5-6d50-441c-9800-1e9dfb3fadd7] --> PendingSignupCleanupService.deleteExpiredPendingSignups()
2026-06-20 14:49:51 [scheduling-1] DEBUG org.hibernate.SQL - 
    /* SELECT
        p 
    FROM
        PendingSignup p 
    WHERE
        p.expiryTime < :time */ select
            ps1_0.id,
            ps1_0.email,
            ps1_0.expiry_time,
            ps1_0.otp,
            ps1_0.password,
            ps1_0.username 
        from
            pending_signup ps1_0 
        where
            ps1_0.expiry_time<?
2026-06-20 14:49:51 [scheduling-1] INFO  c.p.b.m.aspect.LoggingAspect - [b7d00df5-6d50-441c-9800-1e9dfb3fadd7] <-- PendingSignupCleanupService.deleteExpiredPendingSignups() | timeMs=0
2026-06-20 14:50:51 [scheduling-1] INFO  c.p.b.m.aspect.LoggingAspect - [d364c07c-8a78-4a58-a1ff-a12577ca9070] --> PendingSignupCleanupService.deleteExpiredPendingSignups()
2026-06-20 14:50:51 [scheduling-1] DEBUG org.hibernate.SQL - 
    /* SELECT
        p 
    FROM
        PendingSignup p 
    WHERE
        p.expiryTime < :time */ select
            ps1_0.id,
            ps1_0.email,
            ps1_0.expiry_time,
            ps1_0.otp,
            ps1_0.password,
            ps1_0.username 
        from
            pending_signup ps1_0 
        where
            ps1_0.expiry_time<?
2026-06-20 14:50:51 [scheduling-1] INFO  c.p.b.m.aspect.LoggingAspect - [d364c07c-8a78-4a58-a1ff-a12577ca9070] <-- PendingSignupCleanupService.deleteExpiredPendingSignups() | timeMs=0
2026-06-20 14:51:51 [scheduling-1] INFO  c.p.b.m.aspect.LoggingAspect - [08b37860-60e6-43b3-8dd5-1dac929848b8] --> PendingSignupCleanupService.deleteExpiredPendingSignups()
2026-06-20 14:51:51 [scheduling-1] DEBUG org.hibernate.SQL - 
    /* SELECT
        p 
    FROM
        PendingSignup p 
    WHERE
        p.expiryTime < :time */ select
            ps1_0.id,
            ps1_0.email,
            ps1_0.expiry_time,
            ps1_0.otp,
            ps1_0.password,
            ps1_0.username 
        from
            pending_signup ps1_0 
        where
            ps1_0.expiry_time<?
2026-06-20 14:51:51 [scheduling-1] INFO  c.p.b.m.aspect.LoggingAspect - [08b37860-60e6-43b3-8dd5-1dac929848b8] <-- PendingSignupCleanupService.deleteExpiredPendingSignups() | timeMs=0
2026-06-20 14:52:51 [scheduling-1] INFO  c.p.b.m.aspect.LoggingAspect - [c5692f75-2269-4e90-a5d6-a9b73d5d6e96] --> PendingSignupCleanupService.deleteExpiredPendingSignups()
2026-06-20 14:52:51 [scheduling-1] DEBUG org.hibernate.SQL - 
    /* SELECT
        p 
    FROM
        PendingSignup p 
    WHERE
        p.expiryTime < :time */ select
            ps1_0.id,
            ps1_0.email,
            ps1_0.expiry_time,
            ps1_0.otp,
            ps1_0.password,
            ps1_0.username 
        from
            pending_signup ps1_0 
        where
            ps1_0.expiry_time<?
2026-06-20 14:52:51 [scheduling-1] INFO  c.p.b.m.aspect.LoggingAspect - [c5692f75-2269-4e90-a5d6-a9b73d5d6e96] <-- PendingSignupCleanupService.deleteExpiredPendingSignups() | timeMs=0
2026-06-20 14:53:51 [scheduling-1] INFO  c.p.b.m.aspect.LoggingAspect - [56df834c-cfdb-4c9a-8250-e95e46b1d1d5] --> PendingSignupCleanupService.deleteExpiredPendingSignups()
2026-06-20 14:53:51 [scheduling-1] DEBUG org.hibernate.SQL - 
    /* SELECT
        p 
    FROM
        PendingSignup p 
    WHERE
        p.expiryTime < :time */ select
            ps1_0.id,
            ps1_0.email,
            ps1_0.expiry_time,
            ps1_0.otp,
            ps1_0.password,
            ps1_0.username 
        from
            pending_signup ps1_0 
        where
            ps1_0.expiry_time<?
2026-06-20 14:53:51 [scheduling-1] INFO  c.p.b.m.aspect.LoggingAspect - [56df834c-cfdb-4c9a-8250-e95e46b1d1d5] <-- PendingSignupCleanupService.deleteExpiredPendingSignups() | timeMs=0
2026-06-20 14:54:51 [scheduling-1] INFO  c.p.b.m.aspect.LoggingAspect - [7c7aa6c6-300d-4ca5-b712-37a70eb65c9c] --> PendingSignupCleanupService.deleteExpiredPendingSignups()
2026-06-20 14:54:51 [scheduling-1] DEBUG org.hibernate.SQL - 
    /* SELECT
        p 
    FROM
        PendingSignup p 
    WHERE
        p.expiryTime < :time */ select
            ps1_0.id,
            ps1_0.email,
            ps1_0.expiry_time,
            ps1_0.otp,
            ps1_0.password,
            ps1_0.username 
        from
            pending_signup ps1_0 
        where
            ps1_0.expiry_time<?
2026-06-20 14:54:51 [scheduling-1] INFO  c.p.b.m.aspect.LoggingAspect - [7c7aa6c6-300d-4ca5-b712-37a70eb65c9c] <-- PendingSignupCleanupService.deleteExpiredPendingSignups() | timeMs=0
2026-06-20 14:55:51 [scheduling-1] INFO  c.p.b.m.aspect.LoggingAspect - [968c6eca-58c9-4120-b83a-741658aa074f] --> PendingSignupCleanupService.deleteExpiredPendingSignups()
2026-06-20 14:55:51 [scheduling-1] DEBUG org.hibernate.SQL - 
    /* SELECT
        p 
    FROM
        PendingSignup p 
    WHERE
        p.expiryTime < :time */ select
            ps1_0.id,
            ps1_0.email,
            ps1_0.expiry_time,
            ps1_0.otp,
            ps1_0.password,
            ps1_0.username 
        from
            pending_signup ps1_0 
        where
            ps1_0.expiry_time<?
2026-06-20 14:55:51 [scheduling-1] INFO  c.p.b.m.aspect.LoggingAspect - [968c6eca-58c9-4120-b83a-741658aa074f] <-- PendingSignupCleanupService.deleteExpiredPendingSignups() | timeMs=0
2026-06-20 14:56:51 [scheduling-1] INFO  c.p.b.m.aspect.LoggingAspect - [4247657d-3b95-499a-8757-6f64299bbd61] --> PendingSignupCleanupService.deleteExpiredPendingSignups()
2026-06-20 14:56:51 [scheduling-1] DEBUG org.hibernate.SQL - 
    /* SELECT
        p 
    FROM
        PendingSignup p 
    WHERE
        p.expiryTime < :time */ select
            ps1_0.id,
            ps1_0.email,
            ps1_0.expiry_time,
            ps1_0.otp,
            ps1_0.password,
            ps1_0.username 
        from
            pending_signup ps1_0 
        where
            ps1_0.expiry_time<?
2026-06-20 14:56:51 [scheduling-1] INFO  c.p.b.m.aspect.LoggingAspect - [4247657d-3b95-499a-8757-6f64299bbd61] <-- PendingSignupCleanupService.deleteExpiredPendingSignups() | timeMs=1
2026-06-20 14:57:51 [scheduling-1] INFO  c.p.b.m.aspect.LoggingAspect - [9f410375-91f4-4772-994e-28f6a1ebfd9a] --> PendingSignupCleanupService.deleteExpiredPendingSignups()
2026-06-20 14:57:51 [scheduling-1] DEBUG org.hibernate.SQL - 
    /* SELECT
        p 
    FROM
        PendingSignup p 
    WHERE
        p.expiryTime < :time */ select
            ps1_0.id,
            ps1_0.email,
            ps1_0.expiry_time,
            ps1_0.otp,
            ps1_0.password,
            ps1_0.username 
        from
            pending_signup ps1_0 
        where
            ps1_0.expiry_time<?
2026-06-20 14:57:51 [scheduling-1] INFO  c.p.b.m.aspect.LoggingAspect - [9f410375-91f4-4772-994e-28f6a1ebfd9a] <-- PendingSignupCleanupService.deleteExpiredPendingSignups() | timeMs=0
2026-06-20 14:58:51 [scheduling-1] INFO  c.p.b.m.aspect.LoggingAspect - [e4987a6a-d3e3-4aab-8f6c-84b53737b09a] --> PendingSignupCleanupService.deleteExpiredPendingSignups()
2026-06-20 14:58:51 [scheduling-1] DEBUG org.hibernate.SQL - 
    /* SELECT
        p 
    FROM
        PendingSignup p 
    WHERE
        p.expiryTime < :time */ select
            ps1_0.id,
            ps1_0.email,
            ps1_0.expiry_time,
            ps1_0.otp,
            ps1_0.password,
            ps1_0.username 
        from
            pending_signup ps1_0 
        where
            ps1_0.expiry_time<?
2026-06-20 14:58:51 [scheduling-1] INFO  c.p.b.m.aspect.LoggingAspect - [e4987a6a-d3e3-4aab-8f6c-84b53737b09a] <-- PendingSignupCleanupService.deleteExpiredPendingSignups() | timeMs=0
2026-06-20 14:59:51 [scheduling-1] INFO  c.p.b.m.aspect.LoggingAspect - [117f3a38-dac7-4273-9b54-9130e809387a] --> PendingSignupCleanupService.deleteExpiredPendingSignups()
2026-06-20 14:59:51 [scheduling-1] DEBUG org.hibernate.SQL - 
    /* SELECT
        p 
    FROM
        PendingSignup p 
    WHERE
        p.expiryTime < :time */ select
            ps1_0.id,
            ps1_0.email,
            ps1_0.expiry_time,
            ps1_0.otp,
            ps1_0.password,
            ps1_0.username 
        from
            pending_signup ps1_0 
        where
            ps1_0.expiry_time<?
2026-06-20 14:59:51 [scheduling-1] INFO  c.p.b.m.aspect.LoggingAspect - [117f3a38-dac7-4273-9b54-9130e809387a] <-- PendingSignupCleanupService.deleteExpiredPendingSignups() | timeMs=0
2026-06-20 15:00:51 [scheduling-1] INFO  c.p.b.m.aspect.LoggingAspect - [e83185d7-7d6f-4eea-a0da-41523f47be3c] --> PendingSignupCleanupService.deleteExpiredPendingSignups()
2026-06-20 15:00:51 [scheduling-1] DEBUG org.hibernate.SQL - 
    /* SELECT
        p 
    FROM
        PendingSignup p 
    WHERE
        p.expiryTime < :time */ select
            ps1_0.id,
            ps1_0.email,
            ps1_0.expiry_time,
            ps1_0.otp,
            ps1_0.password,
            ps1_0.username 
        from
            pending_signup ps1_0 
        where
            ps1_0.expiry_time<?
2026-06-20 15:00:51 [scheduling-1] INFO  c.p.b.m.aspect.LoggingAspect - [e83185d7-7d6f-4eea-a0da-41523f47be3c] <-- PendingSignupCleanupService.deleteExpiredPendingSignups() | timeMs=0
2026-06-20 15:01:51 [scheduling-1] INFO  c.p.b.m.aspect.LoggingAspect - [4f4f2674-ba9a-4040-afd3-75d9f4fde1f3] --> PendingSignupCleanupService.deleteExpiredPendingSignups()
2026-06-20 15:01:51 [scheduling-1] DEBUG org.hibernate.SQL - 
    /* SELECT
        p 
    FROM
        PendingSignup p 
    WHERE
        p.expiryTime < :time */ select
            ps1_0.id,
            ps1_0.email,
            ps1_0.expiry_time,
            ps1_0.otp,
            ps1_0.password,
            ps1_0.username 
        from
            pending_signup ps1_0 
        where
            ps1_0.expiry_time<?
2026-06-20 15:01:51 [scheduling-1] INFO  c.p.b.m.aspect.LoggingAspect - [4f4f2674-ba9a-4040-afd3-75d9f4fde1f3] <-- PendingSignupCleanupService.deleteExpiredPendingSignups() | timeMs=0
2026-06-20 15:02:51 [scheduling-1] INFO  c.p.b.m.aspect.LoggingAspect - [7de84789-366c-4aea-bad6-7105bff7ba88] --> PendingSignupCleanupService.deleteExpiredPendingSignups()
2026-06-20 15:02:51 [scheduling-1] DEBUG org.hibernate.SQL - 
    /* SELECT
        p 
    FROM
        PendingSignup p 
    WHERE
        p.expiryTime < :time */ select
            ps1_0.id,
            ps1_0.email,
            ps1_0.expiry_time,
            ps1_0.otp,
            ps1_0.password,
            ps1_0.username 
        from
            pending_signup ps1_0 
        where
            ps1_0.expiry_time<?
2026-06-20 15:02:51 [scheduling-1] INFO  c.p.b.m.aspect.LoggingAspect - [7de84789-366c-4aea-bad6-7105bff7ba88] <-- PendingSignupCleanupService.deleteExpiredPendingSignups() | timeMs=1
2026-06-20 15:03:51 [scheduling-1] INFO  c.p.b.m.aspect.LoggingAspect - [ed9730fc-877c-4e53-a1ea-42b03b19bece] --> PendingSignupCleanupService.deleteExpiredPendingSignups()
2026-06-20 15:03:51 [scheduling-1] DEBUG org.hibernate.SQL - 
    /* SELECT
        p 
    FROM
        PendingSignup p 
    WHERE
        p.expiryTime < :time */ select
            ps1_0.id,
            ps1_0.email,
            ps1_0.expiry_time,
            ps1_0.otp,
            ps1_0.password,
            ps1_0.username 
        from
            pending_signup ps1_0 
        where
            ps1_0.expiry_time<?
2026-06-20 15:03:51 [scheduling-1] INFO  c.p.b.m.aspect.LoggingAspect - [ed9730fc-877c-4e53-a1ea-42b03b19bece] <-- PendingSignupCleanupService.deleteExpiredPendingSignups() | timeMs=0
2026-06-20 15:04:51 [scheduling-1] INFO  c.p.b.m.aspect.LoggingAspect - [7aebb64e-9639-48eb-b0ce-9d57515d613f] --> PendingSignupCleanupService.deleteExpiredPendingSignups()
2026-06-20 15:04:51 [scheduling-1] DEBUG org.hibernate.SQL - 
    /* SELECT
        p 
    FROM
        PendingSignup p 
    WHERE
        p.expiryTime < :time */ select
            ps1_0.id,
            ps1_0.email,
            ps1_0.expiry_time,
            ps1_0.otp,
            ps1_0.password,
            ps1_0.username 
        from
            pending_signup ps1_0 
        where
            ps1_0.expiry_time<?
2026-06-20 15:04:51 [scheduling-1] INFO  c.p.b.m.aspect.LoggingAspect - [7aebb64e-9639-48eb-b0ce-9d57515d613f] <-- PendingSignupCleanupService.deleteExpiredPendingSignups() | timeMs=0
2026-06-20 15:05:51 [scheduling-1] INFO  c.p.b.m.aspect.LoggingAspect - [82278b0a-0d16-4823-8e8f-6c0c6eae3886] --> PendingSignupCleanupService.deleteExpiredPendingSignups()
2026-06-20 15:05:51 [scheduling-1] DEBUG org.hibernate.SQL - 
    /* SELECT
        p 
    FROM
        PendingSignup p 
    WHERE
        p.expiryTime < :time */ select
            ps1_0.id,
            ps1_0.email,
            ps1_0.expiry_time,
            ps1_0.otp,
            ps1_0.password,
            ps1_0.username 
        from
            pending_signup ps1_0 
        where
            ps1_0.expiry_time<?
2026-06-20 15:05:51 [scheduling-1] INFO  c.p.b.m.aspect.LoggingAspect - [82278b0a-0d16-4823-8e8f-6c0c6eae3886] <-- PendingSignupCleanupService.deleteExpiredPendingSignups() | timeMs=1
2026-06-20 15:06:51 [scheduling-1] INFO  c.p.b.m.aspect.LoggingAspect - [b375f539-17d7-4685-9cc3-ed4f258b8790] --> PendingSignupCleanupService.deleteExpiredPendingSignups()
2026-06-20 15:06:51 [scheduling-1] DEBUG org.hibernate.SQL - 
    /* SELECT
        p 
    FROM
        PendingSignup p 
    WHERE
        p.expiryTime < :time */ select
            ps1_0.id,
            ps1_0.email,
            ps1_0.expiry_time,
            ps1_0.otp,
            ps1_0.password,
            ps1_0.username 
        from
            pending_signup ps1_0 
        where
            ps1_0.expiry_time<?
2026-06-20 15:06:51 [scheduling-1] INFO  c.p.b.m.aspect.LoggingAspect - [b375f539-17d7-4685-9cc3-ed4f258b8790] <-- PendingSignupCleanupService.deleteExpiredPendingSignups() | timeMs=0
2026-06-20 15:07:51 [scheduling-1] INFO  c.p.b.m.aspect.LoggingAspect - [64dfa36b-1875-4049-9a72-439df7bc1c78] --> PendingSignupCleanupService.deleteExpiredPendingSignups()
2026-06-20 15:07:51 [scheduling-1] DEBUG org.hibernate.SQL - 
    /* SELECT
        p 
    FROM
        PendingSignup p 
    WHERE
        p.expiryTime < :time */ select
            ps1_0.id,
            ps1_0.email,
            ps1_0.expiry_time,
            ps1_0.otp,
            ps1_0.password,
            ps1_0.username 
        from
            pending_signup ps1_0 
        where
            ps1_0.expiry_time<?
2026-06-20 15:07:51 [scheduling-1] INFO  c.p.b.m.aspect.LoggingAspect - [64dfa36b-1875-4049-9a72-439df7bc1c78] <-- PendingSignupCleanupService.deleteExpiredPendingSignups() | timeMs=0
2026-06-20 15:08:51 [scheduling-1] INFO  c.p.b.m.aspect.LoggingAspect - [8b1f0cc6-ae3e-448a-9a96-5a967ef5fca9] --> PendingSignupCleanupService.deleteExpiredPendingSignups()
2026-06-20 15:08:51 [scheduling-1] DEBUG org.hibernate.SQL - 
    /* SELECT
        p 
    FROM
        PendingSignup p 
    WHERE
        p.expiryTime < :time */ select
            ps1_0.id,
            ps1_0.email,
            ps1_0.expiry_time,
            ps1_0.otp,
            ps1_0.password,
            ps1_0.username 
        from
            pending_signup ps1_0 
        where
            ps1_0.expiry_time<?
2026-06-20 15:08:51 [scheduling-1] INFO  c.p.b.m.aspect.LoggingAspect - [8b1f0cc6-ae3e-448a-9a96-5a967ef5fca9] <-- PendingSignupCleanupService.deleteExpiredPendingSignups() | timeMs=0
2026-06-20 15:09:51 [scheduling-1] INFO  c.p.b.m.aspect.LoggingAspect - [1114ec37-dfe2-44c3-a98c-01d37ffa985f] --> PendingSignupCleanupService.deleteExpiredPendingSignups()
2026-06-20 15:09:51 [scheduling-1] DEBUG org.hibernate.SQL - 
    /* SELECT
        p 
    FROM
        PendingSignup p 
    WHERE
        p.expiryTime < :time */ select
            ps1_0.id,
            ps1_0.email,
            ps1_0.expiry_time,
            ps1_0.otp,
            ps1_0.password,
            ps1_0.username 
        from
            pending_signup ps1_0 
        where
            ps1_0.expiry_time<?
2026-06-20 15:09:51 [scheduling-1] INFO  c.p.b.m.aspect.LoggingAspect - [1114ec37-dfe2-44c3-a98c-01d37ffa985f] <-- PendingSignupCleanupService.deleteExpiredPendingSignups() | timeMs=0
2026-06-20 15:10:51 [scheduling-1] INFO  c.p.b.m.aspect.LoggingAspect - [4f67d45b-53df-4bc4-beec-4bf441a47093] --> PendingSignupCleanupService.deleteExpiredPendingSignups()
2026-06-20 15:10:51 [scheduling-1] DEBUG org.hibernate.SQL - 
    /* SELECT
        p 
    FROM
        PendingSignup p 
    WHERE
        p.expiryTime < :time */ select
            ps1_0.id,
            ps1_0.email,
            ps1_0.expiry_time,
            ps1_0.otp,
            ps1_0.password,
            ps1_0.username 
        from
            pending_signup ps1_0 
        where
            ps1_0.expiry_time<?
2026-06-20 15:10:51 [scheduling-1] INFO  c.p.b.m.aspect.LoggingAspect - [4f67d45b-53df-4bc4-beec-4bf441a47093] <-- PendingSignupCleanupService.deleteExpiredPendingSignups() | timeMs=0
2026-06-20 15:11:51 [scheduling-1] INFO  c.p.b.m.aspect.LoggingAspect - [ac724648-aa91-4dbf-a424-640762a3ee3c] --> PendingSignupCleanupService.deleteExpiredPendingSignups()
2026-06-20 15:11:51 [scheduling-1] DEBUG org.hibernate.SQL - 
    /* SELECT
        p 
    FROM
        PendingSignup p 
    WHERE
        p.expiryTime < :time */ select
            ps1_0.id,
            ps1_0.email,
            ps1_0.expiry_time,
            ps1_0.otp,
            ps1_0.password,
            ps1_0.username 
        from
            pending_signup ps1_0 
        where
            ps1_0.expiry_time<?
2026-06-20 15:11:51 [scheduling-1] INFO  c.p.b.m.aspect.LoggingAspect - [ac724648-aa91-4dbf-a424-640762a3ee3c] <-- PendingSignupCleanupService.deleteExpiredPendingSignups() | timeMs=0
2026-06-20 15:12:51 [scheduling-1] INFO  c.p.b.m.aspect.LoggingAspect - [d9ff58ee-f0ae-46be-822b-35499e9abd50] --> PendingSignupCleanupService.deleteExpiredPendingSignups()
2026-06-20 15:12:51 [scheduling-1] DEBUG org.hibernate.SQL - 
    /* SELECT
        p 
    FROM
        PendingSignup p 
    WHERE
        p.expiryTime < :time */ select
            ps1_0.id,
            ps1_0.email,
            ps1_0.expiry_time,
            ps1_0.otp,
            ps1_0.password,
            ps1_0.username 
        from
            pending_signup ps1_0 
        where
            ps1_0.expiry_time<?
2026-06-20 15:12:51 [scheduling-1] INFO  c.p.b.m.aspect.LoggingAspect - [d9ff58ee-f0ae-46be-822b-35499e9abd50] <-- PendingSignupCleanupService.deleteExpiredPendingSignups() | timeMs=0
2026-06-20 15:13:51 [scheduling-1] INFO  c.p.b.m.aspect.LoggingAspect - [f9cda0b8-a77f-4d3b-949e-9a83209fe2e8] --> PendingSignupCleanupService.deleteExpiredPendingSignups()
2026-06-20 15:13:51 [scheduling-1] DEBUG org.hibernate.SQL - 
    /* SELECT
        p 
    FROM
        PendingSignup p 
    WHERE
        p.expiryTime < :time */ select
            ps1_0.id,
            ps1_0.email,
            ps1_0.expiry_time,
            ps1_0.otp,
            ps1_0.password,
            ps1_0.username 
        from
            pending_signup ps1_0 
        where
            ps1_0.expiry_time<?
2026-06-20 15:13:51 [scheduling-1] INFO  c.p.b.m.aspect.LoggingAspect - [f9cda0b8-a77f-4d3b-949e-9a83209fe2e8] <-- PendingSignupCleanupService.deleteExpiredPendingSignups() | timeMs=0
2026-06-20 15:14:51 [scheduling-1] INFO  c.p.b.m.aspect.LoggingAspect - [f3315931-3453-4300-af29-2e4e2c21158b] --> PendingSignupCleanupService.deleteExpiredPendingSignups()
2026-06-20 15:14:51 [scheduling-1] DEBUG org.hibernate.SQL - 
    /* SELECT
        p 
    FROM
        PendingSignup p 
    WHERE
        p.expiryTime < :time */ select
            ps1_0.id,
            ps1_0.email,
            ps1_0.expiry_time,
            ps1_0.otp,
            ps1_0.password,
            ps1_0.username 
        from
            pending_signup ps1_0 
        where
            ps1_0.expiry_time<?
2026-06-20 15:14:51 [scheduling-1] INFO  c.p.b.m.aspect.LoggingAspect - [f3315931-3453-4300-af29-2e4e2c21158b] <-- PendingSignupCleanupService.deleteExpiredPendingSignups() | timeMs=0
2026-06-20 15:15:51 [scheduling-1] INFO  c.p.b.m.aspect.LoggingAspect - [6d37b22c-d441-4134-8320-fb3dc319620f] --> PendingSignupCleanupService.deleteExpiredPendingSignups()
2026-06-20 15:15:51 [scheduling-1] DEBUG org.hibernate.SQL - 
    /* SELECT
        p 
    FROM
        PendingSignup p 
    WHERE
        p.expiryTime < :time */ select
            ps1_0.id,
            ps1_0.email,
            ps1_0.expiry_time,
            ps1_0.otp,
            ps1_0.password,
            ps1_0.username 
        from
            pending_signup ps1_0 
        where
            ps1_0.expiry_time<?
2026-06-20 15:15:51 [scheduling-1] INFO  c.p.b.m.aspect.LoggingAspect - [6d37b22c-d441-4134-8320-fb3dc319620f] <-- PendingSignupCleanupService.deleteExpiredPendingSignups() | timeMs=0
2026-06-20 15:16:51 [scheduling-1] INFO  c.p.b.m.aspect.LoggingAspect - [d7f4b2da-c49b-43c6-9d44-19813a790aed] --> PendingSignupCleanupService.deleteExpiredPendingSignups()
2026-06-20 15:16:51 [scheduling-1] DEBUG org.hibernate.SQL - 
    /* SELECT
        p 
    FROM
        PendingSignup p 
    WHERE
        p.expiryTime < :time */ select
            ps1_0.id,
            ps1_0.email,
            ps1_0.expiry_time,
            ps1_0.otp,
            ps1_0.password,
            ps1_0.username 
        from
            pending_signup ps1_0 
        where
            ps1_0.expiry_time<?
2026-06-20 15:16:51 [scheduling-1] INFO  c.p.b.m.aspect.LoggingAspect - [d7f4b2da-c49b-43c6-9d44-19813a790aed] <-- PendingSignupCleanupService.deleteExpiredPendingSignups() | timeMs=0
2026-06-20 15:17:51 [scheduling-1] INFO  c.p.b.m.aspect.LoggingAspect - [f6fd736a-420e-4607-b547-a02921342c20] --> PendingSignupCleanupService.deleteExpiredPendingSignups()
2026-06-20 15:17:51 [scheduling-1] DEBUG org.hibernate.SQL - 
    /* SELECT
        p 
    FROM
        PendingSignup p 
    WHERE
        p.expiryTime < :time */ select
            ps1_0.id,
            ps1_0.email,
            ps1_0.expiry_time,
            ps1_0.otp,
            ps1_0.password,
            ps1_0.username 
        from
            pending_signup ps1_0 
        where
            ps1_0.expiry_time<?
2026-06-20 15:17:51 [scheduling-1] INFO  c.p.b.m.aspect.LoggingAspect - [f6fd736a-420e-4607-b547-a02921342c20] <-- PendingSignupCleanupService.deleteExpiredPendingSignups() | timeMs=0
2026-06-20 15:18:51 [scheduling-1] INFO  c.p.b.m.aspect.LoggingAspect - [424defc3-6328-41f3-a79b-0cd5c2395abe] --> PendingSignupCleanupService.deleteExpiredPendingSignups()
2026-06-20 15:18:51 [scheduling-1] DEBUG org.hibernate.SQL - 
    /* SELECT
        p 
    FROM
        PendingSignup p 
    WHERE
        p.expiryTime < :time */ select
            ps1_0.id,
            ps1_0.email,
            ps1_0.expiry_time,
            ps1_0.otp,
            ps1_0.password,
            ps1_0.username 
        from
            pending_signup ps1_0 
        where
            ps1_0.expiry_time<?
2026-06-20 15:18:51 [scheduling-1] INFO  c.p.b.m.aspect.LoggingAspect - [424defc3-6328-41f3-a79b-0cd5c2395abe] <-- PendingSignupCleanupService.deleteExpiredPendingSignups() | timeMs=0
2026-06-20 15:19:51 [scheduling-1] INFO  c.p.b.m.aspect.LoggingAspect - [cfce75c7-82f9-4935-9505-7810d4faa6a8] --> PendingSignupCleanupService.deleteExpiredPendingSignups()
2026-06-20 15:19:51 [scheduling-1] DEBUG org.hibernate.SQL - 
    /* SELECT
        p 
    FROM
        PendingSignup p 
    WHERE
        p.expiryTime < :time */ select
            ps1_0.id,
            ps1_0.email,
            ps1_0.expiry_time,
            ps1_0.otp,
            ps1_0.password,
            ps1_0.username 
        from
            pending_signup ps1_0 
        where
            ps1_0.expiry_time<?
2026-06-20 15:19:51 [scheduling-1] INFO  c.p.b.m.aspect.LoggingAspect - [cfce75c7-82f9-4935-9505-7810d4faa6a8] <-- PendingSignupCleanupService.deleteExpiredPendingSignups() | timeMs=1
2026-06-20 15:20:51 [scheduling-1] INFO  c.p.b.m.aspect.LoggingAspect - [05243ad2-4738-4176-9218-4224cac3f4f6] --> PendingSignupCleanupService.deleteExpiredPendingSignups()
2026-06-20 15:20:51 [scheduling-1] DEBUG org.hibernate.SQL - 
    /* SELECT
        p 
    FROM
        PendingSignup p 
    WHERE
        p.expiryTime < :time */ select
            ps1_0.id,
            ps1_0.email,
            ps1_0.expiry_time,
            ps1_0.otp,
            ps1_0.password,
            ps1_0.username 
        from
            pending_signup ps1_0 
        where
            ps1_0.expiry_time<?
2026-06-20 15:20:51 [scheduling-1] INFO  c.p.b.m.aspect.LoggingAspect - [05243ad2-4738-4176-9218-4224cac3f4f6] <-- PendingSignupCleanupService.deleteExpiredPendingSignups() | timeMs=0
2026-06-20 15:21:51 [scheduling-1] INFO  c.p.b.m.aspect.LoggingAspect - [8e542d3a-1155-4ac5-adb8-55e56bb36d6e] --> PendingSignupCleanupService.deleteExpiredPendingSignups()
2026-06-20 15:21:51 [scheduling-1] DEBUG org.hibernate.SQL - 
    /* SELECT
        p 
    FROM
        PendingSignup p 
    WHERE
        p.expiryTime < :time */ select
            ps1_0.id,
            ps1_0.email,
            ps1_0.expiry_time,
            ps1_0.otp,
            ps1_0.password,
            ps1_0.username 
        from
            pending_signup ps1_0 
        where
            ps1_0.expiry_time<?
2026-06-20 15:21:51 [scheduling-1] INFO  c.p.b.m.aspect.LoggingAspect - [8e542d3a-1155-4ac5-adb8-55e56bb36d6e] <-- PendingSignupCleanupService.deleteExpiredPendingSignups() | timeMs=0
2026-06-20 15:22:51 [scheduling-1] INFO  c.p.b.m.aspect.LoggingAspect - [a2c31241-1d94-45fe-b999-8c0bab10f807] --> PendingSignupCleanupService.deleteExpiredPendingSignups()
2026-06-20 15:22:51 [scheduling-1] DEBUG org.hibernate.SQL - 
    /* SELECT
        p 
    FROM
        PendingSignup p 
    WHERE
        p.expiryTime < :time */ select
            ps1_0.id,
            ps1_0.email,
            ps1_0.expiry_time,
            ps1_0.otp,
            ps1_0.password,
            ps1_0.username 
        from
            pending_signup ps1_0 
        where
            ps1_0.expiry_time<?
2026-06-20 15:22:51 [scheduling-1] INFO  c.p.b.m.aspect.LoggingAspect - [a2c31241-1d94-45fe-b999-8c0bab10f807] <-- PendingSignupCleanupService.deleteExpiredPendingSignups() | timeMs=1
2026-06-20 15:23:51 [scheduling-1] INFO  c.p.b.m.aspect.LoggingAspect - [5e63253e-5d5e-424e-a8c8-e9a229b79af7] --> PendingSignupCleanupService.deleteExpiredPendingSignups()
2026-06-20 15:23:51 [scheduling-1] DEBUG org.hibernate.SQL - 
    /* SELECT
        p 
    FROM
        PendingSignup p 
    WHERE
        p.expiryTime < :time */ select
            ps1_0.id,
            ps1_0.email,
            ps1_0.expiry_time,
            ps1_0.otp,
            ps1_0.password,
            ps1_0.username 
        from
            pending_signup ps1_0 
        where
            ps1_0.expiry_time<?
2026-06-20 15:23:51 [scheduling-1] INFO  c.p.b.m.aspect.LoggingAspect - [5e63253e-5d5e-424e-a8c8-e9a229b79af7] <-- PendingSignupCleanupService.deleteExpiredPendingSignups() | timeMs=0
2026-06-20 15:24:51 [scheduling-1] INFO  c.p.b.m.aspect.LoggingAspect - [3a6f58c3-3cc4-4cc6-a642-ee10ee747e7b] --> PendingSignupCleanupService.deleteExpiredPendingSignups()
2026-06-20 15:24:51 [scheduling-1] DEBUG org.hibernate.SQL - 
    /* SELECT
        p 
    FROM
        PendingSignup p 
    WHERE
        p.expiryTime < :time */ select
            ps1_0.id,
            ps1_0.email,
            ps1_0.expiry_time,
            ps1_0.otp,
            ps1_0.password,
            ps1_0.username 
        from
            pending_signup ps1_0 
        where
            ps1_0.expiry_time<?
2026-06-20 15:24:51 [scheduling-1] INFO  c.p.b.m.aspect.LoggingAspect - [3a6f58c3-3cc4-4cc6-a642-ee10ee747e7b] <-- PendingSignupCleanupService.deleteExpiredPendingSignups() | timeMs=0
2026-06-20 15:25:51 [scheduling-1] INFO  c.p.b.m.aspect.LoggingAspect - [addfd439-eedb-493d-8de1-0893fd3ef07c] --> PendingSignupCleanupService.deleteExpiredPendingSignups()
2026-06-20 15:25:51 [scheduling-1] DEBUG org.hibernate.SQL - 
    /* SELECT
        p 
    FROM
        PendingSignup p 
    WHERE
        p.expiryTime < :time */ select
            ps1_0.id,
            ps1_0.email,
            ps1_0.expiry_time,
            ps1_0.otp,
            ps1_0.password,
            ps1_0.username 
        from
            pending_signup ps1_0 
        where
            ps1_0.expiry_time<?
2026-06-20 15:25:51 [scheduling-1] INFO  c.p.b.m.aspect.LoggingAspect - [addfd439-eedb-493d-8de1-0893fd3ef07c] <-- PendingSignupCleanupService.deleteExpiredPendingSignups() | timeMs=0
2026-06-20 15:26:51 [scheduling-1] INFO  c.p.b.m.aspect.LoggingAspect - [d48f12b0-1ff4-48ab-826a-09f04bc9d019] --> PendingSignupCleanupService.deleteExpiredPendingSignups()
2026-06-20 15:26:51 [scheduling-1] DEBUG org.hibernate.SQL - 
    /* SELECT
        p 
    FROM
        PendingSignup p 
    WHERE
        p.expiryTime < :time */ select
            ps1_0.id,
            ps1_0.email,
            ps1_0.expiry_time,
            ps1_0.otp,
            ps1_0.password,
            ps1_0.username 
        from
            pending_signup ps1_0 
        where
            ps1_0.expiry_time<?
2026-06-20 15:26:51 [scheduling-1] INFO  c.p.b.m.aspect.LoggingAspect - [d48f12b0-1ff4-48ab-826a-09f04bc9d019] <-- PendingSignupCleanupService.deleteExpiredPendingSignups() | timeMs=0
2026-06-20 15:27:51 [scheduling-1] INFO  c.p.b.m.aspect.LoggingAspect - [a01618da-4462-413b-8684-530edb0175db] --> PendingSignupCleanupService.deleteExpiredPendingSignups()
2026-06-20 15:27:51 [scheduling-1] DEBUG org.hibernate.SQL - 
    /* SELECT
        p 
    FROM
        PendingSignup p 
    WHERE
        p.expiryTime < :time */ select
            ps1_0.id,
            ps1_0.email,
            ps1_0.expiry_time,
            ps1_0.otp,
            ps1_0.password,
            ps1_0.username 
        from
            pending_signup ps1_0 
        where
            ps1_0.expiry_time<?
2026-06-20 15:27:51 [scheduling-1] INFO  c.p.b.m.aspect.LoggingAspect - [a01618da-4462-413b-8684-530edb0175db] <-- PendingSignupCleanupService.deleteExpiredPendingSignups() | timeMs=0
2026-06-20 15:28:51 [scheduling-1] INFO  c.p.b.m.aspect.LoggingAspect - [df304787-9cbb-49cb-bf1d-f9829398edc3] --> PendingSignupCleanupService.deleteExpiredPendingSignups()
2026-06-20 15:28:51 [scheduling-1] DEBUG org.hibernate.SQL - 
    /* SELECT
        p 
    FROM
        PendingSignup p 
    WHERE
        p.expiryTime < :time */ select
            ps1_0.id,
            ps1_0.email,
            ps1_0.expiry_time,
            ps1_0.otp,
            ps1_0.password,
            ps1_0.username 
        from
            pending_signup ps1_0 
        where
            ps1_0.expiry_time<?
2026-06-20 15:28:51 [scheduling-1] INFO  c.p.b.m.aspect.LoggingAspect - [df304787-9cbb-49cb-bf1d-f9829398edc3] <-- PendingSignupCleanupService.deleteExpiredPendingSignups() | timeMs=0
2026-06-20 15:29:51 [scheduling-1] INFO  c.p.b.m.aspect.LoggingAspect - [713968b9-0030-410e-b432-623cb72ff6ab] --> PendingSignupCleanupService.deleteExpiredPendingSignups()
2026-06-20 15:29:51 [scheduling-1] DEBUG org.hibernate.SQL - 
    /* SELECT
        p 
    FROM
        PendingSignup p 
    WHERE
        p.expiryTime < :time */ select
            ps1_0.id,
            ps1_0.email,
            ps1_0.expiry_time,
            ps1_0.otp,
            ps1_0.password,
            ps1_0.username 
        from
            pending_signup ps1_0 
        where
            ps1_0.expiry_time<?
2026-06-20 15:29:51 [scheduling-1] INFO  c.p.b.m.aspect.LoggingAspect - [713968b9-0030-410e-b432-623cb72ff6ab] <-- PendingSignupCleanupService.deleteExpiredPendingSignups() | timeMs=0
2026-06-20 15:30:51 [scheduling-1] INFO  c.p.b.m.aspect.LoggingAspect - [eb394b70-3532-4e97-a1fd-28c1a5bac523] --> PendingSignupCleanupService.deleteExpiredPendingSignups()
2026-06-20 15:30:51 [scheduling-1] DEBUG org.hibernate.SQL - 
    /* SELECT
        p 
    FROM
        PendingSignup p 
    WHERE
        p.expiryTime < :time */ select
            ps1_0.id,
            ps1_0.email,
            ps1_0.expiry_time,
            ps1_0.otp,
            ps1_0.password,
            ps1_0.username 
        from
            pending_signup ps1_0 
        where
            ps1_0.expiry_time<?
2026-06-20 15:30:51 [scheduling-1] INFO  c.p.b.m.aspect.LoggingAspect - [eb394b70-3532-4e97-a1fd-28c1a5bac523] <-- PendingSignupCleanupService.deleteExpiredPendingSignups() | timeMs=0
2026-06-20 15:31:51 [scheduling-1] INFO  c.p.b.m.aspect.LoggingAspect - [8e9af549-ef8e-438f-88de-415ae8192fdd] --> PendingSignupCleanupService.deleteExpiredPendingSignups()
2026-06-20 15:31:51 [scheduling-1] DEBUG org.hibernate.SQL - 
    /* SELECT
        p 
    FROM
        PendingSignup p 
    WHERE
        p.expiryTime < :time */ select
            ps1_0.id,
            ps1_0.email,
            ps1_0.expiry_time,
            ps1_0.otp,
            ps1_0.password,
            ps1_0.username 
        from
            pending_signup ps1_0 
        where
            ps1_0.expiry_time<?
2026-06-20 15:31:51 [scheduling-1] INFO  c.p.b.m.aspect.LoggingAspect - [8e9af549-ef8e-438f-88de-415ae8192fdd] <-- PendingSignupCleanupService.deleteExpiredPendingSignups() | timeMs=0
2026-06-20 15:32:51 [scheduling-1] INFO  c.p.b.m.aspect.LoggingAspect - [e980effc-f61f-486b-9f7d-a8cd376e8347] --> PendingSignupCleanupService.deleteExpiredPendingSignups()
2026-06-20 15:32:51 [scheduling-1] DEBUG org.hibernate.SQL - 
    /* SELECT
        p 
    FROM
        PendingSignup p 
    WHERE
        p.expiryTime < :time */ select
            ps1_0.id,
            ps1_0.email,
            ps1_0.expiry_time,
            ps1_0.otp,
            ps1_0.password,
            ps1_0.username 
        from
            pending_signup ps1_0 
        where
            ps1_0.expiry_time<?
2026-06-20 15:32:51 [scheduling-1] INFO  c.p.b.m.aspect.LoggingAspect - [e980effc-f61f-486b-9f7d-a8cd376e8347] <-- PendingSignupCleanupService.deleteExpiredPendingSignups() | timeMs=0
2026-06-20 15:33:51 [scheduling-1] INFO  c.p.b.m.aspect.LoggingAspect - [6ef757ae-998b-40e4-a88a-4f0015143749] --> PendingSignupCleanupService.deleteExpiredPendingSignups()
2026-06-20 15:33:51 [scheduling-1] DEBUG org.hibernate.SQL - 
    /* SELECT
        p 
    FROM
        PendingSignup p 
    WHERE
        p.expiryTime < :time */ select
            ps1_0.id,
            ps1_0.email,
            ps1_0.expiry_time,
            ps1_0.otp,
            ps1_0.password,
            ps1_0.username 
        from
            pending_signup ps1_0 
        where
            ps1_0.expiry_time<?
2026-06-20 15:33:51 [scheduling-1] INFO  c.p.b.m.aspect.LoggingAspect - [6ef757ae-998b-40e4-a88a-4f0015143749] <-- PendingSignupCleanupService.deleteExpiredPendingSignups() | timeMs=0
2026-06-20 15:34:51 [scheduling-1] INFO  c.p.b.m.aspect.LoggingAspect - [ef6d50b1-f5b3-41dc-9601-151bb6fcad15] --> PendingSignupCleanupService.deleteExpiredPendingSignups()
2026-06-20 15:34:51 [scheduling-1] DEBUG org.hibernate.SQL - 
    /* SELECT
        p 
    FROM
        PendingSignup p 
    WHERE
        p.expiryTime < :time */ select
            ps1_0.id,
            ps1_0.email,
            ps1_0.expiry_time,
            ps1_0.otp,
            ps1_0.password,
            ps1_0.username 
        from
            pending_signup ps1_0 
        where
            ps1_0.expiry_time<?
2026-06-20 15:34:51 [scheduling-1] INFO  c.p.b.m.aspect.LoggingAspect - [ef6d50b1-f5b3-41dc-9601-151bb6fcad15] <-- PendingSignupCleanupService.deleteExpiredPendingSignups() | timeMs=0
2026-06-20 15:35:51 [scheduling-1] INFO  c.p.b.m.aspect.LoggingAspect - [b566e878-4734-417c-80f8-bf826807da47] --> PendingSignupCleanupService.deleteExpiredPendingSignups()
2026-06-20 15:35:51 [scheduling-1] DEBUG org.hibernate.SQL - 
    /* SELECT
        p 
    FROM
        PendingSignup p 
    WHERE
        p.expiryTime < :time */ select
            ps1_0.id,
            ps1_0.email,
            ps1_0.expiry_time,
            ps1_0.otp,
            ps1_0.password,
            ps1_0.username 
        from
            pending_signup ps1_0 
        where
            ps1_0.expiry_time<?
2026-06-20 15:35:51 [scheduling-1] INFO  c.p.b.m.aspect.LoggingAspect - [b566e878-4734-417c-80f8-bf826807da47] <-- PendingSignupCleanupService.deleteExpiredPendingSignups() | timeMs=1
2026-06-20 15:36:51 [scheduling-1] INFO  c.p.b.m.aspect.LoggingAspect - [6ff78856-d45b-45df-953e-cdef8f44c8f2] --> PendingSignupCleanupService.deleteExpiredPendingSignups()
2026-06-20 15:36:51 [scheduling-1] DEBUG org.hibernate.SQL - 
    /* SELECT
        p 
    FROM
        PendingSignup p 
    WHERE
        p.expiryTime < :time */ select
            ps1_0.id,
            ps1_0.email,
            ps1_0.expiry_time,
            ps1_0.otp,
            ps1_0.password,
            ps1_0.username 
        from
            pending_signup ps1_0 
        where
            ps1_0.expiry_time<?
2026-06-20 15:36:51 [scheduling-1] INFO  c.p.b.m.aspect.LoggingAspect - [6ff78856-d45b-45df-953e-cdef8f44c8f2] <-- PendingSignupCleanupService.deleteExpiredPendingSignups() | timeMs=0
2026-06-20 15:37:51 [scheduling-1] INFO  c.p.b.m.aspect.LoggingAspect - [b68036fa-4420-459d-9661-05d83090aab0] --> PendingSignupCleanupService.deleteExpiredPendingSignups()
2026-06-20 15:37:51 [scheduling-1] DEBUG org.hibernate.SQL - 
    /* SELECT
        p 
    FROM
        PendingSignup p 
    WHERE
        p.expiryTime < :time */ select
            ps1_0.id,
            ps1_0.email,
            ps1_0.expiry_time,
            ps1_0.otp,
            ps1_0.password,
            ps1_0.username 
        from
            pending_signup ps1_0 
        where
            ps1_0.expiry_time<?
2026-06-20 15:37:51 [scheduling-1] INFO  c.p.b.m.aspect.LoggingAspect - [b68036fa-4420-459d-9661-05d83090aab0] <-- PendingSignupCleanupService.deleteExpiredPendingSignups() | timeMs=0
2026-06-20 15:38:51 [scheduling-1] INFO  c.p.b.m.aspect.LoggingAspect - [07f9134d-0af3-4c8e-995c-e4fbea952be0] --> PendingSignupCleanupService.deleteExpiredPendingSignups()
2026-06-20 15:38:51 [scheduling-1] DEBUG org.hibernate.SQL - 
    /* SELECT
        p 
    FROM
        PendingSignup p 
    WHERE
        p.expiryTime < :time */ select
            ps1_0.id,
            ps1_0.email,
            ps1_0.expiry_time,
            ps1_0.otp,
            ps1_0.password,
            ps1_0.username 
        from
            pending_signup ps1_0 
        where
            ps1_0.expiry_time<?
2026-06-20 15:38:51 [scheduling-1] INFO  c.p.b.m.aspect.LoggingAspect - [07f9134d-0af3-4c8e-995c-e4fbea952be0] <-- PendingSignupCleanupService.deleteExpiredPendingSignups() | timeMs=0
2026-06-20 15:39:51 [scheduling-1] INFO  c.p.b.m.aspect.LoggingAspect - [6db6c4c0-6f1d-4b41-b639-77cf59e1e4ab] --> PendingSignupCleanupService.deleteExpiredPendingSignups()
2026-06-20 15:39:51 [scheduling-1] DEBUG org.hibernate.SQL - 
    /* SELECT
        p 
    FROM
        PendingSignup p 
    WHERE
        p.expiryTime < :time */ select
            ps1_0.id,
            ps1_0.email,
            ps1_0.expiry_time,
            ps1_0.otp,
            ps1_0.password,
            ps1_0.username 
        from
            pending_signup ps1_0 
        where
            ps1_0.expiry_time<?
2026-06-20 15:39:51 [scheduling-1] INFO  c.p.b.m.aspect.LoggingAspect - [6db6c4c0-6f1d-4b41-b639-77cf59e1e4ab] <-- PendingSignupCleanupService.deleteExpiredPendingSignups() | timeMs=0
2026-06-20 15:40:51 [scheduling-1] INFO  c.p.b.m.aspect.LoggingAspect - [da3e063a-f235-4b64-a0d5-03003045c9c6] --> PendingSignupCleanupService.deleteExpiredPendingSignups()
2026-06-20 15:40:51 [scheduling-1] DEBUG org.hibernate.SQL - 
    /* SELECT
        p 
    FROM
        PendingSignup p 
    WHERE
        p.expiryTime < :time */ select
            ps1_0.id,
            ps1_0.email,
            ps1_0.expiry_time,
            ps1_0.otp,
            ps1_0.password,
            ps1_0.username 
        from
            pending_signup ps1_0 
        where
            ps1_0.expiry_time<?
2026-06-20 15:40:51 [scheduling-1] INFO  c.p.b.m.aspect.LoggingAspect - [da3e063a-f235-4b64-a0d5-03003045c9c6] <-- PendingSignupCleanupService.deleteExpiredPendingSignups() | timeMs=0
2026-06-20 15:41:51 [scheduling-1] INFO  c.p.b.m.aspect.LoggingAspect - [9f635eaa-e8ef-4c95-b75a-2c5198b66083] --> PendingSignupCleanupService.deleteExpiredPendingSignups()
2026-06-20 15:41:51 [scheduling-1] DEBUG org.hibernate.SQL - 
    /* SELECT
        p 
    FROM
        PendingSignup p 
    WHERE
        p.expiryTime < :time */ select
            ps1_0.id,
            ps1_0.email,
            ps1_0.expiry_time,
            ps1_0.otp,
            ps1_0.password,
            ps1_0.username 
        from
            pending_signup ps1_0 
        where
            ps1_0.expiry_time<?
2026-06-20 15:41:51 [scheduling-1] INFO  c.p.b.m.aspect.LoggingAspect - [9f635eaa-e8ef-4c95-b75a-2c5198b66083] <-- PendingSignupCleanupService.deleteExpiredPendingSignups() | timeMs=0
2026-06-20 15:42:51 [scheduling-1] INFO  c.p.b.m.aspect.LoggingAspect - [c92fc124-a026-47db-ba96-5776767dc797] --> PendingSignupCleanupService.deleteExpiredPendingSignups()
2026-06-20 15:42:51 [scheduling-1] DEBUG org.hibernate.SQL - 
    /* SELECT
        p 
    FROM
        PendingSignup p 
    WHERE
        p.expiryTime < :time */ select
            ps1_0.id,
            ps1_0.email,
            ps1_0.expiry_time,
            ps1_0.otp,
            ps1_0.password,
            ps1_0.username 
        from
            pending_signup ps1_0 
        where
            ps1_0.expiry_time<?
2026-06-20 15:42:51 [scheduling-1] INFO  c.p.b.m.aspect.LoggingAspect - [c92fc124-a026-47db-ba96-5776767dc797] <-- PendingSignupCleanupService.deleteExpiredPendingSignups() | timeMs=0
2026-06-20 15:43:51 [scheduling-1] INFO  c.p.b.m.aspect.LoggingAspect - [790e8942-d405-4eca-af06-9ae92c016586] --> PendingSignupCleanupService.deleteExpiredPendingSignups()
2026-06-20 15:43:51 [scheduling-1] DEBUG org.hibernate.SQL - 
    /* SELECT
        p 
    FROM
        PendingSignup p 
    WHERE
        p.expiryTime < :time */ select
            ps1_0.id,
            ps1_0.email,
            ps1_0.expiry_time,
            ps1_0.otp,
            ps1_0.password,
            ps1_0.username 
        from
            pending_signup ps1_0 
        where
            ps1_0.expiry_time<?
2026-06-20 15:43:51 [scheduling-1] INFO  c.p.b.m.aspect.LoggingAspect - [790e8942-d405-4eca-af06-9ae92c016586] <-- PendingSignupCleanupService.deleteExpiredPendingSignups() | timeMs=0
2026-06-20 15:44:51 [scheduling-1] INFO  c.p.b.m.aspect.LoggingAspect - [62434dd8-14bf-4c51-a237-b7e62334e313] --> PendingSignupCleanupService.deleteExpiredPendingSignups()
2026-06-20 15:44:51 [scheduling-1] DEBUG org.hibernate.SQL - 
    /* SELECT
        p 
    FROM
        PendingSignup p 
    WHERE
        p.expiryTime < :time */ select
            ps1_0.id,
            ps1_0.email,
            ps1_0.expiry_time,
            ps1_0.otp,
            ps1_0.password,
            ps1_0.username 
        from
            pending_signup ps1_0 
        where
            ps1_0.expiry_time<?
2026-06-20 15:44:51 [scheduling-1] INFO  c.p.b.m.aspect.LoggingAspect - [62434dd8-14bf-4c51-a237-b7e62334e313] <-- PendingSignupCleanupService.deleteExpiredPendingSignups() | timeMs=0
2026-06-20 15:45:51 [scheduling-1] INFO  c.p.b.m.aspect.LoggingAspect - [b731426a-25fd-4753-9c71-6a6927c629d8] --> PendingSignupCleanupService.deleteExpiredPendingSignups()
2026-06-20 15:45:51 [scheduling-1] DEBUG org.hibernate.SQL - 
    /* SELECT
        p 
    FROM
        PendingSignup p 
    WHERE
        p.expiryTime < :time */ select
            ps1_0.id,
            ps1_0.email,
            ps1_0.expiry_time,
            ps1_0.otp,
            ps1_0.password,
            ps1_0.username 
        from
            pending_signup ps1_0 
        where
            ps1_0.expiry_time<?
2026-06-20 15:45:51 [scheduling-1] INFO  c.p.b.m.aspect.LoggingAspect - [b731426a-25fd-4753-9c71-6a6927c629d8] <-- PendingSignupCleanupService.deleteExpiredPendingSignups() | timeMs=0
2026-06-20 15:46:51 [scheduling-1] INFO  c.p.b.m.aspect.LoggingAspect - [d2fe6c71-d32d-469e-9df2-6641c2c7d573] --> PendingSignupCleanupService.deleteExpiredPendingSignups()
2026-06-20 15:46:51 [scheduling-1] DEBUG org.hibernate.SQL - 
    /* SELECT
        p 
    FROM
        PendingSignup p 
    WHERE
        p.expiryTime < :time */ select
            ps1_0.id,
            ps1_0.email,
            ps1_0.expiry_time,
            ps1_0.otp,
            ps1_0.password,
            ps1_0.username 
        from
            pending_signup ps1_0 
        where
            ps1_0.expiry_time<?
2026-06-20 15:46:51 [scheduling-1] INFO  c.p.b.m.aspect.LoggingAspect - [d2fe6c71-d32d-469e-9df2-6641c2c7d573] <-- PendingSignupCleanupService.deleteExpiredPendingSignups() | timeMs=0
2026-06-20 15:47:51 [scheduling-1] INFO  c.p.b.m.aspect.LoggingAspect - [77b7185c-7cff-47c2-86e0-288101de1ef4] --> PendingSignupCleanupService.deleteExpiredPendingSignups()
2026-06-20 15:47:51 [scheduling-1] DEBUG org.hibernate.SQL - 
    /* SELECT
        p 
    FROM
        PendingSignup p 
    WHERE
        p.expiryTime < :time */ select
            ps1_0.id,
            ps1_0.email,
            ps1_0.expiry_time,
            ps1_0.otp,
            ps1_0.password,
            ps1_0.username 
        from
            pending_signup ps1_0 
        where
            ps1_0.expiry_time<?
2026-06-20 15:47:51 [scheduling-1] INFO  c.p.b.m.aspect.LoggingAspect - [77b7185c-7cff-47c2-86e0-288101de1ef4] <-- PendingSignupCleanupService.deleteExpiredPendingSignups() | timeMs=0
2026-06-20 15:48:51 [scheduling-1] INFO  c.p.b.m.aspect.LoggingAspect - [845e565b-6fb0-42d5-8897-c837bd4bf68e] --> PendingSignupCleanupService.deleteExpiredPendingSignups()
2026-06-20 15:48:51 [scheduling-1] DEBUG org.hibernate.SQL - 
    /* SELECT
        p 
    FROM
        PendingSignup p 
    WHERE
        p.expiryTime < :time */ select
            ps1_0.id,
            ps1_0.email,
            ps1_0.expiry_time,
            ps1_0.otp,
            ps1_0.password,
            ps1_0.username 
        from
            pending_signup ps1_0 
        where
            ps1_0.expiry_time<?
2026-06-20 15:48:51 [scheduling-1] INFO  c.p.b.m.aspect.LoggingAspect - [845e565b-6fb0-42d5-8897-c837bd4bf68e] <-- PendingSignupCleanupService.deleteExpiredPendingSignups() | timeMs=0
2026-06-20 15:49:51 [scheduling-1] INFO  c.p.b.m.aspect.LoggingAspect - [1a62af59-d4d5-47f7-8562-55ba8de27139] --> PendingSignupCleanupService.deleteExpiredPendingSignups()
2026-06-20 15:49:51 [scheduling-1] DEBUG org.hibernate.SQL - 
    /* SELECT
        p 
    FROM
        PendingSignup p 
    WHERE
        p.expiryTime < :time */ select
            ps1_0.id,
            ps1_0.email,
            ps1_0.expiry_time,
            ps1_0.otp,
            ps1_0.password,
            ps1_0.username 
        from
            pending_signup ps1_0 
        where
            ps1_0.expiry_time<?
2026-06-20 15:49:51 [scheduling-1] INFO  c.p.b.m.aspect.LoggingAspect - [1a62af59-d4d5-47f7-8562-55ba8de27139] <-- PendingSignupCleanupService.deleteExpiredPendingSignups() | timeMs=0
2026-06-20 15:50:51 [scheduling-1] INFO  c.p.b.m.aspect.LoggingAspect - [2df3015f-2073-4add-bd9c-77dd163006fb] --> PendingSignupCleanupService.deleteExpiredPendingSignups()
2026-06-20 15:50:51 [scheduling-1] DEBUG org.hibernate.SQL - 
    /* SELECT
        p 
    FROM
        PendingSignup p 
    WHERE
        p.expiryTime < :time */ select
            ps1_0.id,
            ps1_0.email,
            ps1_0.expiry_time,
            ps1_0.otp,
            ps1_0.password,
            ps1_0.username 
        from
            pending_signup ps1_0 
        where
            ps1_0.expiry_time<?
2026-06-20 15:50:51 [scheduling-1] INFO  c.p.b.m.aspect.LoggingAspect - [2df3015f-2073-4add-bd9c-77dd163006fb] <-- PendingSignupCleanupService.deleteExpiredPendingSignups() | timeMs=1
2026-06-20 15:51:51 [scheduling-1] INFO  c.p.b.m.aspect.LoggingAspect - [15262a9f-07bc-4b6a-9707-5a0b669b558d] --> PendingSignupCleanupService.deleteExpiredPendingSignups()
2026-06-20 15:51:51 [scheduling-1] DEBUG org.hibernate.SQL - 
    /* SELECT
        p 
    FROM
        PendingSignup p 
    WHERE
        p.expiryTime < :time */ select
            ps1_0.id,
            ps1_0.email,
            ps1_0.expiry_time,
            ps1_0.otp,
            ps1_0.password,
            ps1_0.username 
        from
            pending_signup ps1_0 
        where
            ps1_0.expiry_time<?
2026-06-20 15:51:51 [scheduling-1] INFO  c.p.b.m.aspect.LoggingAspect - [15262a9f-07bc-4b6a-9707-5a0b669b558d] <-- PendingSignupCleanupService.deleteExpiredPendingSignups() | timeMs=0
2026-06-20 15:52:51 [scheduling-1] INFO  c.p.b.m.aspect.LoggingAspect - [cdb32b40-4c68-4b5f-bbab-7f5a945ae429] --> PendingSignupCleanupService.deleteExpiredPendingSignups()
2026-06-20 15:52:51 [scheduling-1] DEBUG org.hibernate.SQL - 
    /* SELECT
        p 
    FROM
        PendingSignup p 
    WHERE
        p.expiryTime < :time */ select
            ps1_0.id,
            ps1_0.email,
            ps1_0.expiry_time,
            ps1_0.otp,
            ps1_0.password,
            ps1_0.username 
        from
            pending_signup ps1_0 
        where
            ps1_0.expiry_time<?
2026-06-20 15:52:51 [scheduling-1] INFO  c.p.b.m.aspect.LoggingAspect - [cdb32b40-4c68-4b5f-bbab-7f5a945ae429] <-- PendingSignupCleanupService.deleteExpiredPendingSignups() | timeMs=1
2026-06-20 15:53:51 [scheduling-1] INFO  c.p.b.m.aspect.LoggingAspect - [5ae2b4ff-3e2d-4732-abb6-b1ba0c98f7cb] --> PendingSignupCleanupService.deleteExpiredPendingSignups()
2026-06-20 15:53:51 [scheduling-1] DEBUG org.hibernate.SQL - 
    /* SELECT
        p 
    FROM
        PendingSignup p 
    WHERE
        p.expiryTime < :time */ select
            ps1_0.id,
            ps1_0.email,
            ps1_0.expiry_time,
            ps1_0.otp,
            ps1_0.password,
            ps1_0.username 
        from
            pending_signup ps1_0 
        where
            ps1_0.expiry_time<?
2026-06-20 15:53:51 [scheduling-1] INFO  c.p.b.m.aspect.LoggingAspect - [5ae2b4ff-3e2d-4732-abb6-b1ba0c98f7cb] <-- PendingSignupCleanupService.deleteExpiredPendingSignups() | timeMs=0
2026-06-20 15:54:51 [scheduling-1] INFO  c.p.b.m.aspect.LoggingAspect - [09c58da6-c52c-4056-ac49-34b228482813] --> PendingSignupCleanupService.deleteExpiredPendingSignups()
2026-06-20 15:54:51 [scheduling-1] DEBUG org.hibernate.SQL - 
    /* SELECT
        p 
    FROM
        PendingSignup p 
    WHERE
        p.expiryTime < :time */ select
            ps1_0.id,
            ps1_0.email,
            ps1_0.expiry_time,
            ps1_0.otp,
            ps1_0.password,
            ps1_0.username 
        from
            pending_signup ps1_0 
        where
            ps1_0.expiry_time<?
2026-06-20 15:54:51 [scheduling-1] INFO  c.p.b.m.aspect.LoggingAspect - [09c58da6-c52c-4056-ac49-34b228482813] <-- PendingSignupCleanupService.deleteExpiredPendingSignups() | timeMs=0
2026-06-20 15:55:51 [scheduling-1] INFO  c.p.b.m.aspect.LoggingAspect - [95ef8744-fcb6-442e-a3ce-74797a9a748f] --> PendingSignupCleanupService.deleteExpiredPendingSignups()
2026-06-20 15:55:51 [scheduling-1] DEBUG org.hibernate.SQL - 
    /* SELECT
        p 
    FROM
        PendingSignup p 
    WHERE
        p.expiryTime < :time */ select
            ps1_0.id,
            ps1_0.email,
            ps1_0.expiry_time,
            ps1_0.otp,
            ps1_0.password,
            ps1_0.username 
        from
            pending_signup ps1_0 
        where
            ps1_0.expiry_time<?
2026-06-20 15:55:51 [scheduling-1] INFO  c.p.b.m.aspect.LoggingAspect - [95ef8744-fcb6-442e-a3ce-74797a9a748f] <-- PendingSignupCleanupService.deleteExpiredPendingSignups() | timeMs=0
2026-06-20 15:56:51 [scheduling-1] INFO  c.p.b.m.aspect.LoggingAspect - [23860464-9930-40fb-89d9-34272ee2885f] --> PendingSignupCleanupService.deleteExpiredPendingSignups()
2026-06-20 15:56:51 [scheduling-1] DEBUG org.hibernate.SQL - 
    /* SELECT
        p 
    FROM
        PendingSignup p 
    WHERE
        p.expiryTime < :time */ select
            ps1_0.id,
            ps1_0.email,
            ps1_0.expiry_time,
            ps1_0.otp,
            ps1_0.password,
            ps1_0.username 
        from
            pending_signup ps1_0 
        where
            ps1_0.expiry_time<?
2026-06-20 15:56:51 [scheduling-1] INFO  c.p.b.m.aspect.LoggingAspect - [23860464-9930-40fb-89d9-34272ee2885f] <-- PendingSignupCleanupService.deleteExpiredPendingSignups() | timeMs=0
2026-06-20 15:57:51 [scheduling-1] INFO  c.p.b.m.aspect.LoggingAspect - [00146e9f-6e04-4c77-a78e-f82ae080c882] --> PendingSignupCleanupService.deleteExpiredPendingSignups()
2026-06-20 15:57:51 [scheduling-1] DEBUG org.hibernate.SQL - 
    /* SELECT
        p 
    FROM
        PendingSignup p 
    WHERE
        p.expiryTime < :time */ select
            ps1_0.id,
            ps1_0.email,
            ps1_0.expiry_time,
            ps1_0.otp,
            ps1_0.password,
            ps1_0.username 
        from
            pending_signup ps1_0 
        where
            ps1_0.expiry_time<?
2026-06-20 15:57:51 [scheduling-1] INFO  c.p.b.m.aspect.LoggingAspect - [00146e9f-6e04-4c77-a78e-f82ae080c882] <-- PendingSignupCleanupService.deleteExpiredPendingSignups() | timeMs=0
2026-06-20 15:58:51 [scheduling-1] INFO  c.p.b.m.aspect.LoggingAspect - [13a65d76-9990-48f4-90db-bb1a7bd61046] --> PendingSignupCleanupService.deleteExpiredPendingSignups()
2026-06-20 15:58:51 [scheduling-1] DEBUG org.hibernate.SQL - 
    /* SELECT
        p 
    FROM
        PendingSignup p 
    WHERE
        p.expiryTime < :time */ select
            ps1_0.id,
            ps1_0.email,
            ps1_0.expiry_time,
            ps1_0.otp,
            ps1_0.password,
            ps1_0.username 
        from
            pending_signup ps1_0 
        where
            ps1_0.expiry_time<?
2026-06-20 15:58:51 [scheduling-1] INFO  c.p.b.m.aspect.LoggingAspect - [13a65d76-9990-48f4-90db-bb1a7bd61046] <-- PendingSignupCleanupService.deleteExpiredPendingSignups() | timeMs=0
2026-06-20 15:59:51 [scheduling-1] INFO  c.p.b.m.aspect.LoggingAspect - [47b7526f-18f8-4ac0-b656-6f924ad7178a] --> PendingSignupCleanupService.deleteExpiredPendingSignups()
2026-06-20 15:59:51 [scheduling-1] DEBUG org.hibernate.SQL - 
    /* SELECT
        p 
    FROM
        PendingSignup p 
    WHERE
        p.expiryTime < :time */ select
            ps1_0.id,
            ps1_0.email,
            ps1_0.expiry_time,
            ps1_0.otp,
            ps1_0.password,
            ps1_0.username 
        from
            pending_signup ps1_0 
        where
            ps1_0.expiry_time<?
2026-06-20 15:59:51 [scheduling-1] INFO  c.p.b.m.aspect.LoggingAspect - [47b7526f-18f8-4ac0-b656-6f924ad7178a] <-- PendingSignupCleanupService.deleteExpiredPendingSignups() | timeMs=1
2026-06-20 16:00:51 [scheduling-1] INFO  c.p.b.m.aspect.LoggingAspect - [34468087-5ee1-4e86-955a-e2ddbab981e0] --> PendingSignupCleanupService.deleteExpiredPendingSignups()
2026-06-20 16:00:51 [scheduling-1] DEBUG org.hibernate.SQL - 
    /* SELECT
        p 
    FROM
        PendingSignup p 
    WHERE
        p.expiryTime < :time */ select
            ps1_0.id,
            ps1_0.email,
            ps1_0.expiry_time,
            ps1_0.otp,
            ps1_0.password,
            ps1_0.username 
        from
            pending_signup ps1_0 
        where
            ps1_0.expiry_time<?
2026-06-20 16:00:51 [scheduling-1] INFO  c.p.b.m.aspect.LoggingAspect - [34468087-5ee1-4e86-955a-e2ddbab981e0] <-- PendingSignupCleanupService.deleteExpiredPendingSignups() | timeMs=0
2026-06-20 16:01:51 [scheduling-1] INFO  c.p.b.m.aspect.LoggingAspect - [76e10506-e83a-464a-8781-8e59624c22a2] --> PendingSignupCleanupService.deleteExpiredPendingSignups()
2026-06-20 16:01:51 [scheduling-1] DEBUG org.hibernate.SQL - 
    /* SELECT
        p 
    FROM
        PendingSignup p 
    WHERE
        p.expiryTime < :time */ select
            ps1_0.id,
            ps1_0.email,
            ps1_0.expiry_time,
            ps1_0.otp,
            ps1_0.password,
            ps1_0.username 
        from
            pending_signup ps1_0 
        where
            ps1_0.expiry_time<?
2026-06-20 16:01:51 [scheduling-1] INFO  c.p.b.m.aspect.LoggingAspect - [76e10506-e83a-464a-8781-8e59624c22a2] <-- PendingSignupCleanupService.deleteExpiredPendingSignups() | timeMs=0
2026-06-20 16:02:51 [scheduling-1] INFO  c.p.b.m.aspect.LoggingAspect - [5d8d74cd-5708-4222-a698-f6f81b10a010] --> PendingSignupCleanupService.deleteExpiredPendingSignups()
2026-06-20 16:02:51 [scheduling-1] DEBUG org.hibernate.SQL - 
    /* SELECT
        p 
    FROM
        PendingSignup p 
    WHERE
        p.expiryTime < :time */ select
            ps1_0.id,
            ps1_0.email,
            ps1_0.expiry_time,
            ps1_0.otp,
            ps1_0.password,
            ps1_0.username 
        from
            pending_signup ps1_0 
        where
            ps1_0.expiry_time<?
2026-06-20 16:02:51 [scheduling-1] INFO  c.p.b.m.aspect.LoggingAspect - [5d8d74cd-5708-4222-a698-f6f81b10a010] <-- PendingSignupCleanupService.deleteExpiredPendingSignups() | timeMs=1
2026-06-20 16:03:51 [scheduling-1] INFO  c.p.b.m.aspect.LoggingAspect - [187688e2-2b80-46d2-a51b-8e71b171679b] --> PendingSignupCleanupService.deleteExpiredPendingSignups()
2026-06-20 16:03:51 [scheduling-1] DEBUG org.hibernate.SQL - 
    /* SELECT
        p 
    FROM
        PendingSignup p 
    WHERE
        p.expiryTime < :time */ select
            ps1_0.id,
            ps1_0.email,
            ps1_0.expiry_time,
            ps1_0.otp,
            ps1_0.password,
            ps1_0.username 
        from
            pending_signup ps1_0 
        where
            ps1_0.expiry_time<?
2026-06-20 16:03:51 [scheduling-1] INFO  c.p.b.m.aspect.LoggingAspect - [187688e2-2b80-46d2-a51b-8e71b171679b] <-- PendingSignupCleanupService.deleteExpiredPendingSignups() | timeMs=1
2026-06-20 16:04:51 [scheduling-1] INFO  c.p.b.m.aspect.LoggingAspect - [982e8476-8fb5-4d0f-85a4-5877f6bab752] --> PendingSignupCleanupService.deleteExpiredPendingSignups()
2026-06-20 16:04:51 [scheduling-1] DEBUG org.hibernate.SQL - 
    /* SELECT
        p 
    FROM
        PendingSignup p 
    WHERE
        p.expiryTime < :time */ select
            ps1_0.id,
            ps1_0.email,
            ps1_0.expiry_time,
            ps1_0.otp,
            ps1_0.password,
            ps1_0.username 
        from
            pending_signup ps1_0 
        where
            ps1_0.expiry_time<?
2026-06-20 16:04:51 [scheduling-1] INFO  c.p.b.m.aspect.LoggingAspect - [982e8476-8fb5-4d0f-85a4-5877f6bab752] <-- PendingSignupCleanupService.deleteExpiredPendingSignups() | timeMs=1
2026-06-20 16:05:51 [scheduling-1] INFO  c.p.b.m.aspect.LoggingAspect - [f9ef838c-737c-4c1f-8786-ca8d008ccdd4] --> PendingSignupCleanupService.deleteExpiredPendingSignups()
2026-06-20 16:05:51 [scheduling-1] DEBUG org.hibernate.SQL - 
    /* SELECT
        p 
    FROM
        PendingSignup p 
    WHERE
        p.expiryTime < :time */ select
            ps1_0.id,
            ps1_0.email,
            ps1_0.expiry_time,
            ps1_0.otp,
            ps1_0.password,
            ps1_0.username 
        from
            pending_signup ps1_0 
        where
            ps1_0.expiry_time<?
2026-06-20 16:05:51 [scheduling-1] INFO  c.p.b.m.aspect.LoggingAspect - [f9ef838c-737c-4c1f-8786-ca8d008ccdd4] <-- PendingSignupCleanupService.deleteExpiredPendingSignups() | timeMs=0
2026-06-20 16:06:51 [scheduling-1] INFO  c.p.b.m.aspect.LoggingAspect - [2f38b18d-19a4-4608-b75a-355240e57489] --> PendingSignupCleanupService.deleteExpiredPendingSignups()
2026-06-20 16:06:51 [scheduling-1] DEBUG org.hibernate.SQL - 
    /* SELECT
        p 
    FROM
        PendingSignup p 
    WHERE
        p.expiryTime < :time */ select
            ps1_0.id,
            ps1_0.email,
            ps1_0.expiry_time,
            ps1_0.otp,
            ps1_0.password,
            ps1_0.username 
        from
            pending_signup ps1_0 
        where
            ps1_0.expiry_time<?
2026-06-20 16:06:51 [scheduling-1] INFO  c.p.b.m.aspect.LoggingAspect - [2f38b18d-19a4-4608-b75a-355240e57489] <-- PendingSignupCleanupService.deleteExpiredPendingSignups() | timeMs=0
2026-06-20 16:07:51 [scheduling-1] INFO  c.p.b.m.aspect.LoggingAspect - [e7a09feb-00ec-4b92-a0eb-4998a111bf9f] --> PendingSignupCleanupService.deleteExpiredPendingSignups()
2026-06-20 16:07:51 [scheduling-1] DEBUG org.hibernate.SQL - 
    /* SELECT
        p 
    FROM
        PendingSignup p 
    WHERE
        p.expiryTime < :time */ select
            ps1_0.id,
            ps1_0.email,
            ps1_0.expiry_time,
            ps1_0.otp,
            ps1_0.password,
            ps1_0.username 
        from
            pending_signup ps1_0 
        where
            ps1_0.expiry_time<?
2026-06-20 16:07:51 [scheduling-1] INFO  c.p.b.m.aspect.LoggingAspect - [e7a09feb-00ec-4b92-a0eb-4998a111bf9f] <-- PendingSignupCleanupService.deleteExpiredPendingSignups() | timeMs=0
2026-06-20 16:08:51 [scheduling-1] INFO  c.p.b.m.aspect.LoggingAspect - [31a0f79d-f933-4a26-8524-6d545f754b00] --> PendingSignupCleanupService.deleteExpiredPendingSignups()
2026-06-20 16:08:51 [scheduling-1] DEBUG org.hibernate.SQL - 
    /* SELECT
        p 
    FROM
        PendingSignup p 
    WHERE
        p.expiryTime < :time */ select
            ps1_0.id,
            ps1_0.email,
            ps1_0.expiry_time,
            ps1_0.otp,
            ps1_0.password,
            ps1_0.username 
        from
            pending_signup ps1_0 
        where
            ps1_0.expiry_time<?
2026-06-20 16:08:51 [scheduling-1] INFO  c.p.b.m.aspect.LoggingAspect - [31a0f79d-f933-4a26-8524-6d545f754b00] <-- PendingSignupCleanupService.deleteExpiredPendingSignups() | timeMs=0
2026-06-20 16:09:51 [scheduling-1] INFO  c.p.b.m.aspect.LoggingAspect - [0ecbab2e-40ab-40a5-9f45-ce7463808eac] --> PendingSignupCleanupService.deleteExpiredPendingSignups()
2026-06-20 16:09:51 [scheduling-1] DEBUG org.hibernate.SQL - 
    /* SELECT
        p 
    FROM
        PendingSignup p 
    WHERE
        p.expiryTime < :time */ select
            ps1_0.id,
            ps1_0.email,
            ps1_0.expiry_time,
            ps1_0.otp,
            ps1_0.password,
            ps1_0.username 
        from
            pending_signup ps1_0 
        where
            ps1_0.expiry_time<?
2026-06-20 16:09:51 [scheduling-1] INFO  c.p.b.m.aspect.LoggingAspect - [0ecbab2e-40ab-40a5-9f45-ce7463808eac] <-- PendingSignupCleanupService.deleteExpiredPendingSignups() | timeMs=0
2026-06-20 16:10:51 [scheduling-1] INFO  c.p.b.m.aspect.LoggingAspect - [d3cb264d-2bb6-400c-834a-4f79622ef415] --> PendingSignupCleanupService.deleteExpiredPendingSignups()
2026-06-20 16:10:51 [scheduling-1] DEBUG org.hibernate.SQL - 
    /* SELECT
        p 
    FROM
        PendingSignup p 
    WHERE
        p.expiryTime < :time */ select
            ps1_0.id,
            ps1_0.email,
            ps1_0.expiry_time,
            ps1_0.otp,
            ps1_0.password,
            ps1_0.username 
        from
            pending_signup ps1_0 
        where
            ps1_0.expiry_time<?
2026-06-20 16:10:51 [scheduling-1] INFO  c.p.b.m.aspect.LoggingAspect - [d3cb264d-2bb6-400c-834a-4f79622ef415] <-- PendingSignupCleanupService.deleteExpiredPendingSignups() | timeMs=1
2026-06-20 16:11:51 [scheduling-1] INFO  c.p.b.m.aspect.LoggingAspect - [dc0a5a4b-db9a-4168-8105-1dc4cf4d32ea] --> PendingSignupCleanupService.deleteExpiredPendingSignups()
2026-06-20 16:11:51 [scheduling-1] DEBUG org.hibernate.SQL - 
    /* SELECT
        p 
    FROM
        PendingSignup p 
    WHERE
        p.expiryTime < :time */ select
            ps1_0.id,
            ps1_0.email,
            ps1_0.expiry_time,
            ps1_0.otp,
            ps1_0.password,
            ps1_0.username 
        from
            pending_signup ps1_0 
        where
            ps1_0.expiry_time<?
2026-06-20 16:11:51 [scheduling-1] INFO  c.p.b.m.aspect.LoggingAspect - [dc0a5a4b-db9a-4168-8105-1dc4cf4d32ea] <-- PendingSignupCleanupService.deleteExpiredPendingSignups() | timeMs=0
2026-06-20 16:12:51 [scheduling-1] INFO  c.p.b.m.aspect.LoggingAspect - [18e431a6-062d-49da-986d-7dbb47098072] --> PendingSignupCleanupService.deleteExpiredPendingSignups()
2026-06-20 16:12:51 [scheduling-1] DEBUG org.hibernate.SQL - 
    /* SELECT
        p 
    FROM
        PendingSignup p 
    WHERE
        p.expiryTime < :time */ select
            ps1_0.id,
            ps1_0.email,
            ps1_0.expiry_time,
            ps1_0.otp,
            ps1_0.password,
            ps1_0.username 
        from
            pending_signup ps1_0 
        where
            ps1_0.expiry_time<?
2026-06-20 16:12:51 [scheduling-1] INFO  c.p.b.m.aspect.LoggingAspect - [18e431a6-062d-49da-986d-7dbb47098072] <-- PendingSignupCleanupService.deleteExpiredPendingSignups() | timeMs=0
2026-06-20 16:13:51 [scheduling-1] INFO  c.p.b.m.aspect.LoggingAspect - [b4ad7193-03b4-4444-a33a-027d28b1afb8] --> PendingSignupCleanupService.deleteExpiredPendingSignups()
2026-06-20 16:13:51 [scheduling-1] DEBUG org.hibernate.SQL - 
    /* SELECT
        p 
    FROM
        PendingSignup p 
    WHERE
        p.expiryTime < :time */ select
            ps1_0.id,
            ps1_0.email,
            ps1_0.expiry_time,
            ps1_0.otp,
            ps1_0.password,
            ps1_0.username 
        from
            pending_signup ps1_0 
        where
            ps1_0.expiry_time<?
2026-06-20 16:13:51 [scheduling-1] INFO  c.p.b.m.aspect.LoggingAspect - [b4ad7193-03b4-4444-a33a-027d28b1afb8] <-- PendingSignupCleanupService.deleteExpiredPendingSignups() | timeMs=0
2026-06-20 16:14:51 [scheduling-1] INFO  c.p.b.m.aspect.LoggingAspect - [348a1711-c231-4e90-b234-c679e20d08ca] --> PendingSignupCleanupService.deleteExpiredPendingSignups()
2026-06-20 16:14:51 [scheduling-1] DEBUG org.hibernate.SQL - 
    /* SELECT
        p 
    FROM
        PendingSignup p 
    WHERE
        p.expiryTime < :time */ select
            ps1_0.id,
            ps1_0.email,
            ps1_0.expiry_time,
            ps1_0.otp,
            ps1_0.password,
            ps1_0.username 
        from
            pending_signup ps1_0 
        where
            ps1_0.expiry_time<?
2026-06-20 16:14:51 [scheduling-1] INFO  c.p.b.m.aspect.LoggingAspect - [348a1711-c231-4e90-b234-c679e20d08ca] <-- PendingSignupCleanupService.deleteExpiredPendingSignups() | timeMs=0
2026-06-20 16:15:51 [scheduling-1] INFO  c.p.b.m.aspect.LoggingAspect - [278aeec1-dcf3-43d4-a89e-e65698dca5c0] --> PendingSignupCleanupService.deleteExpiredPendingSignups()
2026-06-20 16:15:51 [scheduling-1] DEBUG org.hibernate.SQL - 
    /* SELECT
        p 
    FROM
        PendingSignup p 
    WHERE
        p.expiryTime < :time */ select
            ps1_0.id,
            ps1_0.email,
            ps1_0.expiry_time,
            ps1_0.otp,
            ps1_0.password,
            ps1_0.username 
        from
            pending_signup ps1_0 
        where
            ps1_0.expiry_time<?
2026-06-20 16:15:51 [scheduling-1] INFO  c.p.b.m.aspect.LoggingAspect - [278aeec1-dcf3-43d4-a89e-e65698dca5c0] <-- PendingSignupCleanupService.deleteExpiredPendingSignups() | timeMs=0
2026-06-20 16:16:51 [scheduling-1] INFO  c.p.b.m.aspect.LoggingAspect - [38c4f611-443a-466c-adb2-243b4d5c5251] --> PendingSignupCleanupService.deleteExpiredPendingSignups()
2026-06-20 16:16:51 [scheduling-1] DEBUG org.hibernate.SQL - 
    /* SELECT
        p 
    FROM
        PendingSignup p 
    WHERE
        p.expiryTime < :time */ select
            ps1_0.id,
            ps1_0.email,
            ps1_0.expiry_time,
            ps1_0.otp,
            ps1_0.password,
            ps1_0.username 
        from
            pending_signup ps1_0 
        where
            ps1_0.expiry_time<?
2026-06-20 16:16:51 [scheduling-1] INFO  c.p.b.m.aspect.LoggingAspect - [38c4f611-443a-466c-adb2-243b4d5c5251] <-- PendingSignupCleanupService.deleteExpiredPendingSignups() | timeMs=1
2026-06-20 16:17:51 [scheduling-1] INFO  c.p.b.m.aspect.LoggingAspect - [f8187526-482e-453f-9f6d-11928c0cccc7] --> PendingSignupCleanupService.deleteExpiredPendingSignups()
2026-06-20 16:17:51 [scheduling-1] DEBUG org.hibernate.SQL - 
    /* SELECT
        p 
    FROM
        PendingSignup p 
    WHERE
        p.expiryTime < :time */ select
            ps1_0.id,
            ps1_0.email,
            ps1_0.expiry_time,
            ps1_0.otp,
            ps1_0.password,
            ps1_0.username 
        from
            pending_signup ps1_0 
        where
            ps1_0.expiry_time<?
2026-06-20 16:17:51 [scheduling-1] INFO  c.p.b.m.aspect.LoggingAspect - [f8187526-482e-453f-9f6d-11928c0cccc7] <-- PendingSignupCleanupService.deleteExpiredPendingSignups() | timeMs=0
2026-06-20 16:18:51 [scheduling-1] INFO  c.p.b.m.aspect.LoggingAspect - [bf456b34-5106-438c-814e-e28dd195ddd9] --> PendingSignupCleanupService.deleteExpiredPendingSignups()
2026-06-20 16:18:51 [scheduling-1] DEBUG org.hibernate.SQL - 
    /* SELECT
        p 
    FROM
        PendingSignup p 
    WHERE
        p.expiryTime < :time */ select
            ps1_0.id,
            ps1_0.email,
            ps1_0.expiry_time,
            ps1_0.otp,
            ps1_0.password,
            ps1_0.username 
        from
            pending_signup ps1_0 
        where
            ps1_0.expiry_time<?
2026-06-20 16:18:51 [scheduling-1] INFO  c.p.b.m.aspect.LoggingAspect - [bf456b34-5106-438c-814e-e28dd195ddd9] <-- PendingSignupCleanupService.deleteExpiredPendingSignups() | timeMs=1
2026-06-20 16:19:51 [scheduling-1] INFO  c.p.b.m.aspect.LoggingAspect - [fac3a728-6ac4-44c0-aa53-bb4fd2ced061] --> PendingSignupCleanupService.deleteExpiredPendingSignups()
2026-06-20 16:19:51 [scheduling-1] DEBUG org.hibernate.SQL - 
    /* SELECT
        p 
    FROM
        PendingSignup p 
    WHERE
        p.expiryTime < :time */ select
            ps1_0.id,
            ps1_0.email,
            ps1_0.expiry_time,
            ps1_0.otp,
            ps1_0.password,
            ps1_0.username 
        from
            pending_signup ps1_0 
        where
            ps1_0.expiry_time<?
2026-06-20 16:19:51 [scheduling-1] INFO  c.p.b.m.aspect.LoggingAspect - [fac3a728-6ac4-44c0-aa53-bb4fd2ced061] <-- PendingSignupCleanupService.deleteExpiredPendingSignups() | timeMs=0
2026-06-20 16:20:51 [scheduling-1] INFO  c.p.b.m.aspect.LoggingAspect - [0f19b48f-cfd9-4702-9533-8a16c0bb22dd] --> PendingSignupCleanupService.deleteExpiredPendingSignups()
2026-06-20 16:20:51 [scheduling-1] DEBUG org.hibernate.SQL - 
    /* SELECT
        p 
    FROM
        PendingSignup p 
    WHERE
        p.expiryTime < :time */ select
            ps1_0.id,
            ps1_0.email,
            ps1_0.expiry_time,
            ps1_0.otp,
            ps1_0.password,
            ps1_0.username 
        from
            pending_signup ps1_0 
        where
            ps1_0.expiry_time<?
2026-06-20 16:20:51 [scheduling-1] INFO  c.p.b.m.aspect.LoggingAspect - [0f19b48f-cfd9-4702-9533-8a16c0bb22dd] <-- PendingSignupCleanupService.deleteExpiredPendingSignups() | timeMs=0
2026-06-20 16:21:51 [scheduling-1] INFO  c.p.b.m.aspect.LoggingAspect - [6b195b9c-c7b3-4863-b680-87890deaf749] --> PendingSignupCleanupService.deleteExpiredPendingSignups()
2026-06-20 16:21:51 [scheduling-1] DEBUG org.hibernate.SQL - 
    /* SELECT
        p 
    FROM
        PendingSignup p 
    WHERE
        p.expiryTime < :time */ select
            ps1_0.id,
            ps1_0.email,
            ps1_0.expiry_time,
            ps1_0.otp,
            ps1_0.password,
            ps1_0.username 
        from
            pending_signup ps1_0 
        where
            ps1_0.expiry_time<?
2026-06-20 16:21:51 [scheduling-1] INFO  c.p.b.m.aspect.LoggingAspect - [6b195b9c-c7b3-4863-b680-87890deaf749] <-- PendingSignupCleanupService.deleteExpiredPendingSignups() | timeMs=0
2026-06-20 16:22:51 [scheduling-1] INFO  c.p.b.m.aspect.LoggingAspect - [92a24206-04d3-420b-8964-e0f6cf1d1632] --> PendingSignupCleanupService.deleteExpiredPendingSignups()
2026-06-20 16:22:51 [scheduling-1] DEBUG org.hibernate.SQL - 
    /* SELECT
        p 
    FROM
        PendingSignup p 
    WHERE
        p.expiryTime < :time */ select
            ps1_0.id,
            ps1_0.email,
            ps1_0.expiry_time,
            ps1_0.otp,
            ps1_0.password,
            ps1_0.username 
        from
            pending_signup ps1_0 
        where
            ps1_0.expiry_time<?
2026-06-20 16:22:51 [scheduling-1] INFO  c.p.b.m.aspect.LoggingAspect - [92a24206-04d3-420b-8964-e0f6cf1d1632] <-- PendingSignupCleanupService.deleteExpiredPendingSignups() | timeMs=0
2026-06-20 16:23:51 [scheduling-1] INFO  c.p.b.m.aspect.LoggingAspect - [f7cf15e1-6722-4788-8132-c159e7ea1370] --> PendingSignupCleanupService.deleteExpiredPendingSignups()
2026-06-20 16:23:51 [scheduling-1] DEBUG org.hibernate.SQL - 
    /* SELECT
        p 
    FROM
        PendingSignup p 
    WHERE
        p.expiryTime < :time */ select
            ps1_0.id,
            ps1_0.email,
            ps1_0.expiry_time,
            ps1_0.otp,
            ps1_0.password,
            ps1_0.username 
        from
            pending_signup ps1_0 
        where
            ps1_0.expiry_time<?
2026-06-20 16:23:51 [scheduling-1] INFO  c.p.b.m.aspect.LoggingAspect - [f7cf15e1-6722-4788-8132-c159e7ea1370] <-- PendingSignupCleanupService.deleteExpiredPendingSignups() | timeMs=0
2026-06-20 16:24:51 [scheduling-1] INFO  c.p.b.m.aspect.LoggingAspect - [b54f19e9-0784-4ffc-9eae-28108fa0e9d4] --> PendingSignupCleanupService.deleteExpiredPendingSignups()
2026-06-20 16:24:51 [scheduling-1] DEBUG org.hibernate.SQL - 
    /* SELECT
        p 
    FROM
        PendingSignup p 
    WHERE
        p.expiryTime < :time */ select
            ps1_0.id,
            ps1_0.email,
            ps1_0.expiry_time,
            ps1_0.otp,
            ps1_0.password,
            ps1_0.username 
        from
            pending_signup ps1_0 
        where
            ps1_0.expiry_time<?
2026-06-20 16:24:51 [scheduling-1] INFO  c.p.b.m.aspect.LoggingAspect - [b54f19e9-0784-4ffc-9eae-28108fa0e9d4] <-- PendingSignupCleanupService.deleteExpiredPendingSignups() | timeMs=0
2026-06-20 16:25:51 [scheduling-1] INFO  c.p.b.m.aspect.LoggingAspect - [1df83540-c0db-47bf-a8bb-0ba482fc6cbe] --> PendingSignupCleanupService.deleteExpiredPendingSignups()
2026-06-20 16:25:51 [scheduling-1] DEBUG org.hibernate.SQL - 
    /* SELECT
        p 
    FROM
        PendingSignup p 
    WHERE
        p.expiryTime < :time */ select
            ps1_0.id,
            ps1_0.email,
            ps1_0.expiry_time,
            ps1_0.otp,
            ps1_0.password,
            ps1_0.username 
        from
            pending_signup ps1_0 
        where
            ps1_0.expiry_time<?
2026-06-20 16:25:51 [scheduling-1] INFO  c.p.b.m.aspect.LoggingAspect - [1df83540-c0db-47bf-a8bb-0ba482fc6cbe] <-- PendingSignupCleanupService.deleteExpiredPendingSignups() | timeMs=0
2026-06-20 16:26:51 [scheduling-1] INFO  c.p.b.m.aspect.LoggingAspect - [c84426fb-57d6-44b6-a170-2277633fe160] --> PendingSignupCleanupService.deleteExpiredPendingSignups()
2026-06-20 16:26:51 [scheduling-1] DEBUG org.hibernate.SQL - 
    /* SELECT
        p 
    FROM
        PendingSignup p 
    WHERE
        p.expiryTime < :time */ select
            ps1_0.id,
            ps1_0.email,
            ps1_0.expiry_time,
            ps1_0.otp,
            ps1_0.password,
            ps1_0.username 
        from
            pending_signup ps1_0 
        where
            ps1_0.expiry_time<?
2026-06-20 16:26:51 [scheduling-1] INFO  c.p.b.m.aspect.LoggingAspect - [c84426fb-57d6-44b6-a170-2277633fe160] <-- PendingSignupCleanupService.deleteExpiredPendingSignups() | timeMs=0
2026-06-20 16:27:51 [scheduling-1] INFO  c.p.b.m.aspect.LoggingAspect - [c6fc4ea7-5b75-4aa9-b11b-6d4abff3ae1d] --> PendingSignupCleanupService.deleteExpiredPendingSignups()
2026-06-20 16:27:51 [scheduling-1] DEBUG org.hibernate.SQL - 
    /* SELECT
        p 
    FROM
        PendingSignup p 
    WHERE
        p.expiryTime < :time */ select
            ps1_0.id,
            ps1_0.email,
            ps1_0.expiry_time,
            ps1_0.otp,
            ps1_0.password,
            ps1_0.username 
        from
            pending_signup ps1_0 
        where
            ps1_0.expiry_time<?
2026-06-20 16:27:51 [scheduling-1] INFO  c.p.b.m.aspect.LoggingAspect - [c6fc4ea7-5b75-4aa9-b11b-6d4abff3ae1d] <-- PendingSignupCleanupService.deleteExpiredPendingSignups() | timeMs=0
2026-06-20 16:28:51 [scheduling-1] INFO  c.p.b.m.aspect.LoggingAspect - [db0e6a7b-6f51-454f-9a07-5afda4176139] --> PendingSignupCleanupService.deleteExpiredPendingSignups()
2026-06-20 16:28:51 [scheduling-1] DEBUG org.hibernate.SQL - 
    /* SELECT
        p 
    FROM
        PendingSignup p 
    WHERE
        p.expiryTime < :time */ select
            ps1_0.id,
            ps1_0.email,
            ps1_0.expiry_time,
            ps1_0.otp,
            ps1_0.password,
            ps1_0.username 
        from
            pending_signup ps1_0 
        where
            ps1_0.expiry_time<?
2026-06-20 16:28:51 [scheduling-1] INFO  c.p.b.m.aspect.LoggingAspect - [db0e6a7b-6f51-454f-9a07-5afda4176139] <-- PendingSignupCleanupService.deleteExpiredPendingSignups() | timeMs=0
2026-06-20 16:29:51 [scheduling-1] INFO  c.p.b.m.aspect.LoggingAspect - [43f5ac86-e141-43ed-bc9f-a0296798f71d] --> PendingSignupCleanupService.deleteExpiredPendingSignups()
2026-06-20 16:29:51 [scheduling-1] DEBUG org.hibernate.SQL - 
    /* SELECT
        p 
    FROM
        PendingSignup p 
    WHERE
        p.expiryTime < :time */ select
            ps1_0.id,
            ps1_0.email,
            ps1_0.expiry_time,
            ps1_0.otp,
            ps1_0.password,
            ps1_0.username 
        from
            pending_signup ps1_0 
        where
            ps1_0.expiry_time<?
2026-06-20 16:29:51 [scheduling-1] INFO  c.p.b.m.aspect.LoggingAspect - [43f5ac86-e141-43ed-bc9f-a0296798f71d] <-- PendingSignupCleanupService.deleteExpiredPendingSignups() | timeMs=0
2026-06-20 16:30:51 [scheduling-1] INFO  c.p.b.m.aspect.LoggingAspect - [5fd474e9-a2f2-4c76-ab36-f689b76bb5a6] --> PendingSignupCleanupService.deleteExpiredPendingSignups()
2026-06-20 16:30:51 [scheduling-1] DEBUG org.hibernate.SQL - 
    /* SELECT
        p 
    FROM
        PendingSignup p 
    WHERE
        p.expiryTime < :time */ select
            ps1_0.id,
            ps1_0.email,
            ps1_0.expiry_time,
            ps1_0.otp,
            ps1_0.password,
            ps1_0.username 
        from
            pending_signup ps1_0 
        where
            ps1_0.expiry_time<?
2026-06-20 16:30:51 [scheduling-1] INFO  c.p.b.m.aspect.LoggingAspect - [5fd474e9-a2f2-4c76-ab36-f689b76bb5a6] <-- PendingSignupCleanupService.deleteExpiredPendingSignups() | timeMs=0
2026-06-20 16:31:51 [scheduling-1] INFO  c.p.b.m.aspect.LoggingAspect - [827d0426-eed2-48f1-ac8d-bc35d2a4aa6f] --> PendingSignupCleanupService.deleteExpiredPendingSignups()
2026-06-20 16:31:51 [scheduling-1] DEBUG org.hibernate.SQL - 
    /* SELECT
        p 
    FROM
        PendingSignup p 
    WHERE
        p.expiryTime < :time */ select
            ps1_0.id,
            ps1_0.email,
            ps1_0.expiry_time,
            ps1_0.otp,
            ps1_0.password,
            ps1_0.username 
        from
            pending_signup ps1_0 
        where
            ps1_0.expiry_time<?
2026-06-20 16:31:51 [scheduling-1] INFO  c.p.b.m.aspect.LoggingAspect - [827d0426-eed2-48f1-ac8d-bc35d2a4aa6f] <-- PendingSignupCleanupService.deleteExpiredPendingSignups() | timeMs=0
2026-06-20 16:32:51 [scheduling-1] INFO  c.p.b.m.aspect.LoggingAspect - [e69ee89e-dd76-4919-98fc-452002f17cd2] --> PendingSignupCleanupService.deleteExpiredPendingSignups()
2026-06-20 16:32:51 [scheduling-1] DEBUG org.hibernate.SQL - 
    /* SELECT
        p 
    FROM
        PendingSignup p 
    WHERE
        p.expiryTime < :time */ select
            ps1_0.id,
            ps1_0.email,
            ps1_0.expiry_time,
            ps1_0.otp,
            ps1_0.password,
            ps1_0.username 
        from
            pending_signup ps1_0 
        where
            ps1_0.expiry_time<?
2026-06-20 16:32:51 [scheduling-1] INFO  c.p.b.m.aspect.LoggingAspect - [e69ee89e-dd76-4919-98fc-452002f17cd2] <-- PendingSignupCleanupService.deleteExpiredPendingSignups() | timeMs=0
2026-06-20 16:33:51 [scheduling-1] INFO  c.p.b.m.aspect.LoggingAspect - [f598922b-6264-4724-8fb1-ec9d27056ce5] --> PendingSignupCleanupService.deleteExpiredPendingSignups()
2026-06-20 16:33:51 [scheduling-1] DEBUG org.hibernate.SQL - 
    /* SELECT
        p 
    FROM
        PendingSignup p 
    WHERE
        p.expiryTime < :time */ select
            ps1_0.id,
            ps1_0.email,
            ps1_0.expiry_time,
            ps1_0.otp,
            ps1_0.password,
            ps1_0.username 
        from
            pending_signup ps1_0 
        where
            ps1_0.expiry_time<?
2026-06-20 16:33:51 [scheduling-1] INFO  c.p.b.m.aspect.LoggingAspect - [f598922b-6264-4724-8fb1-ec9d27056ce5] <-- PendingSignupCleanupService.deleteExpiredPendingSignups() | timeMs=0
2026-06-20 16:34:51 [scheduling-1] INFO  c.p.b.m.aspect.LoggingAspect - [0ba6ae79-ef2b-495a-ba0f-22e506e213b2] --> PendingSignupCleanupService.deleteExpiredPendingSignups()
2026-06-20 16:34:51 [scheduling-1] DEBUG org.hibernate.SQL - 
    /* SELECT
        p 
    FROM
        PendingSignup p 
    WHERE
        p.expiryTime < :time */ select
            ps1_0.id,
            ps1_0.email,
            ps1_0.expiry_time,
            ps1_0.otp,
            ps1_0.password,
            ps1_0.username 
        from
            pending_signup ps1_0 
        where
            ps1_0.expiry_time<?
2026-06-20 16:34:51 [scheduling-1] INFO  c.p.b.m.aspect.LoggingAspect - [0ba6ae79-ef2b-495a-ba0f-22e506e213b2] <-- PendingSignupCleanupService.deleteExpiredPendingSignups() | timeMs=0
2026-06-20 16:35:51 [scheduling-1] INFO  c.p.b.m.aspect.LoggingAspect - [8c67b008-6445-4928-8eb1-0eb7184a0648] --> PendingSignupCleanupService.deleteExpiredPendingSignups()
2026-06-20 16:35:51 [scheduling-1] DEBUG org.hibernate.SQL - 
    /* SELECT
        p 
    FROM
        PendingSignup p 
    WHERE
        p.expiryTime < :time */ select
            ps1_0.id,
            ps1_0.email,
            ps1_0.expiry_time,
            ps1_0.otp,
            ps1_0.password,
            ps1_0.username 
        from
            pending_signup ps1_0 
        where
            ps1_0.expiry_time<?
2026-06-20 16:35:51 [scheduling-1] INFO  c.p.b.m.aspect.LoggingAspect - [8c67b008-6445-4928-8eb1-0eb7184a0648] <-- PendingSignupCleanupService.deleteExpiredPendingSignups() | timeMs=0
2026-06-20 16:36:51 [scheduling-1] INFO  c.p.b.m.aspect.LoggingAspect - [9dd995ed-5659-4a3c-85ce-f2cf49797310] --> PendingSignupCleanupService.deleteExpiredPendingSignups()
2026-06-20 16:36:51 [scheduling-1] DEBUG org.hibernate.SQL - 
    /* SELECT
        p 
    FROM
        PendingSignup p 
    WHERE
        p.expiryTime < :time */ select
            ps1_0.id,
            ps1_0.email,
            ps1_0.expiry_time,
            ps1_0.otp,
            ps1_0.password,
            ps1_0.username 
        from
            pending_signup ps1_0 
        where
            ps1_0.expiry_time<?
2026-06-20 16:36:51 [scheduling-1] INFO  c.p.b.m.aspect.LoggingAspect - [9dd995ed-5659-4a3c-85ce-f2cf49797310] <-- PendingSignupCleanupService.deleteExpiredPendingSignups() | timeMs=0
2026-06-20 16:37:51 [scheduling-1] INFO  c.p.b.m.aspect.LoggingAspect - [f90d70e7-d320-4892-bae3-de0379f37dbe] --> PendingSignupCleanupService.deleteExpiredPendingSignups()
2026-06-20 16:37:51 [scheduling-1] DEBUG org.hibernate.SQL - 
    /* SELECT
        p 
    FROM
        PendingSignup p 
    WHERE
        p.expiryTime < :time */ select
            ps1_0.id,
            ps1_0.email,
            ps1_0.expiry_time,
            ps1_0.otp,
            ps1_0.password,
            ps1_0.username 
        from
            pending_signup ps1_0 
        where
            ps1_0.expiry_time<?
2026-06-20 16:37:51 [scheduling-1] INFO  c.p.b.m.aspect.LoggingAspect - [f90d70e7-d320-4892-bae3-de0379f37dbe] <-- PendingSignupCleanupService.deleteExpiredPendingSignups() | timeMs=0
2026-06-20 16:38:51 [scheduling-1] INFO  c.p.b.m.aspect.LoggingAspect - [906e36db-d5b9-448b-84f9-e0debf23659d] --> PendingSignupCleanupService.deleteExpiredPendingSignups()
2026-06-20 16:38:51 [scheduling-1] DEBUG org.hibernate.SQL - 
    /* SELECT
        p 
    FROM
        PendingSignup p 
    WHERE
        p.expiryTime < :time */ select
            ps1_0.id,
            ps1_0.email,
            ps1_0.expiry_time,
            ps1_0.otp,
            ps1_0.password,
            ps1_0.username 
        from
            pending_signup ps1_0 
        where
            ps1_0.expiry_time<?
2026-06-20 16:38:51 [scheduling-1] INFO  c.p.b.m.aspect.LoggingAspect - [906e36db-d5b9-448b-84f9-e0debf23659d] <-- PendingSignupCleanupService.deleteExpiredPendingSignups() | timeMs=1
2026-06-20 16:39:51 [scheduling-1] INFO  c.p.b.m.aspect.LoggingAspect - [3a6f10a4-c74f-470e-9175-10896855f73b] --> PendingSignupCleanupService.deleteExpiredPendingSignups()
2026-06-20 16:39:51 [scheduling-1] DEBUG org.hibernate.SQL - 
    /* SELECT
        p 
    FROM
        PendingSignup p 
    WHERE
        p.expiryTime < :time */ select
            ps1_0.id,
            ps1_0.email,
            ps1_0.expiry_time,
            ps1_0.otp,
            ps1_0.password,
            ps1_0.username 
        from
            pending_signup ps1_0 
        where
            ps1_0.expiry_time<?
2026-06-20 16:39:51 [scheduling-1] INFO  c.p.b.m.aspect.LoggingAspect - [3a6f10a4-c74f-470e-9175-10896855f73b] <-- PendingSignupCleanupService.deleteExpiredPendingSignups() | timeMs=0
2026-06-20 16:40:51 [scheduling-1] INFO  c.p.b.m.aspect.LoggingAspect - [a0795cec-4220-4792-b184-04b18d8733ec] --> PendingSignupCleanupService.deleteExpiredPendingSignups()
2026-06-20 16:40:51 [scheduling-1] DEBUG org.hibernate.SQL - 
    /* SELECT
        p 
    FROM
        PendingSignup p 
    WHERE
        p.expiryTime < :time */ select
            ps1_0.id,
            ps1_0.email,
            ps1_0.expiry_time,
            ps1_0.otp,
            ps1_0.password,
            ps1_0.username 
        from
            pending_signup ps1_0 
        where
            ps1_0.expiry_time<?
2026-06-20 16:40:51 [scheduling-1] INFO  c.p.b.m.aspect.LoggingAspect - [a0795cec-4220-4792-b184-04b18d8733ec] <-- PendingSignupCleanupService.deleteExpiredPendingSignups() | timeMs=0
2026-06-20 16:41:51 [scheduling-1] INFO  c.p.b.m.aspect.LoggingAspect - [b4f5d30d-67ca-4c94-a089-510b6048f966] --> PendingSignupCleanupService.deleteExpiredPendingSignups()
2026-06-20 16:41:51 [scheduling-1] DEBUG org.hibernate.SQL - 
    /* SELECT
        p 
    FROM
        PendingSignup p 
    WHERE
        p.expiryTime < :time */ select
            ps1_0.id,
            ps1_0.email,
            ps1_0.expiry_time,
            ps1_0.otp,
            ps1_0.password,
            ps1_0.username 
        from
            pending_signup ps1_0 
        where
            ps1_0.expiry_time<?
2026-06-20 16:41:51 [scheduling-1] INFO  c.p.b.m.aspect.LoggingAspect - [b4f5d30d-67ca-4c94-a089-510b6048f966] <-- PendingSignupCleanupService.deleteExpiredPendingSignups() | timeMs=0
2026-06-20 16:42:51 [scheduling-1] INFO  c.p.b.m.aspect.LoggingAspect - [f25ffeb2-8085-44a7-b314-ee0a324cbb1f] --> PendingSignupCleanupService.deleteExpiredPendingSignups()
2026-06-20 16:42:51 [scheduling-1] DEBUG org.hibernate.SQL - 
    /* SELECT
        p 
    FROM
        PendingSignup p 
    WHERE
        p.expiryTime < :time */ select
            ps1_0.id,
            ps1_0.email,
            ps1_0.expiry_time,
            ps1_0.otp,
            ps1_0.password,
            ps1_0.username 
        from
            pending_signup ps1_0 
        where
            ps1_0.expiry_time<?
2026-06-20 16:42:51 [scheduling-1] INFO  c.p.b.m.aspect.LoggingAspect - [f25ffeb2-8085-44a7-b314-ee0a324cbb1f] <-- PendingSignupCleanupService.deleteExpiredPendingSignups() | timeMs=1
2026-06-20 16:43:51 [scheduling-1] INFO  c.p.b.m.aspect.LoggingAspect - [f1436f8b-4d7c-4b3a-bdff-7c9d5dbe4013] --> PendingSignupCleanupService.deleteExpiredPendingSignups()
2026-06-20 16:43:51 [scheduling-1] DEBUG org.hibernate.SQL - 
    /* SELECT
        p 
    FROM
        PendingSignup p 
    WHERE
        p.expiryTime < :time */ select
            ps1_0.id,
            ps1_0.email,
            ps1_0.expiry_time,
            ps1_0.otp,
            ps1_0.password,
            ps1_0.username 
        from
            pending_signup ps1_0 
        where
            ps1_0.expiry_time<?
2026-06-20 16:43:51 [scheduling-1] INFO  c.p.b.m.aspect.LoggingAspect - [f1436f8b-4d7c-4b3a-bdff-7c9d5dbe4013] <-- PendingSignupCleanupService.deleteExpiredPendingSignups() | timeMs=0
2026-06-20 16:44:51 [scheduling-1] INFO  c.p.b.m.aspect.LoggingAspect - [b84cf769-2224-4a60-b060-3c0510edfa5d] --> PendingSignupCleanupService.deleteExpiredPendingSignups()
2026-06-20 16:44:51 [scheduling-1] DEBUG org.hibernate.SQL - 
    /* SELECT
        p 
    FROM
        PendingSignup p 
    WHERE
        p.expiryTime < :time */ select
            ps1_0.id,
            ps1_0.email,
            ps1_0.expiry_time,
            ps1_0.otp,
            ps1_0.password,
            ps1_0.username 
        from
            pending_signup ps1_0 
        where
            ps1_0.expiry_time<?
2026-06-20 16:44:51 [scheduling-1] INFO  c.p.b.m.aspect.LoggingAspect - [b84cf769-2224-4a60-b060-3c0510edfa5d] <-- PendingSignupCleanupService.deleteExpiredPendingSignups() | timeMs=0
2026-06-20 16:45:51 [scheduling-1] INFO  c.p.b.m.aspect.LoggingAspect - [fa49ff6b-be39-425c-bd25-054c27685b15] --> PendingSignupCleanupService.deleteExpiredPendingSignups()
2026-06-20 16:45:51 [scheduling-1] DEBUG org.hibernate.SQL - 
    /* SELECT
        p 
    FROM
        PendingSignup p 
    WHERE
        p.expiryTime < :time */ select
            ps1_0.id,
            ps1_0.email,
            ps1_0.expiry_time,
            ps1_0.otp,
            ps1_0.password,
            ps1_0.username 
        from
            pending_signup ps1_0 
        where
            ps1_0.expiry_time<?
2026-06-20 16:45:51 [scheduling-1] INFO  c.p.b.m.aspect.LoggingAspect - [fa49ff6b-be39-425c-bd25-054c27685b15] <-- PendingSignupCleanupService.deleteExpiredPendingSignups() | timeMs=0
2026-06-20 16:46:51 [scheduling-1] INFO  c.p.b.m.aspect.LoggingAspect - [842c28af-3489-4304-9beb-de361373ce99] --> PendingSignupCleanupService.deleteExpiredPendingSignups()
2026-06-20 16:46:51 [scheduling-1] DEBUG org.hibernate.SQL - 
    /* SELECT
        p 
    FROM
        PendingSignup p 
    WHERE
        p.expiryTime < :time */ select
            ps1_0.id,
            ps1_0.email,
            ps1_0.expiry_time,
            ps1_0.otp,
            ps1_0.password,
            ps1_0.username 
        from
            pending_signup ps1_0 
        where
            ps1_0.expiry_time<?
2026-06-20 16:46:51 [scheduling-1] INFO  c.p.b.m.aspect.LoggingAspect - [842c28af-3489-4304-9beb-de361373ce99] <-- PendingSignupCleanupService.deleteExpiredPendingSignups() | timeMs=0
2026-06-20 16:47:51 [scheduling-1] INFO  c.p.b.m.aspect.LoggingAspect - [a4be0cc5-9eab-4aa5-90ca-d54cdfcea8c9] --> PendingSignupCleanupService.deleteExpiredPendingSignups()
2026-06-20 16:47:51 [scheduling-1] DEBUG org.hibernate.SQL - 
    /* SELECT
        p 
    FROM
        PendingSignup p 
    WHERE
        p.expiryTime < :time */ select
            ps1_0.id,
            ps1_0.email,
            ps1_0.expiry_time,
            ps1_0.otp,
            ps1_0.password,
            ps1_0.username 
        from
            pending_signup ps1_0 
        where
            ps1_0.expiry_time<?
2026-06-20 16:47:51 [scheduling-1] INFO  c.p.b.m.aspect.LoggingAspect - [a4be0cc5-9eab-4aa5-90ca-d54cdfcea8c9] <-- PendingSignupCleanupService.deleteExpiredPendingSignups() | timeMs=0
2026-06-20 16:48:51 [scheduling-1] INFO  c.p.b.m.aspect.LoggingAspect - [e02bc9c5-d704-4e96-a803-bd87626fd975] --> PendingSignupCleanupService.deleteExpiredPendingSignups()
2026-06-20 16:48:51 [scheduling-1] DEBUG org.hibernate.SQL - 
    /* SELECT
        p 
    FROM
        PendingSignup p 
    WHERE
        p.expiryTime < :time */ select
            ps1_0.id,
            ps1_0.email,
            ps1_0.expiry_time,
            ps1_0.otp,
            ps1_0.password,
            ps1_0.username 
        from
            pending_signup ps1_0 
        where
            ps1_0.expiry_time<?
2026-06-20 16:48:51 [scheduling-1] INFO  c.p.b.m.aspect.LoggingAspect - [e02bc9c5-d704-4e96-a803-bd87626fd975] <-- PendingSignupCleanupService.deleteExpiredPendingSignups() | timeMs=1
2026-06-20 16:49:51 [scheduling-1] INFO  c.p.b.m.aspect.LoggingAspect - [cb02ad50-ce62-4619-b3f3-28a5965ce12b] --> PendingSignupCleanupService.deleteExpiredPendingSignups()
2026-06-20 16:49:51 [scheduling-1] DEBUG org.hibernate.SQL - 
    /* SELECT
        p 
    FROM
        PendingSignup p 
    WHERE
        p.expiryTime < :time */ select
            ps1_0.id,
            ps1_0.email,
            ps1_0.expiry_time,
            ps1_0.otp,
            ps1_0.password,
            ps1_0.username 
        from
            pending_signup ps1_0 
        where
            ps1_0.expiry_time<?
2026-06-20 16:49:51 [scheduling-1] INFO  c.p.b.m.aspect.LoggingAspect - [cb02ad50-ce62-4619-b3f3-28a5965ce12b] <-- PendingSignupCleanupService.deleteExpiredPendingSignups() | timeMs=0
2026-06-20 16:50:51 [scheduling-1] INFO  c.p.b.m.aspect.LoggingAspect - [14362692-902b-4e6f-ab19-3ff5ba98c2c2] --> PendingSignupCleanupService.deleteExpiredPendingSignups()
2026-06-20 16:50:51 [scheduling-1] DEBUG org.hibernate.SQL - 
    /* SELECT
        p 
    FROM
        PendingSignup p 
    WHERE
        p.expiryTime < :time */ select
            ps1_0.id,
            ps1_0.email,
            ps1_0.expiry_time,
            ps1_0.otp,
            ps1_0.password,
            ps1_0.username 
        from
            pending_signup ps1_0 
        where
            ps1_0.expiry_time<?
2026-06-20 16:50:51 [scheduling-1] INFO  c.p.b.m.aspect.LoggingAspect - [14362692-902b-4e6f-ab19-3ff5ba98c2c2] <-- PendingSignupCleanupService.deleteExpiredPendingSignups() | timeMs=0
2026-06-20 16:51:51 [scheduling-1] INFO  c.p.b.m.aspect.LoggingAspect - [9e161418-82d8-49af-96b3-876873212438] --> PendingSignupCleanupService.deleteExpiredPendingSignups()
2026-06-20 16:51:51 [scheduling-1] DEBUG org.hibernate.SQL - 
    /* SELECT
        p 
    FROM
        PendingSignup p 
    WHERE
        p.expiryTime < :time */ select
            ps1_0.id,
            ps1_0.email,
            ps1_0.expiry_time,
            ps1_0.otp,
            ps1_0.password,
            ps1_0.username 
        from
            pending_signup ps1_0 
        where
            ps1_0.expiry_time<?
2026-06-20 16:51:51 [scheduling-1] INFO  c.p.b.m.aspect.LoggingAspect - [9e161418-82d8-49af-96b3-876873212438] <-- PendingSignupCleanupService.deleteExpiredPendingSignups() | timeMs=0
2026-06-20 16:52:51 [scheduling-1] INFO  c.p.b.m.aspect.LoggingAspect - [77645396-ae85-4025-9bf8-e9915e6fe49b] --> PendingSignupCleanupService.deleteExpiredPendingSignups()
2026-06-20 16:52:51 [scheduling-1] DEBUG org.hibernate.SQL - 
    /* SELECT
        p 
    FROM
        PendingSignup p 
    WHERE
        p.expiryTime < :time */ select
            ps1_0.id,
            ps1_0.email,
            ps1_0.expiry_time,
            ps1_0.otp,
            ps1_0.password,
            ps1_0.username 
        from
            pending_signup ps1_0 
        where
            ps1_0.expiry_time<?
2026-06-20 16:52:51 [scheduling-1] INFO  c.p.b.m.aspect.LoggingAspect - [77645396-ae85-4025-9bf8-e9915e6fe49b] <-- PendingSignupCleanupService.deleteExpiredPendingSignups() | timeMs=0
2026-06-20 16:53:51 [scheduling-1] INFO  c.p.b.m.aspect.LoggingAspect - [69dba640-bda8-4b25-a36c-0babe8fad490] --> PendingSignupCleanupService.deleteExpiredPendingSignups()
2026-06-20 16:53:51 [scheduling-1] DEBUG org.hibernate.SQL - 
    /* SELECT
        p 
    FROM
        PendingSignup p 
    WHERE
        p.expiryTime < :time */ select
            ps1_0.id,
            ps1_0.email,
            ps1_0.expiry_time,
            ps1_0.otp,
            ps1_0.password,
            ps1_0.username 
        from
            pending_signup ps1_0 
        where
            ps1_0.expiry_time<?
2026-06-20 16:53:51 [scheduling-1] INFO  c.p.b.m.aspect.LoggingAspect - [69dba640-bda8-4b25-a36c-0babe8fad490] <-- PendingSignupCleanupService.deleteExpiredPendingSignups() | timeMs=0
2026-06-20 16:54:51 [scheduling-1] INFO  c.p.b.m.aspect.LoggingAspect - [8dfc71de-2998-4371-b623-8320640a4d4e] --> PendingSignupCleanupService.deleteExpiredPendingSignups()
2026-06-20 16:54:51 [scheduling-1] DEBUG org.hibernate.SQL - 
    /* SELECT
        p 
    FROM
        PendingSignup p 
    WHERE
        p.expiryTime < :time */ select
            ps1_0.id,
            ps1_0.email,
            ps1_0.expiry_time,
            ps1_0.otp,
            ps1_0.password,
            ps1_0.username 
        from
            pending_signup ps1_0 
        where
            ps1_0.expiry_time<?
2026-06-20 16:54:51 [scheduling-1] INFO  c.p.b.m.aspect.LoggingAspect - [8dfc71de-2998-4371-b623-8320640a4d4e] <-- PendingSignupCleanupService.deleteExpiredPendingSignups() | timeMs=0
2026-06-20 16:55:51 [scheduling-1] INFO  c.p.b.m.aspect.LoggingAspect - [2e0d7a88-ceae-4f71-a4b4-620c88d407b5] --> PendingSignupCleanupService.deleteExpiredPendingSignups()
2026-06-20 16:55:51 [scheduling-1] DEBUG org.hibernate.SQL - 
    /* SELECT
        p 
    FROM
        PendingSignup p 
    WHERE
        p.expiryTime < :time */ select
            ps1_0.id,
            ps1_0.email,
            ps1_0.expiry_time,
            ps1_0.otp,
            ps1_0.password,
            ps1_0.username 
        from
            pending_signup ps1_0 
        where
            ps1_0.expiry_time<?
2026-06-20 16:55:51 [scheduling-1] INFO  c.p.b.m.aspect.LoggingAspect - [2e0d7a88-ceae-4f71-a4b4-620c88d407b5] <-- PendingSignupCleanupService.deleteExpiredPendingSignups() | timeMs=0
2026-06-20 16:56:51 [scheduling-1] INFO  c.p.b.m.aspect.LoggingAspect - [225116a6-3dc1-4e41-8dc4-1e84d86c462b] --> PendingSignupCleanupService.deleteExpiredPendingSignups()
2026-06-20 16:56:51 [scheduling-1] DEBUG org.hibernate.SQL - 
    /* SELECT
        p 
    FROM
        PendingSignup p 
    WHERE
        p.expiryTime < :time */ select
            ps1_0.id,
            ps1_0.email,
            ps1_0.expiry_time,
            ps1_0.otp,
            ps1_0.password,
            ps1_0.username 
        from
            pending_signup ps1_0 
        where
            ps1_0.expiry_time<?
2026-06-20 16:56:51 [scheduling-1] INFO  c.p.b.m.aspect.LoggingAspect - [225116a6-3dc1-4e41-8dc4-1e84d86c462b] <-- PendingSignupCleanupService.deleteExpiredPendingSignups() | timeMs=0
2026-06-20 16:57:51 [scheduling-1] INFO  c.p.b.m.aspect.LoggingAspect - [729b0d1e-5e48-4438-ad51-f83b0f1f3617] --> PendingSignupCleanupService.deleteExpiredPendingSignups()
2026-06-20 16:57:51 [scheduling-1] DEBUG org.hibernate.SQL - 
    /* SELECT
        p 
    FROM
        PendingSignup p 
    WHERE
        p.expiryTime < :time */ select
            ps1_0.id,
            ps1_0.email,
            ps1_0.expiry_time,
            ps1_0.otp,
            ps1_0.password,
            ps1_0.username 
        from
            pending_signup ps1_0 
        where
            ps1_0.expiry_time<?
2026-06-20 16:57:51 [scheduling-1] INFO  c.p.b.m.aspect.LoggingAspect - [729b0d1e-5e48-4438-ad51-f83b0f1f3617] <-- PendingSignupCleanupService.deleteExpiredPendingSignups() | timeMs=0
2026-06-20 16:58:51 [scheduling-1] INFO  c.p.b.m.aspect.LoggingAspect - [b78bffbc-ce94-42b3-8801-f54675ece33c] --> PendingSignupCleanupService.deleteExpiredPendingSignups()
2026-06-20 16:58:51 [scheduling-1] DEBUG org.hibernate.SQL - 
    /* SELECT
        p 
    FROM
        PendingSignup p 
    WHERE
        p.expiryTime < :time */ select
            ps1_0.id,
            ps1_0.email,
            ps1_0.expiry_time,
            ps1_0.otp,
            ps1_0.password,
            ps1_0.username 
        from
            pending_signup ps1_0 
        where
            ps1_0.expiry_time<?
2026-06-20 16:58:51 [scheduling-1] INFO  c.p.b.m.aspect.LoggingAspect - [b78bffbc-ce94-42b3-8801-f54675ece33c] <-- PendingSignupCleanupService.deleteExpiredPendingSignups() | timeMs=0
2026-06-20 16:59:51 [scheduling-1] INFO  c.p.b.m.aspect.LoggingAspect - [b99e47d3-6bcb-4f01-82bc-ea4974981c29] --> PendingSignupCleanupService.deleteExpiredPendingSignups()
2026-06-20 16:59:51 [scheduling-1] DEBUG org.hibernate.SQL - 
    /* SELECT
        p 
    FROM
        PendingSignup p 
    WHERE
        p.expiryTime < :time */ select
            ps1_0.id,
            ps1_0.email,
            ps1_0.expiry_time,
            ps1_0.otp,
            ps1_0.password,
            ps1_0.username 
        from
            pending_signup ps1_0 
        where
            ps1_0.expiry_time<?
2026-06-20 16:59:51 [scheduling-1] INFO  c.p.b.m.aspect.LoggingAspect - [b99e47d3-6bcb-4f01-82bc-ea4974981c29] <-- PendingSignupCleanupService.deleteExpiredPendingSignups() | timeMs=0
2026-06-20 17:00:51 [scheduling-1] INFO  c.p.b.m.aspect.LoggingAspect - [a324df75-7632-4bd5-a3d7-b66fa749d21c] --> PendingSignupCleanupService.deleteExpiredPendingSignups()
2026-06-20 17:00:51 [scheduling-1] DEBUG org.hibernate.SQL - 
    /* SELECT
        p 
    FROM
        PendingSignup p 
    WHERE
        p.expiryTime < :time */ select
            ps1_0.id,
            ps1_0.email,
            ps1_0.expiry_time,
            ps1_0.otp,
            ps1_0.password,
            ps1_0.username 
        from
            pending_signup ps1_0 
        where
            ps1_0.expiry_time<?
2026-06-20 17:00:51 [scheduling-1] INFO  c.p.b.m.aspect.LoggingAspect - [a324df75-7632-4bd5-a3d7-b66fa749d21c] <-- PendingSignupCleanupService.deleteExpiredPendingSignups() | timeMs=0
2026-06-20 17:01:51 [scheduling-1] INFO  c.p.b.m.aspect.LoggingAspect - [737e7bde-25e9-452c-9268-6ad24952d045] --> PendingSignupCleanupService.deleteExpiredPendingSignups()
2026-06-20 17:01:51 [scheduling-1] DEBUG org.hibernate.SQL - 
    /* SELECT
        p 
    FROM
        PendingSignup p 
    WHERE
        p.expiryTime < :time */ select
            ps1_0.id,
            ps1_0.email,
            ps1_0.expiry_time,
            ps1_0.otp,
            ps1_0.password,
            ps1_0.username 
        from
            pending_signup ps1_0 
        where
            ps1_0.expiry_time<?
2026-06-20 17:01:51 [scheduling-1] INFO  c.p.b.m.aspect.LoggingAspect - [737e7bde-25e9-452c-9268-6ad24952d045] <-- PendingSignupCleanupService.deleteExpiredPendingSignups() | timeMs=0
2026-06-20 17:02:51 [scheduling-1] INFO  c.p.b.m.aspect.LoggingAspect - [510781e5-8117-4d71-b790-c4b822b9fc5e] --> PendingSignupCleanupService.deleteExpiredPendingSignups()
2026-06-20 17:02:51 [scheduling-1] DEBUG org.hibernate.SQL - 
    /* SELECT
        p 
    FROM
        PendingSignup p 
    WHERE
        p.expiryTime < :time */ select
            ps1_0.id,
            ps1_0.email,
            ps1_0.expiry_time,
            ps1_0.otp,
            ps1_0.password,
            ps1_0.username 
        from
            pending_signup ps1_0 
        where
            ps1_0.expiry_time<?
2026-06-20 17:02:51 [scheduling-1] INFO  c.p.b.m.aspect.LoggingAspect - [510781e5-8117-4d71-b790-c4b822b9fc5e] <-- PendingSignupCleanupService.deleteExpiredPendingSignups() | timeMs=0
2026-06-20 17:03:51 [scheduling-1] INFO  c.p.b.m.aspect.LoggingAspect - [a5a5613f-db6b-4d20-9b49-5714d7d7d4c9] --> PendingSignupCleanupService.deleteExpiredPendingSignups()
2026-06-20 17:03:51 [scheduling-1] DEBUG org.hibernate.SQL - 
    /* SELECT
        p 
    FROM
        PendingSignup p 
    WHERE
        p.expiryTime < :time */ select
            ps1_0.id,
            ps1_0.email,
            ps1_0.expiry_time,
            ps1_0.otp,
            ps1_0.password,
            ps1_0.username 
        from
            pending_signup ps1_0 
        where
            ps1_0.expiry_time<?
2026-06-20 17:03:51 [scheduling-1] INFO  c.p.b.m.aspect.LoggingAspect - [a5a5613f-db6b-4d20-9b49-5714d7d7d4c9] <-- PendingSignupCleanupService.deleteExpiredPendingSignups() | timeMs=0
2026-06-20 17:04:51 [scheduling-1] INFO  c.p.b.m.aspect.LoggingAspect - [5e3db621-869c-486b-8181-029ef2ba0bb5] --> PendingSignupCleanupService.deleteExpiredPendingSignups()
2026-06-20 17:04:51 [scheduling-1] DEBUG org.hibernate.SQL - 
    /* SELECT
        p 
    FROM
        PendingSignup p 
    WHERE
        p.expiryTime < :time */ select
            ps1_0.id,
            ps1_0.email,
            ps1_0.expiry_time,
            ps1_0.otp,
            ps1_0.password,
            ps1_0.username 
        from
            pending_signup ps1_0 
        where
            ps1_0.expiry_time<?
2026-06-20 17:04:51 [scheduling-1] INFO  c.p.b.m.aspect.LoggingAspect - [5e3db621-869c-486b-8181-029ef2ba0bb5] <-- PendingSignupCleanupService.deleteExpiredPendingSignups() | timeMs=1
2026-06-20 17:05:51 [scheduling-1] INFO  c.p.b.m.aspect.LoggingAspect - [55d4deaf-b77d-4c2a-8cf0-2a960e730c65] --> PendingSignupCleanupService.deleteExpiredPendingSignups()
2026-06-20 17:05:51 [scheduling-1] DEBUG org.hibernate.SQL - 
    /* SELECT
        p 
    FROM
        PendingSignup p 
    WHERE
        p.expiryTime < :time */ select
            ps1_0.id,
            ps1_0.email,
            ps1_0.expiry_time,
            ps1_0.otp,
            ps1_0.password,
            ps1_0.username 
        from
            pending_signup ps1_0 
        where
            ps1_0.expiry_time<?
2026-06-20 17:05:51 [scheduling-1] INFO  c.p.b.m.aspect.LoggingAspect - [55d4deaf-b77d-4c2a-8cf0-2a960e730c65] <-- PendingSignupCleanupService.deleteExpiredPendingSignups() | timeMs=0
2026-06-20 17:06:51 [scheduling-1] INFO  c.p.b.m.aspect.LoggingAspect - [1794a3d0-7a0a-4b03-92d0-a5292f86f1d4] --> PendingSignupCleanupService.deleteExpiredPendingSignups()
2026-06-20 17:06:51 [scheduling-1] DEBUG org.hibernate.SQL - 
    /* SELECT
        p 
    FROM
        PendingSignup p 
    WHERE
        p.expiryTime < :time */ select
            ps1_0.id,
            ps1_0.email,
            ps1_0.expiry_time,
            ps1_0.otp,
            ps1_0.password,
            ps1_0.username 
        from
            pending_signup ps1_0 
        where
            ps1_0.expiry_time<?
2026-06-20 17:06:51 [scheduling-1] INFO  c.p.b.m.aspect.LoggingAspect - [1794a3d0-7a0a-4b03-92d0-a5292f86f1d4] <-- PendingSignupCleanupService.deleteExpiredPendingSignups() | timeMs=1
2026-06-20 17:07:51 [scheduling-1] INFO  c.p.b.m.aspect.LoggingAspect - [155e0b1b-565c-450c-a70b-c877e81cb7f4] --> PendingSignupCleanupService.deleteExpiredPendingSignups()
2026-06-20 17:07:51 [scheduling-1] DEBUG org.hibernate.SQL - 
    /* SELECT
        p 
    FROM
        PendingSignup p 
    WHERE
        p.expiryTime < :time */ select
            ps1_0.id,
            ps1_0.email,
            ps1_0.expiry_time,
            ps1_0.otp,
            ps1_0.password,
            ps1_0.username 
        from
            pending_signup ps1_0 
        where
            ps1_0.expiry_time<?
2026-06-20 17:07:51 [scheduling-1] INFO  c.p.b.m.aspect.LoggingAspect - [155e0b1b-565c-450c-a70b-c877e81cb7f4] <-- PendingSignupCleanupService.deleteExpiredPendingSignups() | timeMs=0
2026-06-20 17:08:51 [scheduling-1] INFO  c.p.b.m.aspect.LoggingAspect - [40132adb-c619-4464-9b4f-900d99b8b762] --> PendingSignupCleanupService.deleteExpiredPendingSignups()
2026-06-20 17:08:51 [scheduling-1] DEBUG org.hibernate.SQL - 
    /* SELECT
        p 
    FROM
        PendingSignup p 
    WHERE
        p.expiryTime < :time */ select
            ps1_0.id,
            ps1_0.email,
            ps1_0.expiry_time,
            ps1_0.otp,
            ps1_0.password,
            ps1_0.username 
        from
            pending_signup ps1_0 
        where
            ps1_0.expiry_time<?
2026-06-20 17:08:51 [scheduling-1] INFO  c.p.b.m.aspect.LoggingAspect - [40132adb-c619-4464-9b4f-900d99b8b762] <-- PendingSignupCleanupService.deleteExpiredPendingSignups() | timeMs=0
2026-06-20 17:09:51 [scheduling-1] INFO  c.p.b.m.aspect.LoggingAspect - [a847c746-48bf-49e3-b0cf-b54dc7b32fa2] --> PendingSignupCleanupService.deleteExpiredPendingSignups()
2026-06-20 17:09:51 [scheduling-1] DEBUG org.hibernate.SQL - 
    /* SELECT
        p 
    FROM
        PendingSignup p 
    WHERE
        p.expiryTime < :time */ select
            ps1_0.id,
            ps1_0.email,
            ps1_0.expiry_time,
            ps1_0.otp,
            ps1_0.password,
            ps1_0.username 
        from
            pending_signup ps1_0 
        where
            ps1_0.expiry_time<?
2026-06-20 17:09:51 [scheduling-1] INFO  c.p.b.m.aspect.LoggingAspect - [a847c746-48bf-49e3-b0cf-b54dc7b32fa2] <-- PendingSignupCleanupService.deleteExpiredPendingSignups() | timeMs=1
2026-06-20 17:10:51 [scheduling-1] INFO  c.p.b.m.aspect.LoggingAspect - [f479ba17-f1a3-4e45-8038-be1038380dfc] --> PendingSignupCleanupService.deleteExpiredPendingSignups()
2026-06-20 17:10:51 [scheduling-1] DEBUG org.hibernate.SQL - 
    /* SELECT
        p 
    FROM
        PendingSignup p 
    WHERE
        p.expiryTime < :time */ select
            ps1_0.id,
            ps1_0.email,
            ps1_0.expiry_time,
            ps1_0.otp,
            ps1_0.password,
            ps1_0.username 
        from
            pending_signup ps1_0 
        where
            ps1_0.expiry_time<?
2026-06-20 17:10:51 [scheduling-1] INFO  c.p.b.m.aspect.LoggingAspect - [f479ba17-f1a3-4e45-8038-be1038380dfc] <-- PendingSignupCleanupService.deleteExpiredPendingSignups() | timeMs=0
2026-06-20 17:11:51 [scheduling-1] INFO  c.p.b.m.aspect.LoggingAspect - [2f608387-974e-4eee-8a04-fe46bf46ecb9] --> PendingSignupCleanupService.deleteExpiredPendingSignups()
2026-06-20 17:11:51 [scheduling-1] DEBUG org.hibernate.SQL - 
    /* SELECT
        p 
    FROM
        PendingSignup p 
    WHERE
        p.expiryTime < :time */ select
            ps1_0.id,
            ps1_0.email,
            ps1_0.expiry_time,
            ps1_0.otp,
            ps1_0.password,
            ps1_0.username 
        from
            pending_signup ps1_0 
        where
            ps1_0.expiry_time<?
2026-06-20 17:11:51 [scheduling-1] INFO  c.p.b.m.aspect.LoggingAspect - [2f608387-974e-4eee-8a04-fe46bf46ecb9] <-- PendingSignupCleanupService.deleteExpiredPendingSignups() | timeMs=0
2026-06-20 17:12:51 [scheduling-1] INFO  c.p.b.m.aspect.LoggingAspect - [e830a5b6-9812-4df7-881f-0f07452d5479] --> PendingSignupCleanupService.deleteExpiredPendingSignups()
2026-06-20 17:12:51 [scheduling-1] DEBUG org.hibernate.SQL - 
    /* SELECT
        p 
    FROM
        PendingSignup p 
    WHERE
        p.expiryTime < :time */ select
            ps1_0.id,
            ps1_0.email,
            ps1_0.expiry_time,
            ps1_0.otp,
            ps1_0.password,
            ps1_0.username 
        from
            pending_signup ps1_0 
        where
            ps1_0.expiry_time<?
2026-06-20 17:12:51 [scheduling-1] INFO  c.p.b.m.aspect.LoggingAspect - [e830a5b6-9812-4df7-881f-0f07452d5479] <-- PendingSignupCleanupService.deleteExpiredPendingSignups() | timeMs=0
2026-06-20 17:13:51 [scheduling-1] INFO  c.p.b.m.aspect.LoggingAspect - [9c05e617-ea9f-4f31-b243-e4d1a3bb8148] --> PendingSignupCleanupService.deleteExpiredPendingSignups()
2026-06-20 17:13:51 [scheduling-1] DEBUG org.hibernate.SQL - 
    /* SELECT
        p 
    FROM
        PendingSignup p 
    WHERE
        p.expiryTime < :time */ select
            ps1_0.id,
            ps1_0.email,
            ps1_0.expiry_time,
            ps1_0.otp,
            ps1_0.password,
            ps1_0.username 
        from
            pending_signup ps1_0 
        where
            ps1_0.expiry_time<?
2026-06-20 17:13:51 [scheduling-1] INFO  c.p.b.m.aspect.LoggingAspect - [9c05e617-ea9f-4f31-b243-e4d1a3bb8148] <-- PendingSignupCleanupService.deleteExpiredPendingSignups() | timeMs=1
2026-06-20 17:14:51 [scheduling-1] INFO  c.p.b.m.aspect.LoggingAspect - [0bcf4641-a107-4636-b0d4-9c6bf03d088f] --> PendingSignupCleanupService.deleteExpiredPendingSignups()
2026-06-20 17:14:51 [scheduling-1] DEBUG org.hibernate.SQL - 
    /* SELECT
        p 
    FROM
        PendingSignup p 
    WHERE
        p.expiryTime < :time */ select
            ps1_0.id,
            ps1_0.email,
            ps1_0.expiry_time,
            ps1_0.otp,
            ps1_0.password,
            ps1_0.username 
        from
            pending_signup ps1_0 
        where
            ps1_0.expiry_time<?
2026-06-20 17:14:51 [scheduling-1] INFO  c.p.b.m.aspect.LoggingAspect - [0bcf4641-a107-4636-b0d4-9c6bf03d088f] <-- PendingSignupCleanupService.deleteExpiredPendingSignups() | timeMs=0
2026-06-20 17:15:51 [scheduling-1] INFO  c.p.b.m.aspect.LoggingAspect - [ad0bcb4c-113b-44de-a5b1-9fceeabc993e] --> PendingSignupCleanupService.deleteExpiredPendingSignups()
2026-06-20 17:15:51 [scheduling-1] DEBUG org.hibernate.SQL - 
    /* SELECT
        p 
    FROM
        PendingSignup p 
    WHERE
        p.expiryTime < :time */ select
            ps1_0.id,
            ps1_0.email,
            ps1_0.expiry_time,
            ps1_0.otp,
            ps1_0.password,
            ps1_0.username 
        from
            pending_signup ps1_0 
        where
            ps1_0.expiry_time<?
2026-06-20 17:15:51 [scheduling-1] INFO  c.p.b.m.aspect.LoggingAspect - [ad0bcb4c-113b-44de-a5b1-9fceeabc993e] <-- PendingSignupCleanupService.deleteExpiredPendingSignups() | timeMs=0
2026-06-20 17:16:51 [scheduling-1] INFO  c.p.b.m.aspect.LoggingAspect - [08670956-6573-4e17-92ca-145b871c2459] --> PendingSignupCleanupService.deleteExpiredPendingSignups()
2026-06-20 17:16:51 [scheduling-1] DEBUG org.hibernate.SQL - 
    /* SELECT
        p 
    FROM
        PendingSignup p 
    WHERE
        p.expiryTime < :time */ select
            ps1_0.id,
            ps1_0.email,
            ps1_0.expiry_time,
            ps1_0.otp,
            ps1_0.password,
            ps1_0.username 
        from
            pending_signup ps1_0 
        where
            ps1_0.expiry_time<?
2026-06-20 17:16:51 [scheduling-1] INFO  c.p.b.m.aspect.LoggingAspect - [08670956-6573-4e17-92ca-145b871c2459] <-- PendingSignupCleanupService.deleteExpiredPendingSignups() | timeMs=0
2026-06-20 17:17:51 [scheduling-1] INFO  c.p.b.m.aspect.LoggingAspect - [ffec2cd1-b399-44fb-ba3d-663e9adeaed8] --> PendingSignupCleanupService.deleteExpiredPendingSignups()
2026-06-20 17:17:51 [scheduling-1] DEBUG org.hibernate.SQL - 
    /* SELECT
        p 
    FROM
        PendingSignup p 
    WHERE
        p.expiryTime < :time */ select
            ps1_0.id,
            ps1_0.email,
            ps1_0.expiry_time,
            ps1_0.otp,
            ps1_0.password,
            ps1_0.username 
        from
            pending_signup ps1_0 
        where
            ps1_0.expiry_time<?
2026-06-20 17:17:51 [scheduling-1] INFO  c.p.b.m.aspect.LoggingAspect - [ffec2cd1-b399-44fb-ba3d-663e9adeaed8] <-- PendingSignupCleanupService.deleteExpiredPendingSignups() | timeMs=0
2026-06-20 17:18:51 [scheduling-1] INFO  c.p.b.m.aspect.LoggingAspect - [06a602e3-7964-4cc9-87ca-bde8b8c189a2] --> PendingSignupCleanupService.deleteExpiredPendingSignups()
2026-06-20 17:18:51 [scheduling-1] DEBUG org.hibernate.SQL - 
    /* SELECT
        p 
    FROM
        PendingSignup p 
    WHERE
        p.expiryTime < :time */ select
            ps1_0.id,
            ps1_0.email,
            ps1_0.expiry_time,
            ps1_0.otp,
            ps1_0.password,
            ps1_0.username 
        from
            pending_signup ps1_0 
        where
            ps1_0.expiry_time<?
2026-06-20 17:18:51 [scheduling-1] INFO  c.p.b.m.aspect.LoggingAspect - [06a602e3-7964-4cc9-87ca-bde8b8c189a2] <-- PendingSignupCleanupService.deleteExpiredPendingSignups() | timeMs=0
2026-06-20 17:19:51 [scheduling-1] INFO  c.p.b.m.aspect.LoggingAspect - [7c6bfbd6-768a-4608-97e8-afe217bdb192] --> PendingSignupCleanupService.deleteExpiredPendingSignups()
2026-06-20 17:19:51 [scheduling-1] DEBUG org.hibernate.SQL - 
    /* SELECT
        p 
    FROM
        PendingSignup p 
    WHERE
        p.expiryTime < :time */ select
            ps1_0.id,
            ps1_0.email,
            ps1_0.expiry_time,
            ps1_0.otp,
            ps1_0.password,
            ps1_0.username 
        from
            pending_signup ps1_0 
        where
            ps1_0.expiry_time<?
2026-06-20 17:19:51 [scheduling-1] INFO  c.p.b.m.aspect.LoggingAspect - [7c6bfbd6-768a-4608-97e8-afe217bdb192] <-- PendingSignupCleanupService.deleteExpiredPendingSignups() | timeMs=0
2026-06-20 17:20:51 [scheduling-1] INFO  c.p.b.m.aspect.LoggingAspect - [6c383715-76e4-4c42-8e4b-59e67fcdf452] --> PendingSignupCleanupService.deleteExpiredPendingSignups()
2026-06-20 17:20:51 [scheduling-1] DEBUG org.hibernate.SQL - 
    /* SELECT
        p 
    FROM
        PendingSignup p 
    WHERE
        p.expiryTime < :time */ select
            ps1_0.id,
            ps1_0.email,
            ps1_0.expiry_time,
            ps1_0.otp,
            ps1_0.password,
            ps1_0.username 
        from
            pending_signup ps1_0 
        where
            ps1_0.expiry_time<?
2026-06-20 17:20:51 [scheduling-1] INFO  c.p.b.m.aspect.LoggingAspect - [6c383715-76e4-4c42-8e4b-59e67fcdf452] <-- PendingSignupCleanupService.deleteExpiredPendingSignups() | timeMs=0
2026-06-20 17:21:51 [scheduling-1] INFO  c.p.b.m.aspect.LoggingAspect - [ffd3c83c-6e75-4789-b68a-575496362490] --> PendingSignupCleanupService.deleteExpiredPendingSignups()
2026-06-20 17:21:51 [scheduling-1] DEBUG org.hibernate.SQL - 
    /* SELECT
        p 
    FROM
        PendingSignup p 
    WHERE
        p.expiryTime < :time */ select
            ps1_0.id,
            ps1_0.email,
            ps1_0.expiry_time,
            ps1_0.otp,
            ps1_0.password,
            ps1_0.username 
        from
            pending_signup ps1_0 
        where
            ps1_0.expiry_time<?
2026-06-20 17:21:51 [scheduling-1] INFO  c.p.b.m.aspect.LoggingAspect - [ffd3c83c-6e75-4789-b68a-575496362490] <-- PendingSignupCleanupService.deleteExpiredPendingSignups() | timeMs=0
2026-06-20 17:22:51 [scheduling-1] INFO  c.p.b.m.aspect.LoggingAspect - [2198bb92-beca-4f4b-a086-28d9e8e22808] --> PendingSignupCleanupService.deleteExpiredPendingSignups()
2026-06-20 17:22:51 [scheduling-1] DEBUG org.hibernate.SQL - 
    /* SELECT
        p 
    FROM
        PendingSignup p 
    WHERE
        p.expiryTime < :time */ select
            ps1_0.id,
            ps1_0.email,
            ps1_0.expiry_time,
            ps1_0.otp,
            ps1_0.password,
            ps1_0.username 
        from
            pending_signup ps1_0 
        where
            ps1_0.expiry_time<?
2026-06-20 17:22:51 [scheduling-1] INFO  c.p.b.m.aspect.LoggingAspect - [2198bb92-beca-4f4b-a086-28d9e8e22808] <-- PendingSignupCleanupService.deleteExpiredPendingSignups() | timeMs=0
2026-06-20 17:23:51 [scheduling-1] INFO  c.p.b.m.aspect.LoggingAspect - [dde4341b-cd9a-4790-ba3e-ed8693ea81e0] --> PendingSignupCleanupService.deleteExpiredPendingSignups()
2026-06-20 17:23:51 [scheduling-1] DEBUG org.hibernate.SQL - 
    /* SELECT
        p 
    FROM
        PendingSignup p 
    WHERE
        p.expiryTime < :time */ select
            ps1_0.id,
            ps1_0.email,
            ps1_0.expiry_time,
            ps1_0.otp,
            ps1_0.password,
            ps1_0.username 
        from
            pending_signup ps1_0 
        where
            ps1_0.expiry_time<?
2026-06-20 17:23:51 [scheduling-1] INFO  c.p.b.m.aspect.LoggingAspect - [dde4341b-cd9a-4790-ba3e-ed8693ea81e0] <-- PendingSignupCleanupService.deleteExpiredPendingSignups() | timeMs=0
2026-06-20 17:24:51 [scheduling-1] INFO  c.p.b.m.aspect.LoggingAspect - [4849bd67-0be8-49b7-b0c7-4ea76af5183c] --> PendingSignupCleanupService.deleteExpiredPendingSignups()
2026-06-20 17:24:51 [scheduling-1] DEBUG org.hibernate.SQL - 
    /* SELECT
        p 
    FROM
        PendingSignup p 
    WHERE
        p.expiryTime < :time */ select
            ps1_0.id,
            ps1_0.email,
            ps1_0.expiry_time,
            ps1_0.otp,
            ps1_0.password,
            ps1_0.username 
        from
            pending_signup ps1_0 
        where
            ps1_0.expiry_time<?
2026-06-20 17:24:51 [scheduling-1] INFO  c.p.b.m.aspect.LoggingAspect - [4849bd67-0be8-49b7-b0c7-4ea76af5183c] <-- PendingSignupCleanupService.deleteExpiredPendingSignups() | timeMs=0
2026-06-20 17:25:51 [scheduling-1] INFO  c.p.b.m.aspect.LoggingAspect - [e6718e54-ee9e-4cfd-b63f-74d771bcbb23] --> PendingSignupCleanupService.deleteExpiredPendingSignups()
2026-06-20 17:25:51 [scheduling-1] DEBUG org.hibernate.SQL - 
    /* SELECT
        p 
    FROM
        PendingSignup p 
    WHERE
        p.expiryTime < :time */ select
            ps1_0.id,
            ps1_0.email,
            ps1_0.expiry_time,
            ps1_0.otp,
            ps1_0.password,
            ps1_0.username 
        from
            pending_signup ps1_0 
        where
            ps1_0.expiry_time<?
2026-06-20 17:25:51 [scheduling-1] INFO  c.p.b.m.aspect.LoggingAspect - [e6718e54-ee9e-4cfd-b63f-74d771bcbb23] <-- PendingSignupCleanupService.deleteExpiredPendingSignups() | timeMs=0
2026-06-20 17:26:51 [scheduling-1] INFO  c.p.b.m.aspect.LoggingAspect - [c9b3ba4f-860e-478f-b47d-f951a4c91d64] --> PendingSignupCleanupService.deleteExpiredPendingSignups()
2026-06-20 17:26:51 [scheduling-1] DEBUG org.hibernate.SQL - 
    /* SELECT
        p 
    FROM
        PendingSignup p 
    WHERE
        p.expiryTime < :time */ select
            ps1_0.id,
            ps1_0.email,
            ps1_0.expiry_time,
            ps1_0.otp,
            ps1_0.password,
            ps1_0.username 
        from
            pending_signup ps1_0 
        where
            ps1_0.expiry_time<?
2026-06-20 17:26:51 [scheduling-1] INFO  c.p.b.m.aspect.LoggingAspect - [c9b3ba4f-860e-478f-b47d-f951a4c91d64] <-- PendingSignupCleanupService.deleteExpiredPendingSignups() | timeMs=1
2026-06-20 17:27:51 [scheduling-1] INFO  c.p.b.m.aspect.LoggingAspect - [62ec7d3c-f034-491c-83d5-6d7d8bd8c468] --> PendingSignupCleanupService.deleteExpiredPendingSignups()
2026-06-20 17:27:51 [scheduling-1] DEBUG org.hibernate.SQL - 
    /* SELECT
        p 
    FROM
        PendingSignup p 
    WHERE
        p.expiryTime < :time */ select
            ps1_0.id,
            ps1_0.email,
            ps1_0.expiry_time,
            ps1_0.otp,
            ps1_0.password,
            ps1_0.username 
        from
            pending_signup ps1_0 
        where
            ps1_0.expiry_time<?
2026-06-20 17:27:51 [scheduling-1] INFO  c.p.b.m.aspect.LoggingAspect - [62ec7d3c-f034-491c-83d5-6d7d8bd8c468] <-- PendingSignupCleanupService.deleteExpiredPendingSignups() | timeMs=0
2026-06-20 17:28:51 [scheduling-1] INFO  c.p.b.m.aspect.LoggingAspect - [97e8a3a9-7604-4343-aeff-d9a513d3a748] --> PendingSignupCleanupService.deleteExpiredPendingSignups()
2026-06-20 17:28:51 [scheduling-1] DEBUG org.hibernate.SQL - 
    /* SELECT
        p 
    FROM
        PendingSignup p 
    WHERE
        p.expiryTime < :time */ select
            ps1_0.id,
            ps1_0.email,
            ps1_0.expiry_time,
            ps1_0.otp,
            ps1_0.password,
            ps1_0.username 
        from
            pending_signup ps1_0 
        where
            ps1_0.expiry_time<?
2026-06-20 17:28:51 [scheduling-1] INFO  c.p.b.m.aspect.LoggingAspect - [97e8a3a9-7604-4343-aeff-d9a513d3a748] <-- PendingSignupCleanupService.deleteExpiredPendingSignups() | timeMs=0
2026-06-20 17:29:51 [scheduling-1] INFO  c.p.b.m.aspect.LoggingAspect - [822d253e-a86d-4c27-b0a7-b6e4681537b7] --> PendingSignupCleanupService.deleteExpiredPendingSignups()
2026-06-20 17:29:51 [scheduling-1] DEBUG org.hibernate.SQL - 
    /* SELECT
        p 
    FROM
        PendingSignup p 
    WHERE
        p.expiryTime < :time */ select
            ps1_0.id,
            ps1_0.email,
            ps1_0.expiry_time,
            ps1_0.otp,
            ps1_0.password,
            ps1_0.username 
        from
            pending_signup ps1_0 
        where
            ps1_0.expiry_time<?
2026-06-20 17:29:51 [scheduling-1] INFO  c.p.b.m.aspect.LoggingAspect - [822d253e-a86d-4c27-b0a7-b6e4681537b7] <-- PendingSignupCleanupService.deleteExpiredPendingSignups() | timeMs=0
2026-06-20 17:30:51 [scheduling-1] INFO  c.p.b.m.aspect.LoggingAspect - [5996696f-48e3-4ad8-8216-c3ef82cf3c1f] --> PendingSignupCleanupService.deleteExpiredPendingSignups()
2026-06-20 17:30:51 [scheduling-1] DEBUG org.hibernate.SQL - 
    /* SELECT
        p 
    FROM
        PendingSignup p 
    WHERE
        p.expiryTime < :time */ select
            ps1_0.id,
            ps1_0.email,
            ps1_0.expiry_time,
            ps1_0.otp,
            ps1_0.password,
            ps1_0.username 
        from
            pending_signup ps1_0 
        where
            ps1_0.expiry_time<?
2026-06-20 17:30:51 [scheduling-1] INFO  c.p.b.m.aspect.LoggingAspect - [5996696f-48e3-4ad8-8216-c3ef82cf3c1f] <-- PendingSignupCleanupService.deleteExpiredPendingSignups() | timeMs=1
2026-06-20 17:31:51 [scheduling-1] INFO  c.p.b.m.aspect.LoggingAspect - [736b8487-c79e-4ee5-9f48-c031ebe289ee] --> PendingSignupCleanupService.deleteExpiredPendingSignups()
2026-06-20 17:31:51 [scheduling-1] DEBUG org.hibernate.SQL - 
    /* SELECT
        p 
    FROM
        PendingSignup p 
    WHERE
        p.expiryTime < :time */ select
            ps1_0.id,
            ps1_0.email,
            ps1_0.expiry_time,
            ps1_0.otp,
            ps1_0.password,
            ps1_0.username 
        from
            pending_signup ps1_0 
        where
            ps1_0.expiry_time<?
2026-06-20 17:31:51 [scheduling-1] INFO  c.p.b.m.aspect.LoggingAspect - [736b8487-c79e-4ee5-9f48-c031ebe289ee] <-- PendingSignupCleanupService.deleteExpiredPendingSignups() | timeMs=0
2026-06-20 17:32:51 [scheduling-1] INFO  c.p.b.m.aspect.LoggingAspect - [3dc68f30-dec6-4824-a277-a59bc3a6317e] --> PendingSignupCleanupService.deleteExpiredPendingSignups()
2026-06-20 17:32:51 [scheduling-1] DEBUG org.hibernate.SQL - 
    /* SELECT
        p 
    FROM
        PendingSignup p 
    WHERE
        p.expiryTime < :time */ select
            ps1_0.id,
            ps1_0.email,
            ps1_0.expiry_time,
            ps1_0.otp,
            ps1_0.password,
            ps1_0.username 
        from
            pending_signup ps1_0 
        where
            ps1_0.expiry_time<?
2026-06-20 17:32:51 [scheduling-1] INFO  c.p.b.m.aspect.LoggingAspect - [3dc68f30-dec6-4824-a277-a59bc3a6317e] <-- PendingSignupCleanupService.deleteExpiredPendingSignups() | timeMs=0
2026-06-20 17:33:51 [scheduling-1] INFO  c.p.b.m.aspect.LoggingAspect - [257be0e6-0a35-4fdb-84c5-f6fc96741e93] --> PendingSignupCleanupService.deleteExpiredPendingSignups()
2026-06-20 17:33:51 [scheduling-1] DEBUG org.hibernate.SQL - 
    /* SELECT
        p 
    FROM
        PendingSignup p 
    WHERE
        p.expiryTime < :time */ select
            ps1_0.id,
            ps1_0.email,
            ps1_0.expiry_time,
            ps1_0.otp,
            ps1_0.password,
            ps1_0.username 
        from
            pending_signup ps1_0 
        where
            ps1_0.expiry_time<?
2026-06-20 17:33:51 [scheduling-1] INFO  c.p.b.m.aspect.LoggingAspect - [257be0e6-0a35-4fdb-84c5-f6fc96741e93] <-- PendingSignupCleanupService.deleteExpiredPendingSignups() | timeMs=1
2026-06-20 17:34:51 [scheduling-1] INFO  c.p.b.m.aspect.LoggingAspect - [15db4c66-2ac5-4b8c-ad52-16e7ae37fa09] --> PendingSignupCleanupService.deleteExpiredPendingSignups()
2026-06-20 17:34:51 [scheduling-1] DEBUG org.hibernate.SQL - 
    /* SELECT
        p 
    FROM
        PendingSignup p 
    WHERE
        p.expiryTime < :time */ select
            ps1_0.id,
            ps1_0.email,
            ps1_0.expiry_time,
            ps1_0.otp,
            ps1_0.password,
            ps1_0.username 
        from
            pending_signup ps1_0 
        where
            ps1_0.expiry_time<?
2026-06-20 17:34:51 [scheduling-1] INFO  c.p.b.m.aspect.LoggingAspect - [15db4c66-2ac5-4b8c-ad52-16e7ae37fa09] <-- PendingSignupCleanupService.deleteExpiredPendingSignups() | timeMs=0
